[2026-04-15 12:25:39] ERROR: SequelizeConnectionError: Unknown database 'gestion_stages_formations'
    at ConnectionManager.connect (C:\Users\Adem\OneDrive\Bureau\PROJETT-main\backend\node_modules\sequelize\src\dialects\mysql\connection-manager.js:126:17)
    at processTicksAndRejections (node:internal/process/task_queues:95:5)
    at ConnectionManager._connect (C:\Users\Adem\OneDrive\Bureau\PROJETT-main\backend\node_modules\sequelize\src\dialects\abstract\connection-manager.js:332:24)
    at C:\Users\Adem\OneDrive\Bureau\PROJETT-main\backend\node_modules\sequelize\src\dialects\abstract\connection-manager.js:250:32
    at ConnectionManager.getConnection (C:\Users\Adem\OneDrive\Bureau\PROJETT-main\backend\node_modules\sequelize\src\dialects\abstract\connection-manager.js:280:7)
    at C:\Users\Adem\OneDrive\Bureau\PROJETT-main\backend\node_modules\sequelize\src\sequelize.js:638:26
    at Sequelize.authenticate (C:\Users\Adem\OneDrive\Bureau\PROJETT-main\backend\node_modules\sequelize\src\sequelize.js:972:5)
    at connectDB (C:\Users\Adem\OneDrive\Bureau\PROJETT-main\backend\src\config\database.ts:45:5)
    at startServer (C:\Users\Adem\OneDrive\Bureau\PROJETT-main\backend\src\server.ts:126:5)
[2026-04-15 12:26:31] ERROR: SequelizeConnectionError: Unknown database 'gestion_stages_formations'
    at ConnectionManager.connect (C:\Users\Adem\OneDrive\Bureau\PROJETT-main\backend\node_modules\sequelize\src\dialects\mysql\connection-manager.js:126:17)
    at processTicksAndRejections (node:internal/process/task_queues:95:5)
    at ConnectionManager._connect (C:\Users\Adem\OneDrive\Bureau\PROJETT-main\backend\node_modules\sequelize\src\dialects\abstract\connection-manager.js:332:24)
    at C:\Users\Adem\OneDrive\Bureau\PROJETT-main\backend\node_modules\sequelize\src\dialects\abstract\connection-manager.js:250:32
    at ConnectionManager.getConnection (C:\Users\Adem\OneDrive\Bureau\PROJETT-main\backend\node_modules\sequelize\src\dialects\abstract\connection-manager.js:280:7)
    at C:\Users\Adem\OneDrive\Bureau\PROJETT-main\backend\node_modules\sequelize\src\sequelize.js:638:26
    at Sequelize.authenticate (C:\Users\Adem\OneDrive\Bureau\PROJETT-main\backend\node_modules\sequelize\src\sequelize.js:972:5)
    at connectDB (C:\Users\Adem\OneDrive\Bureau\PROJETT-main\backend\src\config\database.ts:45:5)
    at startServer (C:\Users\Adem\OneDrive\Bureau\PROJETT-main\backend\src\server.ts:126:5)
[2026-04-15 12:27:44] INFO: 📦 Connexion MySQL réussie
[2026-04-15 12:27:46] INFO: ✅ Connexion MySQL établie
[2026-04-15 12:27:46] INFO: 🚀 Serveur CNI démarré sur le port 5000
[2026-04-15 12:27:46] INFO: 📡 Environnement : undefined
[2026-04-15 12:27:46] INFO: 🌐 URL : http://localhost:5000
[2026-04-15 12:27:46] INFO: 📊 API Health : http://localhost:5000/api/health
[2026-04-15 12:32:57] INFO: 📦 Connexion MySQL réussie
[2026-04-15 12:32:59] INFO: ✅ Connexion MySQL établie
[2026-04-15 12:32:59] INFO: 🚀 Serveur CNI démarré sur le port 5000
[2026-04-15 12:32:59] INFO: 📡 Environnement : undefined
[2026-04-15 12:32:59] INFO: 🌐 URL : http://localhost:5000
[2026-04-15 12:32:59] INFO: 📊 API Health : http://localhost:5000/api/health
[2026-04-15 12:33:51] INFO: 📦 Connexion MySQL réussie
[2026-04-15 12:33:52] INFO: ✅ Connexion MySQL établie
[2026-04-15 12:33:52] INFO: 🚀 Serveur CNI démarré sur le port 5000
[2026-04-15 12:33:52] INFO: 📡 Environnement : undefined
[2026-04-15 12:33:52] INFO: 🌐 URL : http://localhost:5000
[2026-04-15 12:33:52] INFO: 📊 API Health : http://localhost:5000/api/health
[2026-04-15 12:34:25] INFO: 📦 Connexion MySQL réussie
[2026-04-15 12:34:27] INFO: ✅ Connexion MySQL établie
[2026-04-15 12:34:27] INFO: 🚀 Serveur CNI démarré sur le port 5000
[2026-04-15 12:34:27] INFO: 📡 Environnement : undefined
[2026-04-15 12:34:27] INFO: 🌐 URL : http://localhost:5000
[2026-04-15 12:34:27] INFO: 📊 API Health : http://localhost:5000/api/health
[2026-04-15 12:39:26] INFO: 📦 Connexion MySQL réussie
[2026-04-15 12:39:27] INFO: ✅ Connexion MySQL établie
[2026-04-15 12:39:27] INFO: 🚀 Serveur CNI démarré sur le port 5000
[2026-04-15 12:39:27] INFO: 📡 Environnement : undefined
[2026-04-15 12:39:27] INFO: 🌐 URL : http://localhost:5000
[2026-04-15 12:39:27] INFO: 📊 API Health : http://localhost:5000/api/health
[2026-04-15 12:39:28] WARN: Tentative de connexion échouée pour : rh@cni.tn
[2026-04-15 12:40:37] WARN: Tentative de connexion échouée pour : rh@cni.tn
[2026-04-15 12:40:45] WARN: Tentative de connexion échouée pour : rh@cni.tn
[2026-04-15 12:40:58] WARN: Tentative de connexion échouée pour : rh@cni.tn
[2026-04-15 12:41:04] WARN: Tentative de connexion échouée pour : rh@cni.tn
[2026-04-15 12:41:31] ERROR: Error: secretOrPrivateKey must have a value
    at Object.module.exports [as sign] (C:\Users\Adem\OneDrive\Bureau\PROJETT-main\backend\node_modules\jsonwebtoken\sign.js:111:20)
    at generateTokens (C:\Users\Adem\OneDrive\Bureau\PROJETT-main\backend\src\config\jwt.ts:29:28)
    at Function.register (C:\Users\Adem\OneDrive\Bureau\PROJETT-main\backend\src\services\auth.service.ts:111:34)
    at processTicksAndRejections (node:internal/process/task_queues:95:5)
    at register (C:\Users\Adem\OneDrive\Bureau\PROJETT-main\backend\src\controllers\auth.controller.ts:25:22)
[2026-04-15 12:43:48] INFO: 📦 Connexion MySQL réussie
[2026-04-15 12:43:49] INFO: ✅ Connexion MySQL établie
[2026-04-15 12:43:49] INFO: 🚀 Serveur CNI démarré sur le port 5000
[2026-04-15 12:43:49] INFO: 📡 Environnement : undefined
[2026-04-15 12:43:49] INFO: 🌐 URL : http://localhost:5000
[2026-04-15 12:43:49] INFO: 📊 API Health : http://localhost:5000/api/health
[2026-04-15 12:44:03] INFO: 📦 Connexion MySQL réussie
[2026-04-15 12:44:04] INFO: ✅ Connexion MySQL établie
[2026-04-15 12:44:04] INFO: 🚀 Serveur CNI démarré sur le port 5000
[2026-04-15 12:44:04] INFO: 📡 Environnement : undefined
[2026-04-15 12:44:04] INFO: 🌐 URL : http://localhost:5000
[2026-04-15 12:44:04] INFO: 📊 API Health : http://localhost:5000/api/health
[2026-04-15 12:44:21] INFO: 📦 Connexion MySQL réussie
[2026-04-15 12:44:23] INFO: ✅ Connexion MySQL établie
[2026-04-15 12:44:23] INFO: 🚀 Serveur CNI démarré sur le port 5000
[2026-04-15 12:44:23] INFO: 📡 Environnement : undefined
[2026-04-15 12:44:23] INFO: 🌐 URL : http://localhost:5000
[2026-04-15 12:44:23] INFO: 📊 API Health : http://localhost:5000/api/health
[2026-04-15 12:44:39] WARN: Tentative de connexion échouée pour : rh@cni.tn
[2026-04-15 12:46:23] WARN: Tentative de connexion échouée pour : rh@cni.tn
[2026-04-15 12:46:38] INFO: 📦 Connexion MySQL réussie
[2026-04-15 12:46:39] INFO: ✅ Connexion MySQL établie
[2026-04-15 12:46:39] INFO: 🚀 Serveur CNI démarré sur le port 5000
[2026-04-15 12:46:39] INFO: 📡 Environnement : undefined
[2026-04-15 12:46:39] INFO: 🌐 URL : http://localhost:5000
[2026-04-15 12:46:39] INFO: 📊 API Health : http://localhost:5000/api/health
[2026-04-15 12:46:47] WARN: Tentative de connexion échouée pour : manager.dev@cni.tn
[2026-04-15 12:48:45] ERROR: Error: secretOrPrivateKey must have a value
    at Object.module.exports [as sign] (C:\Users\Adem\OneDrive\Bureau\PROJETT-main\backend\node_modules\jsonwebtoken\sign.js:111:20)
    at generateTokens (C:\Users\Adem\OneDrive\Bureau\PROJETT-main\backend\src\config\jwt.ts:29:28)
    at Function.register (C:\Users\Adem\OneDrive\Bureau\PROJETT-main\backend\src\services\auth.service.ts:111:34)
    at processTicksAndRejections (node:internal/process/task_queues:95:5)
    at register (C:\Users\Adem\OneDrive\Bureau\PROJETT-main\backend\src\controllers\auth.controller.ts:25:22)
[2026-04-15 12:49:38] WARN: Tentative de connexion échouée pour : manager.dev@cni.tn
[2026-04-15 12:54:00] INFO: 📦 Connexion MySQL réussie
[2026-04-15 12:54:02] INFO: ✅ Connexion MySQL établie
[2026-04-15 12:54:02] INFO: 🚀 Serveur CNI démarré sur le port 5000
[2026-04-15 12:54:02] INFO: 📡 Environnement : undefined
[2026-04-15 12:54:02] INFO: 🌐 URL : http://localhost:5000
[2026-04-15 12:54:02] INFO: 📊 API Health : http://localhost:5000/api/health
[2026-04-15 12:54:10] INFO: 📦 Connexion MySQL réussie
[2026-04-15 12:54:12] INFO: ✅ Connexion MySQL établie
[2026-04-15 12:54:12] INFO: 🚀 Serveur CNI démarré sur le port 5000
[2026-04-15 12:54:12] INFO: 📡 Environnement : undefined
[2026-04-15 12:54:12] INFO: 🌐 URL : http://localhost:5000
[2026-04-15 12:54:12] INFO: 📊 API Health : http://localhost:5000/api/health
[2026-04-15 12:54:15] INFO: 📦 Connexion MySQL réussie
[2026-04-15 12:54:17] INFO: ✅ Connexion MySQL établie
[2026-04-15 12:54:17] INFO: 🚀 Serveur CNI démarré sur le port 5000
[2026-04-15 12:54:17] INFO: 📡 Environnement : undefined
[2026-04-15 12:54:17] INFO: 🌐 URL : http://localhost:5000
[2026-04-15 12:54:17] INFO: 📊 API Health : http://localhost:5000/api/health
[2026-04-15 12:55:08] INFO: 📦 Connexion MySQL réussie
[2026-04-15 12:55:10] INFO: ✅ Connexion MySQL établie
[2026-04-15 12:55:10] INFO: 🚀 Serveur CNI démarré sur le port 5000
[2026-04-15 12:55:10] INFO: 📡 Environnement : undefined
[2026-04-15 12:55:10] INFO: 🌐 URL : http://localhost:5000
[2026-04-15 12:55:10] INFO: 📊 API Health : http://localhost:5000/api/health
[2026-04-15 12:55:30] WARN: Tentative de connexion échouée pour : youssef@cni.tn
[2026-04-15 12:55:32] WARN: Tentative de connexion échouée pour : youssef@cni.tn
[2026-04-15 12:55:39] WARN: Tentative de connexion échouée pour : leila@cni.tn
[2026-04-15 12:55:45] WARN: Tentative de connexion échouée pour : ahmed@cni.tn
[2026-04-15 12:55:53] WARN: Tentative de connexion échouée pour : manager.dev@cni.tn
[2026-04-15 12:55:57] WARN: Tentative de connexion échouée pour : rh@cni.tn
[2026-04-15 12:55:59] WARN: Tentative de connexion échouée pour : rh@cni.tn
[2026-04-15 12:56:00] WARN: Tentative de connexion échouée pour : rh@cni.tn
[2026-04-15 12:56:01] WARN: Tentative de connexion échouée pour : rh@cni.tn
[2026-04-15 12:56:01] WARN: Tentative de connexion échouée pour : rh@cni.tn
[2026-04-15 12:56:01] WARN: Tentative de connexion échouée pour : rh@cni.tn
[2026-04-15 12:56:01] WARN: Tentative de connexion échouée pour : rh@cni.tn
[2026-04-15 12:56:02] WARN: Tentative de connexion échouée pour : rh@cni.tn
[2026-04-15 12:56:02] WARN: Tentative de connexion échouée pour : rh@cni.tn
[2026-04-15 12:56:02] WARN: Tentative de connexion échouée pour : rh@cni.tn
[2026-04-15 12:58:02] INFO: 📦 Connexion MySQL réussie
[2026-04-15 12:58:04] INFO: DB connected
[2026-04-15 12:58:23] WARN: Tentative de connexion échouée pour : rh@cni.tn
[2026-04-15 12:58:24] WARN: Tentative de connexion échouée pour : rh@cni.tn
[2026-04-15 12:58:24] WARN: Tentative de connexion échouée pour : rh@cni.tn
[2026-04-15 12:58:25] WARN: Tentative de connexion échouée pour : rh@cni.tn
[2026-04-15 12:58:25] WARN: Tentative de connexion échouée pour : rh@cni.tn
[2026-04-15 12:58:34] INFO: 📦 Connexion MySQL réussie
[2026-04-15 12:58:35] INFO: DB connected
[2026-04-15 12:58:38] WARN: Tentative de connexion échouée pour : rh@cni.tn
[2026-04-15 12:58:39] WARN: Tentative de connexion échouée pour : rh@cni.tn
[2026-04-15 12:58:40] WARN: Tentative de connexion échouée pour : rh@cni.tn
[2026-04-15 12:59:06] INFO: 📦 Connexion MySQL réussie
[2026-04-15 12:59:08] INFO: ✅ Connexion MySQL établie
[2026-04-15 12:59:08] INFO: 🚀 Serveur CNI démarré sur le port 5000
[2026-04-15 12:59:08] INFO: 📡 Environnement : undefined
[2026-04-15 12:59:08] INFO: 🌐 URL : http://localhost:5000
[2026-04-15 12:59:08] INFO: 📊 API Health : http://localhost:5000/api/health
[2026-04-15 12:59:10] INFO: 📦 Connexion MySQL réussie
[2026-04-15 12:59:12] INFO: ✅ Connexion MySQL établie
[2026-04-15 12:59:12] INFO: 🚀 Serveur CNI démarré sur le port 5000
[2026-04-15 12:59:12] INFO: 📡 Environnement : undefined
[2026-04-15 12:59:12] INFO: 🌐 URL : http://localhost:5000
[2026-04-15 12:59:12] INFO: 📊 API Health : http://localhost:5000/api/health
[2026-04-15 12:59:12] WARN: Tentative de connexion échouée pour : rh@cni.tn
[2026-04-15 12:59:31] WARN: Tentative de connexion échouée pour : rh@cni.tn
[2026-04-15 12:59:32] WARN: Tentative de connexion échouée pour : rh@cni.tn
[2026-04-15 12:59:33] WARN: Tentative de connexion échouée pour : rh@cni.tn
[2026-04-15 12:59:42] WARN: Tentative de connexion échouée pour : rh@cni.tn
[2026-04-15 12:59:55] INFO: 📦 Connexion MySQL réussie
[2026-04-15 12:59:56] INFO: ✅ Connexion MySQL établie
[2026-04-15 12:59:56] INFO: 🚀 Serveur CNI démarré sur le port 5000
[2026-04-15 12:59:56] INFO: 📡 Environnement : undefined
[2026-04-15 12:59:56] INFO: 🌐 URL : http://localhost:5000
[2026-04-15 12:59:56] INFO: 📊 API Health : http://localhost:5000/api/health
[2026-04-15 12:59:57] WARN: Tentative de connexion échouée pour : rh@cni.tn
[2026-04-15 13:01:26] INFO: 📦 Connexion MySQL réussie
[2026-04-15 13:01:28] INFO: ✅ Connexion MySQL établie
[2026-04-15 13:01:28] INFO: 🚀 Serveur CNI démarré sur le port 5000
[2026-04-15 13:01:28] INFO: 📡 Environnement : undefined
[2026-04-15 13:01:28] INFO: 🌐 URL : http://localhost:5000
[2026-04-15 13:01:28] INFO: 📊 API Health : http://localhost:5000/api/health
[2026-04-15 13:01:30] WARN: Tentative de connexion échouée pour : manager.dev@cni.tn
[2026-04-15 13:01:31] WARN: Tentative de connexion échouée pour : manager.dev@cni.tn
[2026-04-15 13:04:03] INFO: 📦 Connexion MySQL réussie
[2026-04-15 13:04:05] INFO: ✅ Connexion MySQL établie
[2026-04-15 13:04:05] INFO: 🚀 Serveur CNI démarré sur le port 5000
[2026-04-15 13:04:05] INFO: 📡 Environnement : undefined
[2026-04-15 13:04:05] INFO: 🌐 URL : http://localhost:5000
[2026-04-15 13:04:05] INFO: 📊 API Health : http://localhost:5000/api/health
[2026-04-15 13:04:20] INFO: 📦 Connexion MySQL réussie
[2026-04-15 13:04:22] INFO: ✅ Connexion MySQL établie
[2026-04-15 13:04:22] INFO: 🚀 Serveur CNI démarré sur le port 5000
[2026-04-15 13:04:22] INFO: 📡 Environnement : undefined
[2026-04-15 13:04:22] INFO: 🌐 URL : http://localhost:5000
[2026-04-15 13:04:22] INFO: 📊 API Health : http://localhost:5000/api/health
[2026-04-15 13:04:26] WARN: Login failed: manager.dev@cni.tn
[2026-04-15 13:04:27] WARN: Login failed: manager.dev@cni.tn
[2026-04-15 13:04:41] INFO: 📦 Connexion MySQL réussie
[2026-04-15 13:04:43] INFO: ✅ Connexion MySQL établie
[2026-04-15 13:04:43] INFO: 🚀 Serveur CNI démarré sur le port 5000
[2026-04-15 13:04:43] INFO: 📡 Environnement : undefined
[2026-04-15 13:04:43] INFO: 🌐 URL : http://localhost:5000
[2026-04-15 13:04:43] INFO: 📊 API Health : http://localhost:5000/api/health
[2026-04-15 13:04:44] WARN: Login failed: manager.dev@cni.tn
[2026-04-15 13:04:46] WARN: Login failed: manager.dev@cni.tn
[2026-04-15 13:04:47] WARN: Login failed: manager.dev@cni.tn
[2026-04-15 13:05:33] INFO: 📦 Connexion MySQL réussie
[2026-04-15 13:05:36] INFO: ✅ Connexion MySQL établie
[2026-04-15 13:05:36] INFO: 🚀 Serveur CNI démarré sur le port 5000
[2026-04-15 13:05:36] INFO: 📡 Environnement : undefined
[2026-04-15 13:05:36] INFO: 🌐 URL : http://localhost:5000
[2026-04-15 13:05:36] INFO: 📊 API Health : http://localhost:5000/api/health
[2026-04-15 13:05:39] WARN: Login failed: manager.dev@cni.tn
[2026-04-15 13:05:41] WARN: Login failed: manager.dev@cni.tn
[2026-04-15 13:06:12] INFO: 📦 Connexion MySQL réussie
[2026-04-15 13:06:15] INFO: ✅ Connexion MySQL établie
[2026-04-15 13:06:15] INFO: 🚀 Serveur CNI démarré sur le port 5000
[2026-04-15 13:06:15] INFO: 📡 Environnement : undefined
[2026-04-15 13:06:15] INFO: 🌐 URL : http://localhost:5000
[2026-04-15 13:06:15] INFO: 📊 API Health : http://localhost:5000/api/health
[2026-04-15 13:06:20] WARN: Login failed: manager.dev@cni.tn
[2026-04-15 13:07:51] WARN: Login failed: manager.dev@cni.tn
[2026-04-15 13:07:53] WARN: Login failed: manager.dev@cni.tn
[2026-04-15 13:07:54] WARN: Login failed: manager.dev@cni.tn
[2026-04-15 13:07:54] WARN: Login failed: manager.dev@cni.tn
[2026-04-15 13:07:54] WARN: Login failed: manager.dev@cni.tn
[2026-04-15 13:08:39] WARN: Login failed: manager.dev@cni.tn
[2026-04-15 13:08:40] WARN: Login failed: manager.dev@cni.tn
[2026-04-15 13:08:41] WARN: Login failed: manager.dev@cni.tn
[2026-04-15 13:08:41] WARN: Login failed: manager.dev@cni.tn
[2026-04-15 13:08:47] WARN: Login failed: manager.dev@cni.tn
[2026-04-15 13:09:14] WARN: Login failed: manager.dev@cni.tn
[2026-04-15 13:09:17] WARN: Login failed: manager.dev@cni.tn
[2026-04-15 13:10:53] INFO: 📦 Connexion MySQL réussie
[2026-04-15 13:10:55] INFO: ✅ Connexion MySQL établie
[2026-04-15 13:10:55] INFO: 🚀 Serveur CNI démarré sur le port 5000
[2026-04-15 13:10:55] INFO: 📡 Environnement : undefined
[2026-04-15 13:10:55] INFO: 🌐 URL : http://localhost:5000
[2026-04-15 13:10:55] INFO: 📊 API Health : http://localhost:5000/api/health
[2026-04-15 13:11:48] INFO: 📦 Connexion MySQL réussie
[2026-04-15 13:11:50] INFO: ✅ Connexion MySQL établie
[2026-04-15 13:11:50] INFO: 🚀 Serveur CNI démarré sur le port 5000
[2026-04-15 13:11:50] INFO: 📡 Environnement : undefined
[2026-04-15 13:11:50] INFO: 🌐 URL : http://localhost:5000
[2026-04-15 13:11:50] INFO: 📊 API Health : http://localhost:5000/api/health
[2026-04-15 13:56:14] INFO: 📦 Connexion MySQL réussie
[2026-04-15 13:56:14] INFO: ℹ️ Synchronisation auto désactivée hors développement.
[2026-04-15 13:56:14] INFO: ✅ Connexion MySQL établie
[2026-04-15 13:56:14] INFO: 🚀 Serveur CNI démarré sur le port 5000
[2026-04-15 13:56:14] INFO: 📡 Environnement : undefined
[2026-04-15 13:56:14] INFO: 🌐 URL : http://localhost:5000
[2026-04-15 13:56:14] INFO: 📊 API Health : http://localhost:5000/api/health
[2026-04-15 13:56:48] WARN: Tentative de connexion échouée pour : rh@cni.tn
[2026-04-15 13:57:57] ERROR: Error: secretOrPrivateKey must have a value
    at Object.module.exports [as sign] (C:\Users\Adem\OneDrive\Bureau\test\backend\node_modules\jsonwebtoken\sign.js:111:20)
    at generateTokens (C:\Users\Adem\OneDrive\Bureau\test\backend\src\config\jwt.ts:25:27)
    at Function.register (C:\Users\Adem\OneDrive\Bureau\test\backend\src\services\auth.service.ts:111:34)
    at processTicksAndRejections (node:internal/process/task_queues:95:5)
    at register (C:\Users\Adem\OneDrive\Bureau\test\backend\src\controllers\auth.controller.ts:25:22)
[2026-04-15 13:58:28] WARN: Tentative de connexion échouée pour : rh@cni.tn
[2026-04-15 14:07:10] ERROR: SequelizeAccessDeniedError: Access denied for user 'root'@'localhost' (using password: YES)
    at ConnectionManager.connect (C:\Users\Adem\OneDrive\Bureau\test\backend\node_modules\sequelize\src\dialects\mysql\connection-manager.js:118:17)
    at processTicksAndRejections (node:internal/process/task_queues:95:5)
    at ConnectionManager._connect (C:\Users\Adem\OneDrive\Bureau\test\backend\node_modules\sequelize\src\dialects\abstract\connection-manager.js:332:24)
    at C:\Users\Adem\OneDrive\Bureau\test\backend\node_modules\sequelize\src\dialects\abstract\connection-manager.js:250:32
    at ConnectionManager.getConnection (C:\Users\Adem\OneDrive\Bureau\test\backend\node_modules\sequelize\src\dialects\abstract\connection-manager.js:280:7)
    at C:\Users\Adem\OneDrive\Bureau\test\backend\node_modules\sequelize\src\sequelize.js:638:26
    at Sequelize.authenticate (C:\Users\Adem\OneDrive\Bureau\test\backend\node_modules\sequelize\src\sequelize.js:972:5)
    at connectDB (C:\Users\Adem\OneDrive\Bureau\test\backend\src\config\database.ts:45:5)
    at startServer (C:\Users\Adem\OneDrive\Bureau\test\backend\src\server.ts:126:5)
[2026-04-15 14:08:33] ERROR: SequelizeAccessDeniedError: Access denied for user 'root'@'localhost' (using password: YES)
    at ConnectionManager.connect (C:\Users\Adem\OneDrive\Bureau\test\backend\node_modules\sequelize\src\dialects\mysql\connection-manager.js:118:17)
    at processTicksAndRejections (node:internal/process/task_queues:95:5)
    at ConnectionManager._connect (C:\Users\Adem\OneDrive\Bureau\test\backend\node_modules\sequelize\src\dialects\abstract\connection-manager.js:332:24)
    at C:\Users\Adem\OneDrive\Bureau\test\backend\node_modules\sequelize\src\dialects\abstract\connection-manager.js:250:32
    at ConnectionManager.getConnection (C:\Users\Adem\OneDrive\Bureau\test\backend\node_modules\sequelize\src\dialects\abstract\connection-manager.js:280:7)
    at C:\Users\Adem\OneDrive\Bureau\test\backend\node_modules\sequelize\src\sequelize.js:638:26
    at Sequelize.authenticate (C:\Users\Adem\OneDrive\Bureau\test\backend\node_modules\sequelize\src\sequelize.js:972:5)
    at connectDB (C:\Users\Adem\OneDrive\Bureau\test\backend\src\config\database.ts:45:5)
    at startServer (C:\Users\Adem\OneDrive\Bureau\test\backend\src\server.ts:126:5)
[2026-04-15 14:10:55] ERROR: SequelizeAccessDeniedError: Access denied for user 'root'@'localhost' (using password: YES)
    at ConnectionManager.connect (C:\Users\Adem\OneDrive\Bureau\test\backend\node_modules\sequelize\src\dialects\mysql\connection-manager.js:118:17)
    at processTicksAndRejections (node:internal/process/task_queues:95:5)
    at ConnectionManager._connect (C:\Users\Adem\OneDrive\Bureau\test\backend\node_modules\sequelize\src\dialects\abstract\connection-manager.js:332:24)
    at C:\Users\Adem\OneDrive\Bureau\test\backend\node_modules\sequelize\src\dialects\abstract\connection-manager.js:250:32
    at ConnectionManager.getConnection (C:\Users\Adem\OneDrive\Bureau\test\backend\node_modules\sequelize\src\dialects\abstract\connection-manager.js:280:7)
    at C:\Users\Adem\OneDrive\Bureau\test\backend\node_modules\sequelize\src\sequelize.js:638:26
    at Sequelize.authenticate (C:\Users\Adem\OneDrive\Bureau\test\backend\node_modules\sequelize\src\sequelize.js:972:5)
    at connectDB (C:\Users\Adem\OneDrive\Bureau\test\backend\src\config\database.ts:45:5)
    at startServer (C:\Users\Adem\OneDrive\Bureau\test\backend\src\server.ts:126:5)
[2026-04-15 14:12:38] ERROR: SequelizeAccessDeniedError: Access denied for user 'root'@'localhost' (using password: YES)
    at ConnectionManager.connect (C:\Users\Adem\OneDrive\Bureau\test\backend\node_modules\sequelize\src\dialects\mysql\connection-manager.js:118:17)
    at processTicksAndRejections (node:internal/process/task_queues:95:5)
    at ConnectionManager._connect (C:\Users\Adem\OneDrive\Bureau\test\backend\node_modules\sequelize\src\dialects\abstract\connection-manager.js:332:24)
    at C:\Users\Adem\OneDrive\Bureau\test\backend\node_modules\sequelize\src\dialects\abstract\connection-manager.js:250:32
    at ConnectionManager.getConnection (C:\Users\Adem\OneDrive\Bureau\test\backend\node_modules\sequelize\src\dialects\abstract\connection-manager.js:280:7)
    at C:\Users\Adem\OneDrive\Bureau\test\backend\node_modules\sequelize\src\sequelize.js:638:26
    at Sequelize.authenticate (C:\Users\Adem\OneDrive\Bureau\test\backend\node_modules\sequelize\src\sequelize.js:972:5)
    at connectDB (C:\Users\Adem\OneDrive\Bureau\test\backend\src\config\database.ts:45:5)
    at startServer (C:\Users\Adem\OneDrive\Bureau\test\backend\src\server.ts:126:5)
[2026-04-15 14:13:23] ERROR: SequelizeAccessDeniedError: Access denied for user 'root'@'localhost' (using password: YES)
    at ConnectionManager.connect (C:\Users\Adem\OneDrive\Bureau\test\backend\node_modules\sequelize\src\dialects\mysql\connection-manager.js:118:17)
    at processTicksAndRejections (node:internal/process/task_queues:95:5)
    at ConnectionManager._connect (C:\Users\Adem\OneDrive\Bureau\test\backend\node_modules\sequelize\src\dialects\abstract\connection-manager.js:332:24)
    at C:\Users\Adem\OneDrive\Bureau\test\backend\node_modules\sequelize\src\dialects\abstract\connection-manager.js:250:32
    at ConnectionManager.getConnection (C:\Users\Adem\OneDrive\Bureau\test\backend\node_modules\sequelize\src\dialects\abstract\connection-manager.js:280:7)
    at C:\Users\Adem\OneDrive\Bureau\test\backend\node_modules\sequelize\src\sequelize.js:638:26
    at Sequelize.authenticate (C:\Users\Adem\OneDrive\Bureau\test\backend\node_modules\sequelize\src\sequelize.js:972:5)
    at connectDB (C:\Users\Adem\OneDrive\Bureau\test\backend\src\config\database.ts:45:5)
    at startServer (C:\Users\Adem\OneDrive\Bureau\test\backend\src\server.ts:126:5)
[2026-04-15 14:15:19] INFO: 📦 Connexion MySQL réussie
[2026-04-15 14:15:29] INFO: 🔄 Modèles synchronisés avec la base de données
[2026-04-15 14:15:29] INFO: ✅ Connexion MySQL établie
[2026-04-15 14:15:29] INFO: 🚀 Serveur CNI démarré sur le port 5000
[2026-04-15 14:15:29] INFO: 📡 Environnement : development
[2026-04-15 14:15:29] INFO: 🌐 URL : http://localhost:5000
[2026-04-15 14:15:29] INFO: 📊 API Health : http://localhost:5000/api/health
[2026-04-15 14:15:50] WARN: Tentative de connexion échouée pour : rh@cni.tn
[2026-04-15 14:19:39] INFO: 📦 Connexion MySQL réussie
[2026-04-15 14:19:42] INFO: 🔄 Modèles synchronisés avec la base de données
[2026-04-15 14:19:42] INFO: ✅ Connexion MySQL établie
[2026-04-15 14:19:42] INFO: 🚀 Serveur CNI démarré sur le port 5000
[2026-04-15 14:19:42] INFO: 📡 Environnement : development
[2026-04-15 14:19:42] INFO: 🌐 URL : http://localhost:5000
[2026-04-15 14:19:42] INFO: 📊 API Health : http://localhost:5000/api/health
[2026-04-15 14:19:45] WARN: Tentative de connexion échouée pour : rh@cni.tn
[2026-04-15 14:20:47] WARN: Tentative de connexion échouée pour : rh@cni.tn
[2026-04-15 14:23:54] WARN: Tentative de connexion échouée pour : rh@cni.tn
[2026-04-15 14:24:29] INFO: 📦 Connexion MySQL réussie
[2026-04-15 14:24:34] INFO: 🔄 Modèles synchronisés avec la base de données
[2026-04-15 14:24:34] INFO: ✅ Connexion MySQL établie
[2026-04-15 14:24:34] INFO: 🚀 Serveur CNI démarré sur le port 5000
[2026-04-15 14:24:34] INFO: 📡 Environnement : development
[2026-04-15 14:24:34] INFO: 🌐 URL : http://localhost:5000
[2026-04-15 14:24:34] INFO: 📊 API Health : http://localhost:5000/api/health
[2026-04-15 14:24:35] WARN: Tentative de connexion échouée pour : rh@cni.tn
[2026-04-15 14:25:56] WARN: Tentative de connexion échouée pour : rh@cni.tn
[2026-04-15 14:26:21] INFO: 📦 Connexion MySQL réussie
[2026-04-15 14:26:26] INFO: 🔄 Modèles synchronisés avec la base de données
[2026-04-15 14:26:26] INFO: 🌱 Début du seeding...
[2026-04-15 14:26:26] INFO: ✅ 5 départements créés
[2026-04-15 14:26:30] INFO: ✅ 7 employés créés
[2026-04-15 14:26:30] ERROR: Error
    at Query.run (C:\Users\Adem\OneDrive\Bureau\test\backend\node_modules\sequelize\src\dialects\mysql\query.js:46:25)
    at C:\Users\Adem\OneDrive\Bureau\test\backend\node_modules\sequelize\src\sequelize.js:650:28
    at processTicksAndRejections (node:internal/process/task_queues:95:5)
    at async MySQLQueryInterface.bulkUpdate (C:\Users\Adem\OneDrive\Bureau\test\backend\node_modules\sequelize\src\dialects\abstract\query-interface.js:930:12)
    at async Function.update (C:\Users\Adem\OneDrive\Bureau\test\backend\node_modules\sequelize\src\model.js:3352:28)
    at async seed (C:\Users\Adem\OneDrive\Bureau\test\backend\src\utils\seeder.ts:63:3)
[2026-04-15 14:29:35] INFO: 📦 Connexion MySQL réussie
[2026-04-15 14:29:41] INFO: 🔄 Modèles synchronisés avec la base de données
[2026-04-15 14:29:41] INFO: 🌱 Début du seeding...
[2026-04-15 14:29:41] INFO: ✅ 5 départements créés
[2026-04-15 14:29:45] INFO: ✅ 7 employés créés
[2026-04-15 14:29:45] INFO: ✅ 5 formations créées
[2026-04-15 14:29:45] INFO: ✅ 4 stagiaires créés
[2026-04-15 14:29:45] INFO: ✅ Inscriptions créées
[2026-04-15 14:30:14] INFO: 📦 Connexion MySQL réussie
[2026-04-15 14:30:19] INFO: 🔄 Modèles synchronisés avec la base de données
[2026-04-15 14:30:19] INFO: 🌱 Début du seeding...
[2026-04-15 14:30:19] INFO: ✅ 5 départements créés
[2026-04-15 14:30:23] INFO: ✅ 7 employés créés
[2026-04-15 14:30:23] INFO: ✅ 5 formations créées
[2026-04-15 14:30:23] INFO: ✅ 4 stagiaires créés
[2026-04-15 14:30:23] INFO: ✅ Inscriptions créées
[2026-04-15 14:30:52] INFO: 📦 Connexion MySQL réussie
[2026-04-15 14:30:57] INFO: 🔄 Modèles synchronisés avec la base de données
[2026-04-15 14:30:57] INFO: ✅ Connexion MySQL établie
[2026-04-15 14:30:57] INFO: 🚀 Serveur CNI démarré sur le port 5000
[2026-04-15 14:30:57] INFO: 📡 Environnement : development
[2026-04-15 14:30:57] INFO: 🌐 URL : http://localhost:5000
[2026-04-15 14:30:57] INFO: 📊 API Health : http://localhost:5000/api/health
[2026-04-15 14:30:59] INFO: ✅ Connexion réussie : rh@cni.tn (Direction_RH)
[2026-04-15 14:31:24] INFO: ✅ Connexion réussie : manager.dev@cni.tn (Manager)
[2026-04-15 14:31:35] INFO: ✅ Connexion réussie : ahmed@cni.tn (Employe)
[2026-04-15 14:31:44] INFO: ✅ Connexion réussie : rh@cni.tn (Direction_RH)
[2026-04-15 14:40:53] INFO: ✅ Connexion réussie : rh@cni.tn (Direction_RH)
[2026-04-15 14:43:39] INFO: 👋 Déconnexion : utilisateur ID 1
[2026-04-15 14:43:51] INFO: ✅ Connexion réussie : manager.dev@cni.tn (Manager)
[2026-04-15 14:44:02] INFO: 📧 Email de test Ethereal : q64tatg6w6yuguwd@ethereal.email
[2026-04-15 14:44:02] INFO: 🔑 Mot de passe Ethereal : cBwkPVnRVbbSzegQFj
[2026-04-15 14:44:02] INFO: 📬 Consultez vos emails de test sur : https://ethereal.email
[2026-04-15 14:44:05] INFO: 📧 Email envoyé - Prévisualisation : https://ethereal.email/message/ad-V9c1XWISjUPAbad-V93Np7fHIa1PNAAAAAemor7CfEn2n.OuERRpIUO8
[2026-04-15 14:44:05] INFO: ✉️ Email envoyé à : manager.dev@cni.tn | Sujet : ✅ Validation requise - Demande formation de Karim Ben Salem
[2026-04-15 14:44:05] INFO: 📝 Demande inscription formation #3 par employé #2
[2026-04-15 14:44:05] INFO: [WORKFLOW] formation-demande | inscription#10 | soumise_manager
[2026-04-15 14:44:10] WARN: Accès refusé - Utilisateur manager.dev@cni.tn (rôle: Manager) a tenté d'accéder à /rh
[2026-04-15 14:44:10] WARN: Accès refusé - Utilisateur manager.dev@cni.tn (rôle: Manager) a tenté d'accéder à /rapport-hebdo
[2026-04-15 14:44:10] WARN: Accès refusé - Utilisateur manager.dev@cni.tn (rôle: Manager) a tenté d'accéder à /rh
[2026-04-15 14:44:10] WARN: Accès refusé - Utilisateur manager.dev@cni.tn (rôle: Manager) a tenté d'accéder à /rapport-hebdo
[2026-04-15 14:44:12] WARN: Accès refusé - Utilisateur manager.dev@cni.tn (rôle: Manager) a tenté d'accéder à /rh
[2026-04-15 14:44:12] WARN: Accès refusé - Utilisateur manager.dev@cni.tn (rôle: Manager) a tenté d'accéder à /rapport-hebdo
[2026-04-15 14:50:29] INFO: 👋 Déconnexion : utilisateur ID 2
[2026-04-15 15:02:43] INFO: ✅ Connexion réussie : rh@cni.tn (Direction_RH)
[2026-04-15 15:04:08] INFO: 👋 Déconnexion : utilisateur ID 1
[2026-04-15 15:04:54] INFO: ✅ Connexion réussie : manager.dev@cni.tn (Manager)
[2026-04-15 15:05:04] WARN: Accès refusé - Utilisateur manager.dev@cni.tn (rôle: Manager) a tenté d'accéder à /rh
[2026-04-15 15:05:04] WARN: Accès refusé - Utilisateur manager.dev@cni.tn (rôle: Manager) a tenté d'accéder à /rapport-hebdo
[2026-04-15 15:05:04] WARN: Accès refusé - Utilisateur manager.dev@cni.tn (rôle: Manager) a tenté d'accéder à /rh
[2026-04-15 15:05:04] WARN: Accès refusé - Utilisateur manager.dev@cni.tn (rôle: Manager) a tenté d'accéder à /rapport-hebdo
[2026-04-15 15:05:12] INFO: 👋 Déconnexion : utilisateur ID 2
[2026-04-15 15:05:23] INFO: ✅ Connexion réussie : manager.inf@cni.tn (Manager)
[2026-04-15 15:05:28] WARN: Accès refusé - Utilisateur manager.inf@cni.tn (rôle: Manager) a tenté d'accéder à /rh
[2026-04-15 15:05:28] WARN: Accès refusé - Utilisateur manager.inf@cni.tn (rôle: Manager) a tenté d'accéder à /rapport-hebdo
[2026-04-15 15:05:28] WARN: Accès refusé - Utilisateur manager.inf@cni.tn (rôle: Manager) a tenté d'accéder à /rh
[2026-04-15 15:05:28] WARN: Accès refusé - Utilisateur manager.inf@cni.tn (rôle: Manager) a tenté d'accéder à /rapport-hebdo
[2026-04-15 15:05:33] INFO: 👋 Déconnexion : utilisateur ID 3
[2026-04-15 15:05:46] INFO: ✅ Connexion réussie : ahmed@cni.tn (Employe)
[2026-04-15 15:06:10] INFO: 👋 Déconnexion : utilisateur ID 4
[2026-04-15 15:06:23] INFO: ✅ Connexion réussie : formateur@example.com (Formateur_Externe)
[2026-04-15 15:06:23] WARN: Accès refusé - Utilisateur formateur@example.com (rôle: Formateur_Externe) a tenté d'accéder à /dashboard
[2026-04-15 15:06:23] WARN: Accès refusé - Utilisateur formateur@example.com (rôle: Formateur_Externe) a tenté d'accéder à /dashboard
[2026-04-15 15:06:36] INFO: 📝 Demande inscription formation #1 par employé #7
[2026-04-15 15:06:36] INFO: [WORKFLOW] formation-demande | inscription#11 | soumise_manager
[2026-04-15 15:06:40] WARN: Accès refusé - Utilisateur formateur@example.com (rôle: Formateur_Externe) a tenté d'accéder à /dashboard
[2026-04-15 15:06:40] WARN: Accès refusé - Utilisateur formateur@example.com (rôle: Formateur_Externe) a tenté d'accéder à /dashboard
[2026-04-15 15:06:45] INFO: 👋 Déconnexion : utilisateur ID 7
[2026-04-15 15:07:23] INFO: ✅ Connexion réussie : rh@cni.tn (Direction_RH)
[2026-04-15 15:08:10] INFO: 👋 Déconnexion : utilisateur ID 1
[2026-04-15 15:09:30] INFO: ✅ Connexion réussie : rh@cni.tn (Direction_RH)
[2026-04-15 15:09:36] INFO: 👋 Déconnexion : utilisateur ID 1
[2026-04-15 15:12:17] INFO: ✅ Connexion réussie : rh@cni.tn (Direction_RH)
[2026-04-15 15:15:29] INFO: 👋 Déconnexion : utilisateur ID 1
[2026-04-15 15:19:28] INFO: ✅ Connexion réussie : rh@cni.tn (Direction_RH)
[2026-04-15 15:19:32] INFO: 📅 Rappels envoyés : 0
[2026-04-15 15:19:32] INFO: 📅 Rappels formations envoyés : 0
[2026-04-15 15:19:36] INFO: 📅 Rappels envoyés : 0
[2026-04-15 15:19:36] INFO: 📅 Rappels formations envoyés : 0
[2026-04-15 15:21:41] INFO: 👋 Déconnexion : utilisateur ID 1
[2026-04-15 15:21:44] INFO: ✅ Connexion réussie : manager.dev@cni.tn (Manager)
[2026-04-15 15:22:00] INFO: 📧 Email envoyé - Prévisualisation : https://ethereal.email/message/ad-V9c1XWISjUPAbad-e23Np7fHIa3HcAAAAApozPyMRMD.BXof8J3fKjFg
[2026-04-15 15:22:00] INFO: ✉️ Email envoyé à : manager.dev@cni.tn | Sujet : ✅ Validation requise - Demande formation de Karim Ben Salem
[2026-04-15 15:22:00] INFO: 📝 Demande inscription formation #6 par employé #2
[2026-04-15 15:22:00] INFO: [WORKFLOW] formation-demande | inscription#12 | soumise_manager
[2026-04-15 15:22:16] WARN: Accès refusé - Utilisateur manager.dev@cni.tn (rôle: Manager) a tenté d'accéder à /rh
[2026-04-15 15:22:16] WARN: Accès refusé - Utilisateur manager.dev@cni.tn (rôle: Manager) a tenté d'accéder à /rapport-hebdo
[2026-04-15 15:22:16] WARN: Accès refusé - Utilisateur manager.dev@cni.tn (rôle: Manager) a tenté d'accéder à /rh
[2026-04-15 15:22:16] WARN: Accès refusé - Utilisateur manager.dev@cni.tn (rôle: Manager) a tenté d'accéder à /rapport-hebdo
[2026-04-15 15:22:18] WARN: Accès refusé - Utilisateur manager.dev@cni.tn (rôle: Manager) a tenté d'accéder à /rh
[2026-04-15 15:22:18] WARN: Accès refusé - Utilisateur manager.dev@cni.tn (rôle: Manager) a tenté d'accéder à /rapport-hebdo
[2026-04-15 15:22:22] WARN: Accès refusé - Utilisateur manager.dev@cni.tn (rôle: Manager) a tenté d'accéder à /rh
[2026-04-15 15:22:22] WARN: Accès refusé - Utilisateur manager.dev@cni.tn (rôle: Manager) a tenté d'accéder à /rapport-hebdo
[2026-04-15 15:22:22] WARN: Accès refusé - Utilisateur manager.dev@cni.tn (rôle: Manager) a tenté d'accéder à /rh
[2026-04-15 15:22:22] WARN: Accès refusé - Utilisateur manager.dev@cni.tn (rôle: Manager) a tenté d'accéder à /rapport-hebdo
[2026-04-15 15:23:14] INFO: 👋 Déconnexion : utilisateur ID 2
[2026-04-15 15:32:21] INFO: ✅ Connexion réussie : rh@cni.tn (Direction_RH)
[2026-04-15 15:32:25] INFO: 📅 Rappels envoyés : 0
[2026-04-15 15:32:25] INFO: 📅 Rappels formations envoyés : 0
[2026-04-15 15:38:52] INFO: 👋 Déconnexion : utilisateur ID 1
[2026-04-15 16:04:08] INFO: ✅ Connexion réussie : rh@cni.tn (Direction_RH)
[2026-04-15 16:08:27] INFO: 📢 Formation publiée : #1 - React 18 & TypeScript - Frontend Avancé
[2026-04-15 16:08:42] INFO: 📢 Formation publiée : #6 - React 18 & TypeScript - Développement Frontend Avancé
[2026-04-15 16:13:26] INFO: 📦 Connexion MySQL réussie
[2026-04-15 16:13:29] INFO: 🔄 Modèles synchronisés avec la base de données
[2026-04-15 16:13:29] INFO: ✅ Connexion MySQL établie
[2026-04-15 16:13:29] INFO: 🚀 Serveur CNI démarré sur le port 5000
[2026-04-15 16:13:29] INFO: 📡 Environnement : development
[2026-04-15 16:13:29] INFO: 🌐 URL : http://localhost:5000
[2026-04-15 16:13:29] INFO: 📊 API Health : http://localhost:5000/api/health
[2026-04-15 16:13:37] INFO: 📦 Connexion MySQL réussie
[2026-04-15 16:13:42] INFO: 🔄 Modèles synchronisés avec la base de données
[2026-04-15 16:13:42] INFO: ✅ Connexion MySQL établie
[2026-04-15 16:13:42] INFO: 🚀 Serveur CNI démarré sur le port 5000
[2026-04-15 16:13:42] INFO: 📡 Environnement : development
[2026-04-15 16:13:42] INFO: 🌐 URL : http://localhost:5000
[2026-04-15 16:13:42] INFO: 📊 API Health : http://localhost:5000/api/health
[2026-04-15 16:13:45] INFO: 📦 Connexion MySQL réussie
[2026-04-15 16:13:49] INFO: 📦 Connexion MySQL réussie
[2026-04-15 16:13:53] INFO: 🔄 Modèles synchronisés avec la base de données
[2026-04-15 16:13:53] INFO: ✅ Connexion MySQL établie
[2026-04-15 16:13:53] INFO: 🚀 Serveur CNI démarré sur le port 5000
[2026-04-15 16:13:53] INFO: 📡 Environnement : development
[2026-04-15 16:13:53] INFO: 🌐 URL : http://localhost:5000
[2026-04-15 16:13:53] INFO: 📊 API Health : http://localhost:5000/api/health
[2026-04-15 16:18:32] INFO: 📦 Connexion MySQL réussie
[2026-04-15 16:18:38] INFO: 🔄 Modèles synchronisés avec la base de données
[2026-04-15 16:18:38] INFO: ✅ Connexion MySQL établie
[2026-04-15 16:18:38] INFO: 🚀 Serveur CNI démarré sur le port 5000
[2026-04-15 16:18:38] INFO: 📡 Environnement : development
[2026-04-15 16:18:38] INFO: 🌐 URL : http://localhost:5000
[2026-04-15 16:18:38] INFO: 📊 API Health : http://localhost:5000/api/health
[2026-04-15 16:20:16] WARN: Token JWT invalide ou expiré
[2026-04-15 16:20:16] WARN: Tentative d'accès avec token invalide depuis ::1
[2026-04-15 16:32:05] INFO: 🎓 Formateur interne créé (admin) : ghanmi adem #30
[2026-04-15 16:32:27] INFO: 🎓 Formateur interne mis à jour (admin) : #30
[2026-04-15 16:32:41] INFO: 👋 Déconnexion : utilisateur ID 1
[2026-04-15 16:32:56] INFO: ✅ Connexion réussie : ademghanmi19@gmail.com (Formateur_Interne)
[2026-04-15 16:33:06] INFO: 📝 Demande inscription formation #1 par employé #30
[2026-04-15 16:33:06] INFO: [WORKFLOW] formation-demande | inscription#13 | soumise_manager
[2026-04-15 16:34:32] INFO: 📝 Demande inscription formation #6 par employé #30
[2026-04-15 16:34:32] INFO: [WORKFLOW] formation-demande | inscription#14 | soumise_manager
[2026-04-15 16:34:34] INFO: 📝 Demande inscription formation #11 par employé #30
[2026-04-15 16:34:34] INFO: [WORKFLOW] formation-demande | inscription#15 | soumise_manager
[2026-04-15 16:35:42] INFO: 📝 Demande inscription formation #3 par employé #30
[2026-04-15 16:35:42] INFO: [WORKFLOW] formation-demande | inscription#16 | soumise_manager
[2026-04-15 16:36:00] INFO: 📝 Demande inscription formation #2 par employé #30
[2026-04-15 16:36:00] INFO: [WORKFLOW] formation-demande | inscription#17 | soumise_manager
[2026-04-15 16:36:02] INFO: 📝 Demande inscription formation #8 par employé #30
[2026-04-15 16:36:02] INFO: [WORKFLOW] formation-demande | inscription#18 | soumise_manager
[2026-04-15 16:42:47] INFO: 📦 Connexion MySQL réussie
[2026-04-15 16:42:52] INFO: 🔄 Modèles synchronisés avec la base de données
[2026-04-15 16:42:52] INFO: ✅ Connexion MySQL établie
[2026-04-15 16:42:52] INFO: 🚀 Serveur CNI démarré sur le port 5000
[2026-04-15 16:42:52] INFO: 📡 Environnement : development
[2026-04-15 16:42:52] INFO: 🌐 URL : http://localhost:5000
[2026-04-15 16:42:52] INFO: 📊 API Health : http://localhost:5000/api/health
[2026-04-15 16:43:07] INFO: 📦 Connexion MySQL réussie
[2026-04-15 16:43:11] INFO: 🔄 Modèles synchronisés avec la base de données
[2026-04-15 16:43:11] INFO: ✅ Connexion MySQL établie
[2026-04-15 16:43:11] INFO: 🚀 Serveur CNI démarré sur le port 5000
[2026-04-15 16:43:11] INFO: 📡 Environnement : development
[2026-04-15 16:43:11] INFO: 🌐 URL : http://localhost:5000
[2026-04-15 16:43:11] INFO: 📊 API Health : http://localhost:5000/api/health
[2026-04-15 16:47:54] INFO: 📦 Connexion MySQL réussie
[2026-04-15 16:47:56] ERROR: Error: 
    at Query.run (C:\Users\Adem\OneDrive\Bureau\test\backend\node_modules\sequelize\src\dialects\mysql\query.js:46:25)
    at C:\Users\Adem\OneDrive\Bureau\test\backend\node_modules\sequelize\src\sequelize.js:650:28
    at processTicksAndRejections (node:internal/process/task_queues:95:5)
    at Function.sync (C:\Users\Adem\OneDrive\Bureau\test\backend\node_modules\sequelize\src\model.js:1408:11)
    at Sequelize._syncModelsWithCyclicReferences (C:\Users\Adem\OneDrive\Bureau\test\backend\node_modules\sequelize\src\sequelize.js:861:7)
    at connectDB (C:\Users\Adem\OneDrive\Bureau\test\backend\src\config\database.ts:51:7)
    at startServer (C:\Users\Adem\OneDrive\Bureau\test\backend\src\server.ts:126:5)
[2026-04-15 16:51:48] INFO: 📦 Connexion MySQL réussie
[2026-04-15 16:51:48] ERROR: Error: 
    at Query.run (C:\Users\Adem\OneDrive\Bureau\test\backend\node_modules\sequelize\src\dialects\mysql\query.js:46:25)
    at C:\Users\Adem\OneDrive\Bureau\test\backend\node_modules\sequelize\src\sequelize.js:650:28
    at processTicksAndRejections (node:internal/process/task_queues:95:5)
    at Function.sync (C:\Users\Adem\OneDrive\Bureau\test\backend\node_modules\sequelize\src\model.js:1408:11)
    at Sequelize._syncModelsWithCyclicReferences (C:\Users\Adem\OneDrive\Bureau\test\backend\node_modules\sequelize\src\sequelize.js:856:7)
    at connectDB (C:\Users\Adem\OneDrive\Bureau\test\backend\src\config\database.ts:51:7)
    at startServer (C:\Users\Adem\OneDrive\Bureau\test\backend\src\server.ts:126:5)
[2026-04-15 16:51:52] INFO: 📦 Connexion MySQL réussie
[2026-04-15 16:51:52] ERROR: Error: 
    at Query.run (C:\Users\Adem\OneDrive\Bureau\test\backend\node_modules\sequelize\src\dialects\mysql\query.js:46:25)
    at C:\Users\Adem\OneDrive\Bureau\test\backend\node_modules\sequelize\src\sequelize.js:650:28
    at processTicksAndRejections (node:internal/process/task_queues:95:5)
    at Function.sync (C:\Users\Adem\OneDrive\Bureau\test\backend\node_modules\sequelize\src\model.js:1408:11)
    at Sequelize._syncModelsWithCyclicReferences (C:\Users\Adem\OneDrive\Bureau\test\backend\node_modules\sequelize\src\sequelize.js:856:7)
    at connectDB (C:\Users\Adem\OneDrive\Bureau\test\backend\src\config\database.ts:51:7)
    at startServer (C:\Users\Adem\OneDrive\Bureau\test\backend\src\server.ts:126:5)
[2026-04-15 16:51:55] INFO: 📦 Connexion MySQL réussie
[2026-04-15 16:51:55] ERROR: Error: 
    at Query.run (C:\Users\Adem\OneDrive\Bureau\test\backend\node_modules\sequelize\src\dialects\mysql\query.js:46:25)
    at C:\Users\Adem\OneDrive\Bureau\test\backend\node_modules\sequelize\src\sequelize.js:650:28
    at processTicksAndRejections (node:internal/process/task_queues:95:5)
    at Function.sync (C:\Users\Adem\OneDrive\Bureau\test\backend\node_modules\sequelize\src\model.js:1408:11)
    at Sequelize._syncModelsWithCyclicReferences (C:\Users\Adem\OneDrive\Bureau\test\backend\node_modules\sequelize\src\sequelize.js:856:7)
    at connectDB (C:\Users\Adem\OneDrive\Bureau\test\backend\src\config\database.ts:51:7)
    at startServer (C:\Users\Adem\OneDrive\Bureau\test\backend\src\server.ts:126:5)
[2026-04-15 16:51:58] INFO: 📦 Connexion MySQL réussie
[2026-04-15 16:51:58] ERROR: Error: 
    at Query.run (C:\Users\Adem\OneDrive\Bureau\test\backend\node_modules\sequelize\src\dialects\mysql\query.js:46:25)
    at C:\Users\Adem\OneDrive\Bureau\test\backend\node_modules\sequelize\src\sequelize.js:650:28
    at processTicksAndRejections (node:internal/process/task_queues:95:5)
    at Function.sync (C:\Users\Adem\OneDrive\Bureau\test\backend\node_modules\sequelize\src\model.js:1408:11)
    at Sequelize._syncModelsWithCyclicReferences (C:\Users\Adem\OneDrive\Bureau\test\backend\node_modules\sequelize\src\sequelize.js:856:7)
    at connectDB (C:\Users\Adem\OneDrive\Bureau\test\backend\src\config\database.ts:51:7)
    at startServer (C:\Users\Adem\OneDrive\Bureau\test\backend\src\server.ts:126:5)
[2026-04-15 16:54:48] INFO: 📦 Connexion MySQL réussie
[2026-04-15 16:54:48] ERROR: Error: 
    at Query.run (C:\Users\Adem\OneDrive\Bureau\test\backend\node_modules\sequelize\src\dialects\mysql\query.js:46:25)
    at C:\Users\Adem\OneDrive\Bureau\test\backend\node_modules\sequelize\src\sequelize.js:650:28
    at processTicksAndRejections (node:internal/process/task_queues:95:5)
    at Function.sync (C:\Users\Adem\OneDrive\Bureau\test\backend\node_modules\sequelize\src\model.js:1408:11)
    at Sequelize._syncModelsWithCyclicReferences (C:\Users\Adem\OneDrive\Bureau\test\backend\node_modules\sequelize\src\sequelize.js:856:7)
    at connectDB (C:\Users\Adem\OneDrive\Bureau\test\backend\src\config\database.ts:51:7)
    at startServer (C:\Users\Adem\OneDrive\Bureau\test\backend\src\server.ts:126:5)
[2026-04-15 16:54:55] INFO: 📦 Connexion MySQL réussie
[2026-04-15 16:54:55] ERROR: Error: 
    at Query.run (C:\Users\Adem\OneDrive\Bureau\test\backend\node_modules\sequelize\src\dialects\mysql\query.js:46:25)
    at C:\Users\Adem\OneDrive\Bureau\test\backend\node_modules\sequelize\src\sequelize.js:650:28
    at processTicksAndRejections (node:internal/process/task_queues:95:5)
    at Function.sync (C:\Users\Adem\OneDrive\Bureau\test\backend\node_modules\sequelize\src\model.js:1408:11)
    at Sequelize._syncModelsWithCyclicReferences (C:\Users\Adem\OneDrive\Bureau\test\backend\node_modules\sequelize\src\sequelize.js:856:7)
    at connectDB (C:\Users\Adem\OneDrive\Bureau\test\backend\src\config\database.ts:51:7)
    at startServer (C:\Users\Adem\OneDrive\Bureau\test\backend\src\server.ts:126:5)
[2026-04-15 16:55:26] INFO: 📦 Connexion MySQL réussie
[2026-04-15 16:55:26] ERROR: Error: 
    at Query.run (C:\Users\Adem\OneDrive\Bureau\test\backend\node_modules\sequelize\src\dialects\mysql\query.js:46:25)
    at C:\Users\Adem\OneDrive\Bureau\test\backend\node_modules\sequelize\src\sequelize.js:650:28
    at processTicksAndRejections (node:internal/process/task_queues:95:5)
    at Function.sync (C:\Users\Adem\OneDrive\Bureau\test\backend\node_modules\sequelize\src\model.js:1408:11)
    at Sequelize._syncModelsWithCyclicReferences (C:\Users\Adem\OneDrive\Bureau\test\backend\node_modules\sequelize\src\sequelize.js:856:7)
    at connectDB (C:\Users\Adem\OneDrive\Bureau\test\backend\src\config\database.ts:51:7)
    at startServer (C:\Users\Adem\OneDrive\Bureau\test\backend\src\server.ts:126:5)
[2026-04-15 16:56:34] INFO: 📦 Connexion MySQL réussie
[2026-04-15 16:56:35] ERROR: Error
    at Query.run (C:\Users\Adem\OneDrive\Bureau\test\backend\node_modules\sequelize\src\dialects\mysql\query.js:46:25)
    at C:\Users\Adem\OneDrive\Bureau\test\backend\node_modules\sequelize\src\sequelize.js:650:28
    at processTicksAndRejections (node:internal/process/task_queues:95:5)
    at async Function.sync (C:\Users\Adem\OneDrive\Bureau\test\backend\node_modules\sequelize\src\model.js:1408:11)
    at async Sequelize._syncModelsWithCyclicReferences (C:\Users\Adem\OneDrive\Bureau\test\backend\node_modules\sequelize\src\sequelize.js:856:7)
    at async connectDB (C:\Users\Adem\OneDrive\Bureau\test\backend\src\config\database.ts:51:7)
    at async seed (C:\Users\Adem\OneDrive\Bureau\test\backend\src\utils\seeder.ts:16:3)
[2026-04-15 16:57:00] INFO: 📦 Connexion MySQL réussie
[2026-04-15 16:57:00] ERROR: Error
    at Query.run (C:\Users\Adem\OneDrive\Bureau\test\backend\node_modules\sequelize\src\dialects\mysql\query.js:46:25)
    at C:\Users\Adem\OneDrive\Bureau\test\backend\node_modules\sequelize\src\sequelize.js:650:28
    at processTicksAndRejections (node:internal/process/task_queues:95:5)
    at async Function.sync (C:\Users\Adem\OneDrive\Bureau\test\backend\node_modules\sequelize\src\model.js:1408:11)
    at async Sequelize._syncModelsWithCyclicReferences (C:\Users\Adem\OneDrive\Bureau\test\backend\node_modules\sequelize\src\sequelize.js:856:7)
    at async connectDB (C:\Users\Adem\OneDrive\Bureau\test\backend\src\config\database.ts:51:7)
    at async seed (C:\Users\Adem\OneDrive\Bureau\test\backend\src\utils\seeder.ts:16:3)
[2026-04-15 16:58:15] INFO: 📦 Connexion MySQL réussie
[2026-04-15 16:58:15] ERROR: Error
    at Query.run (C:\Users\Adem\OneDrive\Bureau\test\backend\node_modules\sequelize\src\dialects\mysql\query.js:46:25)
    at C:\Users\Adem\OneDrive\Bureau\test\backend\node_modules\sequelize\src\sequelize.js:650:28
    at processTicksAndRejections (node:internal/process/task_queues:95:5)
    at async Function.sync (C:\Users\Adem\OneDrive\Bureau\test\backend\node_modules\sequelize\src\model.js:1408:11)
    at async Sequelize._syncModelsWithCyclicReferences (C:\Users\Adem\OneDrive\Bureau\test\backend\node_modules\sequelize\src\sequelize.js:856:7)
    at async connectDB (C:\Users\Adem\OneDrive\Bureau\test\backend\src\config\database.ts:51:7)
    at async seed (C:\Users\Adem\OneDrive\Bureau\test\backend\src\utils\seeder.ts:16:3)
[2026-04-15 16:58:24] INFO: 📦 Connexion MySQL réussie
[2026-04-15 16:58:24] ERROR: Error: 
    at Query.run (C:\Users\Adem\OneDrive\Bureau\test\backend\node_modules\sequelize\src\dialects\mysql\query.js:46:25)
    at C:\Users\Adem\OneDrive\Bureau\test\backend\node_modules\sequelize\src\sequelize.js:650:28
    at processTicksAndRejections (node:internal/process/task_queues:95:5)
    at Function.sync (C:\Users\Adem\OneDrive\Bureau\test\backend\node_modules\sequelize\src\model.js:1408:11)
    at Sequelize._syncModelsWithCyclicReferences (C:\Users\Adem\OneDrive\Bureau\test\backend\node_modules\sequelize\src\sequelize.js:856:7)
    at connectDB (C:\Users\Adem\OneDrive\Bureau\test\backend\src\config\database.ts:51:7)
    at startServer (C:\Users\Adem\OneDrive\Bureau\test\backend\src\server.ts:126:5)
[2026-04-15 16:59:49] INFO: 📦 Connexion MySQL réussie
[2026-04-15 16:59:49] ERROR: Error: 
    at Query.run (C:\Users\Adem\OneDrive\Bureau\test\backend\node_modules\sequelize\src\dialects\mysql\query.js:46:25)
    at C:\Users\Adem\OneDrive\Bureau\test\backend\node_modules\sequelize\src\sequelize.js:650:28
    at processTicksAndRejections (node:internal/process/task_queues:95:5)
    at Function.sync (C:\Users\Adem\OneDrive\Bureau\test\backend\node_modules\sequelize\src\model.js:1408:11)
    at Sequelize._syncModelsWithCyclicReferences (C:\Users\Adem\OneDrive\Bureau\test\backend\node_modules\sequelize\src\sequelize.js:861:7)
    at connectDB (C:\Users\Adem\OneDrive\Bureau\test\backend\src\config\database.ts:57:9)
    at startServer (C:\Users\Adem\OneDrive\Bureau\test\backend\src\server.ts:126:5)
[2026-04-15 17:01:11] INFO: 📦 Connexion MySQL réussie
[2026-04-15 17:01:11] ERROR: Error
    at Query.run (C:\Users\Adem\OneDrive\Bureau\test\backend\node_modules\sequelize\src\dialects\mysql\query.js:46:25)
    at C:\Users\Adem\OneDrive\Bureau\test\backend\node_modules\sequelize\src\sequelize.js:650:28
    at processTicksAndRejections (node:internal/process/task_queues:95:5)
    at async Function.sync (C:\Users\Adem\OneDrive\Bureau\test\backend\node_modules\sequelize\src\model.js:1408:11)
    at async Sequelize._syncModelsWithCyclicReferences (C:\Users\Adem\OneDrive\Bureau\test\backend\node_modules\sequelize\src\sequelize.js:861:7)
    at async connectDB (C:\Users\Adem\OneDrive\Bureau\test\backend\src\config\database.ts:57:9)
    at async seed (C:\Users\Adem\OneDrive\Bureau\test\backend\src\utils\seeder.ts:16:3)
[2026-04-15 17:01:19] INFO: 📦 Connexion MySQL réussie
[2026-04-15 17:01:19] ERROR: Error: 
    at Query.run (C:\Users\Adem\OneDrive\Bureau\test\backend\node_modules\sequelize\src\dialects\mysql\query.js:46:25)
    at C:\Users\Adem\OneDrive\Bureau\test\backend\node_modules\sequelize\src\sequelize.js:650:28
    at processTicksAndRejections (node:internal/process/task_queues:95:5)
    at Function.sync (C:\Users\Adem\OneDrive\Bureau\test\backend\node_modules\sequelize\src\model.js:1408:11)
    at Sequelize._syncModelsWithCyclicReferences (C:\Users\Adem\OneDrive\Bureau\test\backend\node_modules\sequelize\src\sequelize.js:861:7)
    at connectDB (C:\Users\Adem\OneDrive\Bureau\test\backend\src\config\database.ts:57:9)
    at startServer (C:\Users\Adem\OneDrive\Bureau\test\backend\src\server.ts:126:5)
[2026-04-15 17:02:12] INFO: 📦 Connexion MySQL réussie
[2026-04-15 17:02:13] ERROR: Error: 
    at Query.run (C:\Users\Adem\OneDrive\Bureau\test\backend\node_modules\sequelize\src\dialects\mysql\query.js:46:25)
    at C:\Users\Adem\OneDrive\Bureau\test\backend\node_modules\sequelize\src\sequelize.js:650:28
    at processTicksAndRejections (node:internal/process/task_queues:95:5)
    at Function.sync (C:\Users\Adem\OneDrive\Bureau\test\backend\node_modules\sequelize\src\model.js:1408:11)
    at Sequelize._syncModelsWithCyclicReferences (C:\Users\Adem\OneDrive\Bureau\test\backend\node_modules\sequelize\src\sequelize.js:861:7)
    at connectDB (C:\Users\Adem\OneDrive\Bureau\test\backend\src\config\database.ts:57:9)
    at startServer (C:\Users\Adem\OneDrive\Bureau\test\backend\src\server.ts:126:5)
[2026-04-15 17:02:37] INFO: 📦 Connexion MySQL réussie
[2026-04-15 17:02:37] ERROR: Error
    at Query.run (C:\Users\Adem\OneDrive\Bureau\test\backend\node_modules\sequelize\src\dialects\mysql\query.js:46:25)
    at C:\Users\Adem\OneDrive\Bureau\test\backend\node_modules\sequelize\src\sequelize.js:650:28
    at processTicksAndRejections (node:internal/process/task_queues:95:5)
    at async Function.sync (C:\Users\Adem\OneDrive\Bureau\test\backend\node_modules\sequelize\src\model.js:1408:11)
    at async Sequelize._syncModelsWithCyclicReferences (C:\Users\Adem\OneDrive\Bureau\test\backend\node_modules\sequelize\src\sequelize.js:861:7)
    at async connectDB (C:\Users\Adem\OneDrive\Bureau\test\backend\src\config\database.ts:57:9)
    at async seed (C:\Users\Adem\OneDrive\Bureau\test\backend\src\utils\seeder.ts:16:3)
[2026-04-15 17:02:44] INFO: 📦 Connexion MySQL réussie
[2026-04-15 17:02:44] ERROR: Error: 
    at Query.run (C:\Users\Adem\OneDrive\Bureau\test\backend\node_modules\sequelize\src\dialects\mysql\query.js:46:25)
    at C:\Users\Adem\OneDrive\Bureau\test\backend\node_modules\sequelize\src\sequelize.js:650:28
    at processTicksAndRejections (node:internal/process/task_queues:95:5)
    at Function.sync (C:\Users\Adem\OneDrive\Bureau\test\backend\node_modules\sequelize\src\model.js:1408:11)
    at Sequelize._syncModelsWithCyclicReferences (C:\Users\Adem\OneDrive\Bureau\test\backend\node_modules\sequelize\src\sequelize.js:861:7)
    at connectDB (C:\Users\Adem\OneDrive\Bureau\test\backend\src\config\database.ts:57:9)
    at startServer (C:\Users\Adem\OneDrive\Bureau\test\backend\src\server.ts:126:5)
[2026-04-15 17:03:21] INFO: 📦 Connexion MySQL réussie
[2026-04-15 17:03:22] INFO: 🔄 Tables Sequelize vérifiées (création si absentes ; alter désactivé).
[2026-04-15 17:03:22] INFO: 🌱 Début du seeding...
[2026-04-15 17:03:22] INFO: ✅ 5 départements créés
[2026-04-15 17:03:25] INFO: ✅ 7 employés créés
[2026-04-15 17:03:25] INFO: ✅ 5 formations créées
[2026-04-15 17:03:25] INFO: ✅ 4 stagiaires créés
[2026-04-15 17:03:25] INFO: ✅ Inscriptions créées
[2026-04-15 17:03:46] INFO: 📦 Connexion MySQL réussie
[2026-04-15 17:03:47] INFO: 🔄 Tables Sequelize vérifiées (création si absentes ; alter désactivé).
[2026-04-15 17:03:47] INFO: ✅ Connexion MySQL établie
[2026-04-15 17:03:47] INFO: 🚀 Serveur CNI démarré sur le port 5000
[2026-04-15 17:03:47] INFO: 📡 Environnement : development
[2026-04-15 17:03:47] INFO: 🌐 URL : http://localhost:5000
[2026-04-15 17:03:47] INFO: 📊 API Health : http://localhost:5000/api/health
[2026-04-15 17:03:49] INFO: ✅ Connexion réussie : formateur@example.com (Formateur_Externe)
[2026-04-15 17:03:49] WARN: Accès refusé - Utilisateur formateur@example.com (rôle: Formateur_Externe) a tenté d'accéder à /dashboard
[2026-04-15 17:04:30] INFO: 👋 Déconnexion : utilisateur ID 7
[2026-04-15 17:04:35] INFO: ✅ Connexion réussie : rh@cni.tn (Direction_RH)
[2026-04-15 17:06:10] INFO: 👋 Déconnexion : utilisateur ID 1
[2026-04-15 17:06:15] INFO: ✅ Connexion réussie : manager.dev@cni.tn (Manager)
[2026-04-15 17:08:30] INFO: 📦 Connexion MySQL réussie
[2026-04-15 17:08:31] INFO: 🔄 Tables Sequelize vérifiées (création si absentes ; alter désactivé).
[2026-04-15 17:08:31] INFO: ✅ Connexion MySQL établie
[2026-04-15 17:08:31] INFO: 🚀 Serveur CNI démarré sur le port 5000
[2026-04-15 17:08:31] INFO: 📡 Environnement : development
[2026-04-15 17:08:31] INFO: 🌐 URL : http://localhost:5000
[2026-04-15 17:08:31] INFO: 📊 API Health : http://localhost:5000/api/health
[2026-04-15 17:08:38] INFO: 📦 Connexion MySQL réussie
[2026-04-15 17:08:39] INFO: 🔄 Tables Sequelize vérifiées (création si absentes ; alter désactivé).
[2026-04-15 17:08:39] INFO: ✅ Connexion MySQL établie
[2026-04-15 17:08:39] INFO: 🚀 Serveur CNI démarré sur le port 5000
[2026-04-15 17:08:39] INFO: 📡 Environnement : development
[2026-04-15 17:08:39] INFO: 🌐 URL : http://localhost:5000
[2026-04-15 17:08:39] INFO: 📊 API Health : http://localhost:5000/api/health
[2026-04-15 17:09:10] INFO: 📦 Connexion MySQL réussie
[2026-04-15 17:09:12] INFO: 🔄 Tables Sequelize vérifiées (création si absentes ; alter désactivé).
[2026-04-15 17:09:12] INFO: ✅ Connexion MySQL établie
[2026-04-15 17:09:12] INFO: 🚀 Serveur CNI démarré sur le port 5000
[2026-04-15 17:09:12] INFO: 📡 Environnement : development
[2026-04-15 17:09:12] INFO: 🌐 URL : http://localhost:5000
[2026-04-15 17:09:12] INFO: 📊 API Health : http://localhost:5000/api/health
[2026-04-15 17:09:17] INFO: 📦 Connexion MySQL réussie
[2026-04-15 17:09:18] INFO: 🔄 Tables Sequelize vérifiées (création si absentes ; alter désactivé).
[2026-04-15 17:09:18] INFO: ✅ Connexion MySQL établie
[2026-04-15 17:09:18] INFO: 🚀 Serveur CNI démarré sur le port 5000
[2026-04-15 17:09:18] INFO: 📡 Environnement : development
[2026-04-15 17:09:18] INFO: 🌐 URL : http://localhost:5000
[2026-04-15 17:09:18] INFO: 📊 API Health : http://localhost:5000/api/health
[2026-04-15 17:10:10] WARN: Accès refusé - Utilisateur manager.dev@cni.tn (rôle: Manager) a tenté d'accéder à /rh
[2026-04-15 17:10:10] WARN: Accès refusé - Utilisateur manager.dev@cni.tn (rôle: Manager) a tenté d'accéder à /rapport-hebdo
[2026-04-15 17:11:04] WARN: Accès refusé - Utilisateur manager.dev@cni.tn (rôle: Manager) a tenté d'accéder à /rh
[2026-04-15 17:11:04] WARN: Accès refusé - Utilisateur manager.dev@cni.tn (rôle: Manager) a tenté d'accéder à /rapport-hebdo
[2026-04-15 17:14:38] INFO: 👋 Déconnexion : utilisateur ID 2
[2026-04-15 17:14:42] INFO: ✅ Connexion réussie : rh@cni.tn (Direction_RH)
[2026-04-15 17:15:39] INFO: 🎓 Formateur interne créé (admin) : Ghanmi Adem #8
[2026-04-15 17:15:53] INFO: 👋 Déconnexion : utilisateur ID 1
[2026-04-15 17:16:02] INFO: ✅ Connexion réussie : Ademghanmi19@gmail.com (Formateur_Interne)
[2026-04-15 17:20:11] INFO: 📦 Connexion MySQL réussie
[2026-04-15 17:20:12] INFO: 🔄 Tables Sequelize vérifiées (création si absentes ; alter désactivé).
[2026-04-15 17:20:12] INFO: ✅ Connexion MySQL établie
[2026-04-15 17:20:12] INFO: 🚀 Serveur CNI démarré sur le port 5000
[2026-04-15 17:20:12] INFO: 📡 Environnement : development
[2026-04-15 17:20:12] INFO: 🌐 URL : http://localhost:5000
[2026-04-15 17:20:12] INFO: 📊 API Health : http://localhost:5000/api/health
[2026-04-15 17:20:29] INFO: 📦 Connexion MySQL réussie
[2026-04-15 17:20:30] INFO: 🔄 Tables Sequelize vérifiées (création si absentes ; alter désactivé).
[2026-04-15 17:20:30] INFO: ✅ Connexion MySQL établie
[2026-04-15 17:20:30] INFO: 🚀 Serveur CNI démarré sur le port 5000
[2026-04-15 17:20:30] INFO: 📡 Environnement : development
[2026-04-15 17:20:30] INFO: 🌐 URL : http://localhost:5000
[2026-04-15 17:20:30] INFO: 📊 API Health : http://localhost:5000/api/health
[2026-04-15 17:25:43] INFO: 📝 Demande inscription formation #1 par employé #8
[2026-04-15 17:25:43] INFO: [WORKFLOW] formation-demande | inscription#4 | soumise_manager
[2026-04-15 17:26:41] INFO: 📝 Demande inscription formation #2 par employé #8
[2026-04-15 17:26:41] INFO: [WORKFLOW] formation-demande | inscription#5 | soumise_manager
[2026-04-15 17:26:47] INFO: 👋 Déconnexion : utilisateur ID 8
[2026-04-15 17:26:53] INFO: ✅ Connexion réussie : rh@cni.tn (Direction_RH)
[2026-04-15 17:27:21] INFO: 👋 Déconnexion : utilisateur ID 1
[2026-04-15 17:27:27] INFO: ✅ Connexion réussie : manager.dev@cni.tn (Manager)
[2026-04-15 17:27:41] INFO: 👋 Déconnexion : utilisateur ID 2
[2026-04-15 17:27:54] INFO: ✅ Connexion réussie : Ademghanmi19@gmail.com (Formateur_Interne)
[2026-04-15 17:28:50] INFO: 📝 Demande inscription formation #3 par employé #8
[2026-04-15 17:28:50] INFO: [WORKFLOW] formation-demande | inscription#6 | soumise_manager
[2026-04-15 17:29:49] INFO: 👋 Déconnexion : utilisateur ID 8
[2026-04-15 17:29:53] INFO: ✅ Connexion réussie : rh@cni.tn (Direction_RH)
[2026-04-15 17:33:02] INFO: 📦 Connexion MySQL réussie
[2026-04-15 17:33:04] INFO: 🔄 Tables Sequelize vérifiées (création si absentes ; alter désactivé).
[2026-04-15 17:33:04] INFO: ✅ Connexion MySQL établie
[2026-04-15 17:33:04] INFO: 🚀 Serveur CNI démarré sur le port 5000
[2026-04-15 17:33:04] INFO: 📡 Environnement : development
[2026-04-15 17:33:04] INFO: 🌐 URL : http://localhost:5000
[2026-04-15 17:33:04] INFO: 📊 API Health : http://localhost:5000/api/health
[2026-04-15 17:36:17] INFO: 👋 Déconnexion : utilisateur ID 1
[2026-04-15 17:36:22] INFO: ✅ Connexion réussie : manager.dev@cni.tn (Manager)
[2026-04-15 17:36:46] INFO: 👋 Déconnexion : utilisateur ID 2
[2026-04-15 17:36:53] INFO: ✅ Connexion réussie : ahmed@cni.tn (Employe)
[2026-04-15 17:38:08] INFO: 👋 Déconnexion : utilisateur ID 4
[2026-04-15 17:38:13] INFO: ✅ Connexion réussie : manager.dev@cni.tn (Manager)
[2026-04-15 17:38:39] INFO: 👋 Déconnexion : utilisateur ID 2
[2026-04-15 17:38:46] INFO: 📦 Connexion MySQL réussie
[2026-04-15 17:38:48] INFO: 🔄 Tables Sequelize vérifiées (création si absentes ; alter désactivé).
[2026-04-15 17:38:48] INFO: ✅ Connexion MySQL établie
[2026-04-15 17:38:48] INFO: 🚀 Serveur CNI démarré sur le port 5000
[2026-04-15 17:38:48] INFO: 📡 Environnement : development
[2026-04-15 17:38:48] INFO: 🌐 URL : http://localhost:5000
[2026-04-15 17:38:48] INFO: 📊 API Health : http://localhost:5000/api/health
[2026-04-15 17:38:53] INFO: 📦 Connexion MySQL réussie
[2026-04-15 17:38:54] INFO: 🔄 Tables Sequelize vérifiées (création si absentes ; alter désactivé).
[2026-04-15 17:38:54] INFO: ✅ Connexion MySQL établie
[2026-04-15 17:38:54] INFO: 🚀 Serveur CNI démarré sur le port 5000
[2026-04-15 17:38:54] INFO: 📡 Environnement : development
[2026-04-15 17:38:54] INFO: 🌐 URL : http://localhost:5000
[2026-04-15 17:38:54] INFO: 📊 API Health : http://localhost:5000/api/health
[2026-04-15 17:39:09] INFO: 📦 Connexion MySQL réussie
[2026-04-15 17:39:11] INFO: 🔄 Tables Sequelize vérifiées (création si absentes ; alter désactivé).
[2026-04-15 17:39:11] INFO: ✅ Connexion MySQL établie
[2026-04-15 17:39:11] INFO: 🚀 Serveur CNI démarré sur le port 5000
[2026-04-15 17:39:11] INFO: 📡 Environnement : development
[2026-04-15 17:39:11] INFO: 🌐 URL : http://localhost:5000
[2026-04-15 17:39:11] INFO: 📊 API Health : http://localhost:5000/api/health
[2026-04-15 17:39:20] INFO: 📦 Connexion MySQL réussie
[2026-04-15 17:39:22] INFO: 🔄 Tables Sequelize vérifiées (création si absentes ; alter désactivé).
[2026-04-15 17:39:22] INFO: ✅ Connexion MySQL établie
[2026-04-15 17:39:22] INFO: 🚀 Serveur CNI démarré sur le port 5000
[2026-04-15 17:39:22] INFO: 📡 Environnement : development
[2026-04-15 17:39:22] INFO: 🌐 URL : http://localhost:5000
[2026-04-15 17:39:22] INFO: 📊 API Health : http://localhost:5000/api/health
[2026-04-15 17:39:32] INFO: 📦 Connexion MySQL réussie
[2026-04-15 17:39:34] INFO: 🔄 Tables Sequelize vérifiées (création si absentes ; alter désactivé).
[2026-04-15 17:39:34] INFO: ✅ Connexion MySQL établie
[2026-04-15 17:39:34] INFO: 🚀 Serveur CNI démarré sur le port 5000
[2026-04-15 17:39:34] INFO: 📡 Environnement : development
[2026-04-15 17:39:34] INFO: 🌐 URL : http://localhost:5000
[2026-04-15 17:39:34] INFO: 📊 API Health : http://localhost:5000/api/health
[2026-04-15 17:39:38] INFO: ✅ Connexion réussie : rh@cni.tn (Direction_RH)
[2026-04-15 17:39:48] INFO: 📧 Email de test Ethereal : f5uviy56wnneevyc@ethereal.email
[2026-04-15 17:39:48] INFO: 🔑 Mot de passe Ethereal : tp5NV4bNXqpTU8wKKV
[2026-04-15 17:39:48] INFO: 📬 Consultez vos emails de test sur : https://ethereal.email
[2026-04-15 17:39:49] INFO: 📧 Email envoyé - Prévisualisation : https://ethereal.email/message/ad-.Js1XWISjVtlTad-.KEI3YJ8VonSiAAAAAYFxS1cdiYk-hxGThCfQllM
[2026-04-15 17:39:49] INFO: ✉️ Email envoyé à : rh@cni.tn | Sujet : ⚠️ Alerte Budget Formation - Département Infrastructure & Réseaux (80%)
[2026-04-15 17:39:51] INFO: 📧 Email envoyé - Prévisualisation : https://ethereal.email/message/ad-.Js1XWISjVtlTad-.KXNp7fHIa7r9AAAAAngh3pYQi-90Pi08ZUjnsHk
[2026-04-15 17:39:51] INFO: ✉️ Email envoyé à : manager.inf@cni.tn | Sujet : ⚠️ Alerte Budget Formation - Département Infrastructure & Réseaux (80%)
[2026-04-15 17:39:51] WARN: ⚠️ Alerte budget 60% - Département Infrastructure & Réseaux
[2026-04-15 17:39:52] INFO: 📧 Email envoyé - Prévisualisation : https://ethereal.email/message/ad-.Js1XWISjVtlTad-.K-HwJ1INduphAAAAA8ikCcrptvhaz93nGUosldM
[2026-04-15 17:39:52] INFO: ✉️ Email envoyé à : rh@cni.tn | Sujet : ⚠️ Alerte Budget Formation - Département Infrastructure & Réseaux (80%)
[2026-04-15 17:39:54] INFO: 📧 Email envoyé - Prévisualisation : https://ethereal.email/message/ad-.Js1XWISjVtlTad-.LOHwJ1INdupkAAAABAi0du77RyIUcyJN9cuRK6Y
[2026-04-15 17:39:54] INFO: ✉️ Email envoyé à : manager.inf@cni.tn | Sujet : ⚠️ Alerte Budget Formation - Département Infrastructure & Réseaux (80%)
[2026-04-15 17:39:54] WARN: ⚠️ Alerte budget 80% - Département Infrastructure & Réseaux
[2026-04-15 17:39:55] INFO: 📧 Email envoyé - Prévisualisation : https://ethereal.email/message/ad-.Js1XWISjVtlTad-.LkI3YJ8VonSoAAAABSeboVnbYApiyw2PcQFDdmk
[2026-04-15 17:39:55] INFO: ✉️ Email envoyé à : rh@cni.tn | Sujet : ⚠️ Alerte Budget Formation - Département Cybersécurité (92%)
[2026-04-15 17:39:55] WARN: ⚠️ Alerte budget 60% - Département Cybersécurité
[2026-04-15 17:39:56] INFO: 📧 Email envoyé - Prévisualisation : https://ethereal.email/message/ad-.Js1XWISjVtlTad-.L3Np7fHIa7sAAAAABgzGlr3ysZlO.xI.rlHpgZY
[2026-04-15 17:39:56] INFO: ✉️ Email envoyé à : rh@cni.tn | Sujet : ⚠️ Alerte Budget Formation - Département Cybersécurité (92%)
[2026-04-15 17:39:56] WARN: ⚠️ Alerte budget 80% - Département Cybersécurité
[2026-04-15 17:39:58] INFO: 📧 Email envoyé - Prévisualisation : https://ethereal.email/message/ad-.Js1XWISjVtlTad-.MHNp7fHIa7sDAAAAB03hMSYC92gOn1kSv.Cdexs
[2026-04-15 17:39:58] INFO: ✉️ Email envoyé à : rh@cni.tn | Sujet : ⚠️ Alerte Budget Formation - Département Cybersécurité (92%)
[2026-04-15 17:39:58] WARN: ⚠️ Alerte budget 90% - Département Cybersécurité
[2026-04-15 17:39:59] INFO: 📧 Email envoyé - Prévisualisation : https://ethereal.email/message/ad-.Js1XWISjVtlTad-.MnNp7fHIa7sGAAAACPkRnbrRDuSclf-E2fFCSsw
[2026-04-15 17:39:59] INFO: ✉️ Email envoyé à : youssef@cni.tn | Sujet : 🎓 Inscription confirmée - Management & Leadership - Gestion d'Équipe
[2026-04-15 17:39:59] INFO: ✅ Inscription validée RH : employé #6 → formation #3
[2026-04-15 17:39:59] INFO: [WORKFLOW] formation-inscription | inscription#3 | valide_rh
[2026-04-15 17:40:49] INFO: 👋 Déconnexion : utilisateur ID 1
[2026-04-15 17:41:04] INFO: ✅ Connexion réussie : youssef@cni.tn (Employe)
[2026-04-15 17:41:19] INFO: 📝 Demande inscription formation #1 par employé #6
[2026-04-15 17:41:19] INFO: [WORKFLOW] formation-demande | inscription#7 | soumise_manager
[2026-04-15 17:41:22] INFO: 📝 Demande inscription formation #2 par employé #6
[2026-04-15 17:41:22] INFO: [WORKFLOW] formation-demande | inscription#8 | soumise_manager
[2026-04-15 17:41:23] INFO: 📝 Demande inscription formation #4 par employé #6
[2026-04-15 17:41:23] INFO: [WORKFLOW] formation-demande | inscription#9 | soumise_manager
[2026-04-15 17:41:49] INFO: 👋 Déconnexion : utilisateur ID 6
[2026-04-15 17:41:54] INFO: ✅ Connexion réussie : manager.dev@cni.tn (Manager)
[2026-04-15 17:42:10] INFO: 👋 Déconnexion : utilisateur ID 2
[2026-04-15 17:42:15] INFO: ✅ Connexion réussie : rh@cni.tn (Direction_RH)
[2026-04-15 17:44:01] INFO: 👋 Déconnexion : utilisateur ID 1
[2026-04-15 17:44:06] INFO: ✅ Connexion réussie : manager.dev@cni.tn (Manager)
[2026-04-15 17:45:10] INFO: 👋 Déconnexion : utilisateur ID 2
[2026-04-15 17:45:15] INFO: ✅ Connexion réussie : ahmed@cni.tn (Employe)
[2026-04-15 17:48:33] INFO: 👋 Déconnexion : utilisateur ID 4
[2026-04-15 17:48:38] INFO: ✅ Connexion réussie : rh@cni.tn (Direction_RH)
[2026-04-15 17:48:57] INFO: 📦 Connexion MySQL réussie
[2026-04-15 17:49:00] INFO: 🔄 Tables Sequelize vérifiées (création si absentes ; alter désactivé).
[2026-04-15 17:49:00] INFO: ✅ Connexion MySQL établie
[2026-04-15 17:49:00] INFO: 🚀 Serveur CNI démarré sur le port 5000
[2026-04-15 17:49:00] INFO: 📡 Environnement : development
[2026-04-15 17:49:00] INFO: 🌐 URL : http://localhost:5000
[2026-04-15 17:49:00] INFO: 📊 API Health : http://localhost:5000/api/health
[2026-04-15 17:49:09] INFO: 📦 Connexion MySQL réussie
[2026-04-15 17:49:11] INFO: 🔄 Tables Sequelize vérifiées (création si absentes ; alter désactivé).
[2026-04-15 17:49:11] INFO: ✅ Connexion MySQL établie
[2026-04-15 17:49:11] INFO: 🚀 Serveur CNI démarré sur le port 5000
[2026-04-15 17:49:11] INFO: 📡 Environnement : development
[2026-04-15 17:49:11] INFO: 🌐 URL : http://localhost:5000
[2026-04-15 17:49:11] INFO: 📊 API Health : http://localhost:5000/api/health
[2026-04-15 17:49:18] INFO: 📦 Connexion MySQL réussie
[2026-04-15 17:49:20] INFO: 🔄 Tables Sequelize vérifiées (création si absentes ; alter désactivé).
[2026-04-15 17:49:20] INFO: ✅ Connexion MySQL établie
[2026-04-15 17:49:20] INFO: 🚀 Serveur CNI démarré sur le port 5000
[2026-04-15 17:49:20] INFO: 📡 Environnement : development
[2026-04-15 17:49:20] INFO: 🌐 URL : http://localhost:5000
[2026-04-15 17:49:20] INFO: 📊 API Health : http://localhost:5000/api/health
[2026-04-15 17:49:34] INFO: 📦 Connexion MySQL réussie
[2026-04-15 17:49:36] INFO: 🔄 Tables Sequelize vérifiées (création si absentes ; alter désactivé).
[2026-04-15 17:49:36] INFO: ✅ Connexion MySQL établie
[2026-04-15 17:49:36] INFO: 🚀 Serveur CNI démarré sur le port 5000
[2026-04-15 17:49:36] INFO: 📡 Environnement : development
[2026-04-15 17:49:36] INFO: 🌐 URL : http://localhost:5000
[2026-04-15 17:49:36] INFO: 📊 API Health : http://localhost:5000/api/health
[2026-04-15 17:49:39] INFO: 👋 Déconnexion : utilisateur ID 1
[2026-04-15 17:49:43] INFO: 📦 Connexion MySQL réussie
[2026-04-15 17:49:45] INFO: 🔄 Tables Sequelize vérifiées (création si absentes ; alter désactivé).
[2026-04-15 17:49:45] INFO: ✅ Connexion MySQL établie
[2026-04-15 17:49:45] INFO: 🚀 Serveur CNI démarré sur le port 5000
[2026-04-15 17:49:45] INFO: 📡 Environnement : development
[2026-04-15 17:49:45] INFO: 🌐 URL : http://localhost:5000
[2026-04-15 17:49:45] INFO: 📊 API Health : http://localhost:5000/api/health
[2026-04-15 17:49:57] INFO: ✅ Connexion réussie : manager.dev@cni.tn (Manager)
[2026-04-15 17:50:14] INFO: 📦 Connexion MySQL réussie
[2026-04-15 17:50:16] INFO: 🔄 Tables Sequelize vérifiées (création si absentes ; alter désactivé).
[2026-04-15 17:50:16] INFO: ✅ Connexion MySQL établie
[2026-04-15 17:50:16] INFO: 🚀 Serveur CNI démarré sur le port 5000
[2026-04-15 17:50:16] INFO: 📡 Environnement : development
[2026-04-15 17:50:16] INFO: 🌐 URL : http://localhost:5000
[2026-04-15 17:50:16] INFO: 📊 API Health : http://localhost:5000/api/health
[2026-04-15 17:50:38] INFO: 👋 Déconnexion : utilisateur ID 2
[2026-04-15 17:50:44] INFO: ✅ Connexion réussie : ahmed@cni.tn (Employe)
[2026-04-15 17:53:42] INFO: 📦 Connexion MySQL réussie
[2026-04-15 17:53:44] INFO: 🔄 Tables Sequelize vérifiées (création si absentes ; alter désactivé).
[2026-04-15 17:53:44] INFO: ✅ Connexion MySQL établie
[2026-04-15 17:53:44] INFO: 🚀 Serveur CNI démarré sur le port 5000
[2026-04-15 17:53:44] INFO: 📡 Environnement : development
[2026-04-15 17:53:44] INFO: 🌐 URL : http://localhost:5000
[2026-04-15 17:53:44] INFO: 📊 API Health : http://localhost:5000/api/health
[2026-04-15 17:54:10] INFO: 📧 Email de test Ethereal : cpyl6asgpyxn6ias@ethereal.email
[2026-04-15 17:54:10] INFO: 🔑 Mot de passe Ethereal : FsPz284hK9b51cwrYP
[2026-04-15 17:54:10] INFO: 📬 Consultez vos emails de test sur : https://ethereal.email
[2026-04-15 17:54:13] INFO: 📧 Email envoyé - Prévisualisation : https://ethereal.email/message/ad.Chc1XWISjV0tsad.Chyl.9CxZwnEuAAAAAU7HWi821zw3hioCLxteKck
[2026-04-15 17:54:13] INFO: ✉️ Email envoyé à : manager.dev@cni.tn | Sujet : ✅ Validation requise - Demande formation de Ahmed Chaabane
[2026-04-15 17:54:13] INFO: 📝 Demande inscription formation #1 par employé #4
[2026-04-15 17:54:13] INFO: [WORKFLOW] formation-demande | inscription#10 | soumise_manager
[2026-04-15 17:54:13] INFO: 📧 Email envoyé - Prévisualisation : https://ethereal.email/message/ad.Chc1XWISjV0tsad.CiEI3YJ8VoncXAAAAAqfB7rdpSvmsCdqjfCwTiwk
[2026-04-15 17:54:13] INFO: ✉️ Email envoyé à : manager.dev@cni.tn | Sujet : ✅ Validation requise - Demande formation de Ahmed Chaabane
[2026-04-15 17:54:13] INFO: 📝 Demande inscription formation #3 par employé #4
[2026-04-15 17:54:13] INFO: [WORKFLOW] formation-demande | inscription#11 | soumise_manager
[2026-04-15 17:54:15] INFO: 📧 Email envoyé - Prévisualisation : https://ethereal.email/message/ad.Chc1XWISjV0tsad.CiSl.9CxZwnExAAAAA0Bm69OoyYi5ET1W8R827P4
[2026-04-15 17:54:15] INFO: ✉️ Email envoyé à : manager.dev@cni.tn | Sujet : ✅ Validation requise - Demande formation de Ahmed Chaabane
[2026-04-15 17:54:15] INFO: 📝 Demande inscription formation #4 par employé #4
[2026-04-15 17:54:15] INFO: [WORKFLOW] formation-demande | inscription#12 | soumise_manager
[2026-04-15 17:54:28] INFO: 👋 Déconnexion : utilisateur ID 4
[2026-04-15 17:54:33] INFO: ✅ Connexion réussie : rh@cni.tn (Direction_RH)
[2026-04-15 17:54:38] INFO: 📅 Rappels envoyés : 0
[2026-04-15 17:54:38] INFO: 📅 Rappels formations envoyés : 0
[2026-04-15 17:55:18] INFO: 👋 Déconnexion : utilisateur ID 1
[2026-04-15 17:55:23] INFO: ✅ Connexion réussie : manager.dev@cni.tn (Manager)
[2026-04-15 17:55:26] ERROR: Error: 
    at Query.run (C:\Users\Adem\OneDrive\Bureau\test\backend\node_modules\sequelize\src\dialects\mysql\query.js:46:25)
    at C:\Users\Adem\OneDrive\Bureau\test\backend\node_modules\sequelize\src\sequelize.js:650:28
    at processTicksAndRejections (node:internal/process/task_queues:95:5)
    at MySQLQueryInterface.rawSelect (C:\Users\Adem\OneDrive\Bureau\test\backend\node_modules\sequelize\src\dialects\abstract\query-interface.js:1043:18)
    at Function.aggregate (C:\Users\Adem\OneDrive\Bureau\test\backend\node_modules\sequelize\src\model.js:2067:19)
    at Function.count (C:\Users\Adem\OneDrive\Bureau\test\backend\node_modules\sequelize\src\model.js:2124:20)
    at Function.list (C:\Users\Adem\OneDrive\Bureau\test\backend\src\services\inAppNotification.service.ts:49:19)
    at C:\Users\Adem\OneDrive\Bureau\test\backend\src\routes\notifications.routes.ts:14:18
[2026-04-15 17:55:34] INFO: [WORKFLOW] formation-inscription | inscription#10 | valide_manager
[2026-04-15 17:55:35] INFO: 📧 Email envoyé - Prévisualisation : https://ethereal.email/message/ad.Chc1XWISjV0tsad.C2il.9CxZwnFVAAAABAv0AnEdZhrn4ZpU0rxWXw4
[2026-04-15 17:55:35] INFO: ✉️ Email envoyé à : rh@cni.tn | Sujet : 🔍 Validation finale requise - Ahmed Chaabane → React 18 & TypeScript - Développement Frontend Avancé
[2026-04-15 17:55:38] INFO: 📧 Email envoyé - Prévisualisation : https://ethereal.email/message/ad.Chc1XWISjV0tsad.C3Sl.9CxZwnFYAAAABc5G9RGLNpeIO9M3i37yU8Q
[2026-04-15 17:55:38] INFO: ✉️ Email envoyé à : ahmed@cni.tn | Sujet : Demande de formation refusée - Management & Leadership - Gestion d'Équipe
[2026-04-15 17:55:42] INFO: 📧 Email envoyé - Prévisualisation : https://ethereal.email/message/ad.Chc1XWISjV0tsad.C4EI3YJ8Vonc1AAAABgYyJoIfEBtb.7dZRFfoL8A
[2026-04-15 17:55:42] INFO: ✉️ Email envoyé à : ahmed@cni.tn | Sujet : Demande de formation refusée - DevOps - Docker, Kubernetes & CI/CD
[2026-04-15 17:55:47] ERROR: Error: 
    at Query.run (C:\Users\Adem\OneDrive\Bureau\test\backend\node_modules\sequelize\src\dialects\mysql\query.js:46:25)
    at C:\Users\Adem\OneDrive\Bureau\test\backend\node_modules\sequelize\src\sequelize.js:650:28
    at processTicksAndRejections (node:internal/process/task_queues:95:5)
    at MySQLQueryInterface.rawSelect (C:\Users\Adem\OneDrive\Bureau\test\backend\node_modules\sequelize\src\dialects\abstract\query-interface.js:1043:18)
    at Function.aggregate (C:\Users\Adem\OneDrive\Bureau\test\backend\node_modules\sequelize\src\model.js:2067:19)
    at Function.count (C:\Users\Adem\OneDrive\Bureau\test\backend\node_modules\sequelize\src\model.js:2124:20)
    at Function.list (C:\Users\Adem\OneDrive\Bureau\test\backend\src\services\inAppNotification.service.ts:49:19)
    at C:\Users\Adem\OneDrive\Bureau\test\backend\src\routes\notifications.routes.ts:14:18
[2026-04-15 17:55:49] ERROR: Error: 
    at Query.run (C:\Users\Adem\OneDrive\Bureau\test\backend\node_modules\sequelize\src\dialects\mysql\query.js:46:25)
    at C:\Users\Adem\OneDrive\Bureau\test\backend\node_modules\sequelize\src\sequelize.js:650:28
    at processTicksAndRejections (node:internal/process/task_queues:95:5)
    at MySQLQueryInterface.rawSelect (C:\Users\Adem\OneDrive\Bureau\test\backend\node_modules\sequelize\src\dialects\abstract\query-interface.js:1043:18)
    at Function.aggregate (C:\Users\Adem\OneDrive\Bureau\test\backend\node_modules\sequelize\src\model.js:2067:19)
    at Function.count (C:\Users\Adem\OneDrive\Bureau\test\backend\node_modules\sequelize\src\model.js:2124:20)
    at Function.list (C:\Users\Adem\OneDrive\Bureau\test\backend\src\services\inAppNotification.service.ts:49:19)
    at C:\Users\Adem\OneDrive\Bureau\test\backend\src\routes\notifications.routes.ts:14:18
[2026-04-15 17:56:03] INFO: 👋 Déconnexion : utilisateur ID 2
[2026-04-15 17:56:11] INFO: ✅ Connexion réussie : manager.inf@cni.tn (Manager)
[2026-04-15 17:56:11] ERROR: Error: 
    at Query.run (C:\Users\Adem\OneDrive\Bureau\test\backend\node_modules\sequelize\src\dialects\mysql\query.js:46:25)
    at C:\Users\Adem\OneDrive\Bureau\test\backend\node_modules\sequelize\src\sequelize.js:650:28
    at processTicksAndRejections (node:internal/process/task_queues:95:5)
    at MySQLQueryInterface.rawSelect (C:\Users\Adem\OneDrive\Bureau\test\backend\node_modules\sequelize\src\dialects\abstract\query-interface.js:1043:18)
    at Function.aggregate (C:\Users\Adem\OneDrive\Bureau\test\backend\node_modules\sequelize\src\model.js:2067:19)
    at Function.count (C:\Users\Adem\OneDrive\Bureau\test\backend\node_modules\sequelize\src\model.js:2124:20)
    at Function.list (C:\Users\Adem\OneDrive\Bureau\test\backend\src\services\inAppNotification.service.ts:49:19)
    at C:\Users\Adem\OneDrive\Bureau\test\backend\src\routes\notifications.routes.ts:14:18
[2026-04-15 17:56:23] INFO: 📧 Email envoyé - Prévisualisation : https://ethereal.email/message/ad.Chc1XWISjV0tsad.DCuHwJ1INduzwAAAAB4q29oXu0i3lR0woa6eC2UE
[2026-04-15 17:56:23] INFO: ✉️ Email envoyé à : leila@cni.tn | Sujet : Demande de formation refusée - React 18 & TypeScript - Développement Frontend Avancé
[2026-04-15 17:56:30] INFO: 👋 Déconnexion : utilisateur ID 3
[2026-04-15 17:57:22] INFO: ✅ Nouveau compte créé : ademghanmifr@gmail.com (Direction_RH)
[2026-04-15 17:57:51] INFO: 👋 Déconnexion : utilisateur ID 9
[2026-04-15 22:53:39] INFO: 📦 Connexion MySQL réussie
[2026-04-15 22:53:41] INFO: 🔄 Tables Sequelize vérifiées (création si absentes ; alter désactivé).
[2026-04-15 22:53:41] INFO: ✅ Connexion MySQL établie
[2026-04-15 22:53:41] INFO: 🚀 Serveur CNI démarré sur le port 5000
[2026-04-15 22:53:41] INFO: 📡 Environnement : development
[2026-04-15 22:53:41] INFO: 🌐 URL : http://localhost:5000
[2026-04-15 22:53:41] INFO: 📊 API Health : http://localhost:5000/api/health
[2026-04-15 22:53:59] INFO: ✅ Connexion réussie : rh@cni.tn (Direction_RH)
[2026-04-15 22:55:54] INFO: 📦 Connexion MySQL réussie
[2026-04-15 22:55:56] INFO: 🔄 Tables Sequelize vérifiées (création si absentes ; alter désactivé).
[2026-04-15 22:55:56] INFO: ✅ Connexion MySQL établie
[2026-04-15 22:55:56] INFO: 🚀 Serveur CNI démarré sur le port 5000
[2026-04-15 22:55:56] INFO: 📡 Environnement : development
[2026-04-15 22:55:56] INFO: 🌐 URL : http://localhost:5000
[2026-04-15 22:55:56] INFO: 📊 API Health : http://localhost:5000/api/health
[2026-04-15 22:56:01] INFO: 📦 Connexion MySQL réussie
[2026-04-15 22:56:03] INFO: 🔄 Tables Sequelize vérifiées (création si absentes ; alter désactivé).
[2026-04-15 22:56:03] INFO: ✅ Connexion MySQL établie
[2026-04-15 22:56:03] INFO: 🚀 Serveur CNI démarré sur le port 5000
[2026-04-15 22:56:03] INFO: 📡 Environnement : development
[2026-04-15 22:56:03] INFO: 🌐 URL : http://localhost:5000
[2026-04-15 22:56:03] INFO: 📊 API Health : http://localhost:5000/api/health
[2026-04-15 22:56:07] INFO: 📦 Connexion MySQL réussie
[2026-04-15 22:56:09] INFO: 🔄 Tables Sequelize vérifiées (création si absentes ; alter désactivé).
[2026-04-15 22:56:09] INFO: ✅ Connexion MySQL établie
[2026-04-15 22:56:09] INFO: 🚀 Serveur CNI démarré sur le port 5000
[2026-04-15 22:56:09] INFO: 📡 Environnement : development
[2026-04-15 22:56:09] INFO: 🌐 URL : http://localhost:5000
[2026-04-15 22:56:09] INFO: 📊 API Health : http://localhost:5000/api/health
[2026-04-15 22:56:21] INFO: 📦 Connexion MySQL réussie
[2026-04-15 22:56:23] INFO: 🔄 Tables Sequelize vérifiées (création si absentes ; alter désactivé).
[2026-04-15 22:56:23] INFO: ✅ Connexion MySQL établie
[2026-04-15 22:56:23] INFO: 🚀 Serveur CNI démarré sur le port 5000
[2026-04-15 22:56:23] INFO: 📡 Environnement : development
[2026-04-15 22:56:23] INFO: 🌐 URL : http://localhost:5000
[2026-04-15 22:56:23] INFO: 📊 API Health : http://localhost:5000/api/health
[2026-04-15 22:56:28] INFO: 📦 Connexion MySQL réussie
[2026-04-15 22:56:30] INFO: 🔄 Tables Sequelize vérifiées (création si absentes ; alter désactivé).
[2026-04-15 22:56:30] INFO: ✅ Connexion MySQL établie
[2026-04-15 22:56:30] INFO: 🚀 Serveur CNI démarré sur le port 5000
[2026-04-15 22:56:30] INFO: 📡 Environnement : development
[2026-04-15 22:56:30] INFO: 🌐 URL : http://localhost:5000
[2026-04-15 22:56:30] INFO: 📊 API Health : http://localhost:5000/api/health
[2026-04-15 22:56:35] INFO: 📦 Connexion MySQL réussie
[2026-04-15 22:56:37] INFO: 🔄 Tables Sequelize vérifiées (création si absentes ; alter désactivé).
[2026-04-15 22:56:37] INFO: ✅ Connexion MySQL établie
[2026-04-15 22:56:37] INFO: 🚀 Serveur CNI démarré sur le port 5000
[2026-04-15 22:56:37] INFO: 📡 Environnement : development
[2026-04-15 22:56:37] INFO: 🌐 URL : http://localhost:5000
[2026-04-15 22:56:37] INFO: 📊 API Health : http://localhost:5000/api/health
[2026-04-15 22:56:40] INFO: 📦 Connexion MySQL réussie
[2026-04-15 22:56:42] INFO: 🔄 Tables Sequelize vérifiées (création si absentes ; alter désactivé).
[2026-04-15 22:56:42] INFO: ✅ Connexion MySQL établie
[2026-04-15 22:56:42] INFO: 🚀 Serveur CNI démarré sur le port 5000
[2026-04-15 22:56:42] INFO: 📡 Environnement : development
[2026-04-15 22:56:42] INFO: 🌐 URL : http://localhost:5000
[2026-04-15 22:56:42] INFO: 📊 API Health : http://localhost:5000/api/health
[2026-04-15 22:57:02] INFO: 📦 Connexion MySQL réussie
[2026-04-15 22:57:04] INFO: 🔄 Tables Sequelize vérifiées (création si absentes ; alter désactivé).
[2026-04-15 22:57:04] INFO: ✅ Connexion MySQL établie
[2026-04-15 22:57:04] INFO: 🚀 Serveur CNI démarré sur le port 5000
[2026-04-15 22:57:04] INFO: 📡 Environnement : development
[2026-04-15 22:57:04] INFO: 🌐 URL : http://localhost:5000
[2026-04-15 22:57:04] INFO: 📊 API Health : http://localhost:5000/api/health
[2026-04-15 22:57:08] INFO: 📦 Connexion MySQL réussie
[2026-04-15 22:57:08] ERROR: Error: 
    at Query.run (C:\Users\Adem\OneDrive\Bureau\test\backend\node_modules\sequelize\src\dialects\mysql\query.js:46:25)
    at C:\Users\Adem\OneDrive\Bureau\test\backend\node_modules\sequelize\src\sequelize.js:650:28
    at processTicksAndRejections (node:internal/process/task_queues:95:5)
    at Function.sync (C:\Users\Adem\OneDrive\Bureau\test\backend\node_modules\sequelize\src\model.js:1408:11)
    at Sequelize._syncModelsWithCyclicReferences (C:\Users\Adem\OneDrive\Bureau\test\backend\node_modules\sequelize\src\sequelize.js:861:7)
    at connectDB (C:\Users\Adem\OneDrive\Bureau\test\backend\src\config\database.ts:57:9)
    at startServer (C:\Users\Adem\OneDrive\Bureau\test\backend\src\server.ts:128:5)
[2026-04-15 22:59:04] INFO: 📦 Connexion MySQL réussie
[2026-04-15 22:59:04] ERROR: Error: 
    at Query.run (C:\Users\Adem\OneDrive\Bureau\test\backend\node_modules\sequelize\src\dialects\mysql\query.js:46:25)
    at C:\Users\Adem\OneDrive\Bureau\test\backend\node_modules\sequelize\src\sequelize.js:650:28
    at processTicksAndRejections (node:internal/process/task_queues:95:5)
    at Function.sync (C:\Users\Adem\OneDrive\Bureau\test\backend\node_modules\sequelize\src\model.js:1408:11)
    at Sequelize._syncModelsWithCyclicReferences (C:\Users\Adem\OneDrive\Bureau\test\backend\node_modules\sequelize\src\sequelize.js:861:7)
    at connectDB (C:\Users\Adem\OneDrive\Bureau\test\backend\src\config\database.ts:57:9)
    at startServer (C:\Users\Adem\OneDrive\Bureau\test\backend\src\server.ts:128:5)
[2026-04-15 23:01:56] INFO: 📦 Connexion MySQL réussie
[2026-04-15 23:01:57] ERROR: Error
    at Query.run (C:\Users\Adem\OneDrive\Bureau\test\backend\node_modules\sequelize\src\dialects\mysql\query.js:46:25)
    at C:\Users\Adem\OneDrive\Bureau\test\backend\node_modules\sequelize\src\sequelize.js:650:28
    at processTicksAndRejections (node:internal/process/task_queues:95:5)
    at async Function.sync (C:\Users\Adem\OneDrive\Bureau\test\backend\node_modules\sequelize\src\model.js:1408:11)
    at async Sequelize._syncModelsWithCyclicReferences (C:\Users\Adem\OneDrive\Bureau\test\backend\node_modules\sequelize\src\sequelize.js:861:7)
    at async connectDB (C:\Users\Adem\OneDrive\Bureau\test\backend\src\config\database.ts:57:9)
    at async seed (C:\Users\Adem\OneDrive\Bureau\test\backend\src\utils\seeder.ts:16:3)
[2026-04-15 23:02:48] INFO: 📦 Connexion MySQL réussie
[2026-04-15 23:02:49] INFO: 🔄 Tables Sequelize vérifiées (création si absentes ; alter désactivé).
[2026-04-15 23:02:49] INFO: 🌱 Début du seeding...
[2026-04-15 23:02:49] INFO: ✅ 5 départements créés
[2026-04-15 23:02:52] INFO: ✅ 7 employés créés
[2026-04-15 23:02:52] INFO: ✅ 5 formations créées
[2026-04-15 23:02:52] INFO: ✅ 4 stagiaires créés
[2026-04-15 23:02:52] INFO: ✅ Inscriptions créées
[2026-04-15 23:03:01] INFO: 📦 Connexion MySQL réussie
[2026-04-15 23:03:03] INFO: 🔄 Tables Sequelize vérifiées (création si absentes ; alter désactivé).
[2026-04-15 23:03:03] INFO: ✅ Connexion MySQL établie
[2026-04-15 23:03:03] INFO: 🚀 Serveur CNI démarré sur le port 5000
[2026-04-15 23:03:03] INFO: 📡 Environnement : development
[2026-04-15 23:03:03] INFO: 🌐 URL : http://localhost:5000
[2026-04-15 23:03:03] INFO: 📊 API Health : http://localhost:5000/api/health
[2026-04-15 23:08:28] INFO: 📦 Connexion MySQL réussie
[2026-04-15 23:08:30] INFO: 🔄 Tables Sequelize vérifiées (création si absentes ; alter désactivé).
[2026-04-15 23:08:30] INFO: ✅ Connexion MySQL établie
[2026-04-15 23:08:30] INFO: 🚀 Serveur CNI démarré sur le port 5000
[2026-04-15 23:08:30] INFO: 📡 Environnement : development
[2026-04-15 23:08:30] INFO: 🌐 URL : http://localhost:5000
[2026-04-15 23:08:30] INFO: 📊 API Health : http://localhost:5000/api/health
[2026-04-15 23:08:35] INFO: 📦 Connexion MySQL réussie
[2026-04-15 23:08:37] INFO: 🔄 Tables Sequelize vérifiées (création si absentes ; alter désactivé).
[2026-04-15 23:08:37] INFO: ✅ Connexion MySQL établie
[2026-04-15 23:08:37] INFO: 🚀 Serveur CNI démarré sur le port 5000
[2026-04-15 23:08:37] INFO: 📡 Environnement : development
[2026-04-15 23:08:37] INFO: 🌐 URL : http://localhost:5000
[2026-04-15 23:08:37] INFO: 📊 API Health : http://localhost:5000/api/health
[2026-04-15 23:10:33] INFO: 📦 Connexion MySQL réussie
[2026-04-15 23:10:35] INFO: 🔄 Tables Sequelize vérifiées (création si absentes ; alter désactivé).
[2026-04-15 23:10:35] INFO: ✅ Connexion MySQL établie
[2026-04-15 23:10:35] INFO: 🚀 Serveur CNI démarré sur le port 5000
[2026-04-15 23:10:35] INFO: 📡 Environnement : development
[2026-04-15 23:10:35] INFO: 🌐 URL : http://localhost:5000
[2026-04-15 23:10:35] INFO: 📊 API Health : http://localhost:5000/api/health
[2026-04-15 23:10:43] INFO: 📦 Connexion MySQL réussie
[2026-04-15 23:10:45] INFO: 🔄 Tables Sequelize vérifiées (création si absentes ; alter désactivé).
[2026-04-15 23:10:45] INFO: ✅ Connexion MySQL établie
[2026-04-15 23:10:45] INFO: 🚀 Serveur CNI démarré sur le port 5000
[2026-04-15 23:10:45] INFO: 📡 Environnement : development
[2026-04-15 23:10:45] INFO: 🌐 URL : http://localhost:5000
[2026-04-15 23:10:45] INFO: 📊 API Health : http://localhost:5000/api/health
[2026-04-15 23:11:01] INFO: 📦 Connexion MySQL réussie
[2026-04-15 23:11:02] INFO: 🔄 Tables Sequelize vérifiées (création si absentes ; alter désactivé).
[2026-04-15 23:11:02] INFO: ✅ Connexion MySQL établie
[2026-04-15 23:11:02] INFO: 🚀 Serveur CNI démarré sur le port 5000
[2026-04-15 23:11:02] INFO: 📡 Environnement : development
[2026-04-15 23:11:02] INFO: 🌐 URL : http://localhost:5000
[2026-04-15 23:11:02] INFO: 📊 API Health : http://localhost:5000/api/health
[2026-04-15 23:11:14] INFO: 📦 Connexion MySQL réussie
[2026-04-15 23:11:16] INFO: 🔄 Tables Sequelize vérifiées (création si absentes ; alter désactivé).
[2026-04-15 23:11:16] INFO: ✅ Connexion MySQL établie
[2026-04-15 23:11:16] INFO: 🚀 Serveur CNI démarré sur le port 5000
[2026-04-15 23:11:16] INFO: 📡 Environnement : development
[2026-04-15 23:11:16] INFO: 🌐 URL : http://localhost:5000
[2026-04-15 23:11:16] INFO: 📊 API Health : http://localhost:5000/api/health
[2026-04-15 23:11:30] INFO: 📦 Connexion MySQL réussie
[2026-04-15 23:11:32] INFO: 🔄 Tables Sequelize vérifiées (création si absentes ; alter désactivé).
[2026-04-15 23:11:32] INFO: ✅ Connexion MySQL établie
[2026-04-15 23:11:32] INFO: 🚀 Serveur CNI démarré sur le port 5000
[2026-04-15 23:11:32] INFO: 📡 Environnement : development
[2026-04-15 23:11:32] INFO: 🌐 URL : http://localhost:5000
[2026-04-15 23:11:32] INFO: 📊 API Health : http://localhost:5000/api/health
[2026-04-15 23:14:23] INFO: 📦 Connexion MySQL réussie
[2026-04-15 23:14:30] INFO: 🔄 Tables Sequelize vérifiées (création si absentes ; alter désactivé).
[2026-04-15 23:14:30] INFO: ✅ Connexion MySQL établie
[2026-04-15 23:14:30] INFO: 🚀 Serveur CNI démarré sur le port 5000
[2026-04-15 23:14:30] INFO: 📡 Environnement : development
[2026-04-15 23:14:30] INFO: 🌐 URL : http://localhost:5000
[2026-04-15 23:14:30] INFO: 📊 API Health : http://localhost:5000/api/health
[2026-04-15 23:14:30] INFO: 💬 Socket.IO : path /socket.io
[2026-04-15 23:14:34] WARN: Token JWT invalide ou expiré
[2026-04-15 23:14:34] WARN: Tentative d'accès avec token invalide depuis ::1
[2026-04-15 23:14:34] WARN: Token JWT invalide ou expiré
[2026-04-15 23:14:52] INFO: ✅ Connexion réussie : rh@cni.tn (Direction_RH)
[2026-04-15 23:21:44] INFO: 📦 Connexion MySQL réussie
[2026-04-15 23:21:46] INFO: 🔄 Tables Sequelize vérifiées (création si absentes ; alter désactivé).
[2026-04-15 23:21:46] INFO: ✅ Connexion MySQL établie
[2026-04-15 23:21:46] INFO: 🚀 Serveur CNI démarré sur le port 5000
[2026-04-15 23:21:46] INFO: 📡 Environnement : development
[2026-04-15 23:21:46] INFO: 🌐 URL : http://localhost:5000
[2026-04-15 23:21:46] INFO: 📊 API Health : http://localhost:5000/api/health
[2026-04-15 23:21:46] INFO: 💬 Socket.IO : path /socket.io
[2026-04-15 23:21:50] INFO: 📦 Connexion MySQL réussie
[2026-04-15 23:21:52] INFO: 🔄 Tables Sequelize vérifiées (création si absentes ; alter désactivé).
[2026-04-15 23:21:52] INFO: ✅ Connexion MySQL établie
[2026-04-15 23:21:52] INFO: 🚀 Serveur CNI démarré sur le port 5000
[2026-04-15 23:21:52] INFO: 📡 Environnement : development
[2026-04-15 23:21:52] INFO: 🌐 URL : http://localhost:5000
[2026-04-15 23:21:52] INFO: 📊 API Health : http://localhost:5000/api/health
[2026-04-15 23:21:52] INFO: 💬 Socket.IO : path /socket.io
[2026-04-15 23:21:57] INFO: 📦 Connexion MySQL réussie
[2026-04-15 23:21:59] INFO: 🔄 Tables Sequelize vérifiées (création si absentes ; alter désactivé).
[2026-04-15 23:21:59] INFO: ✅ Connexion MySQL établie
[2026-04-15 23:21:59] INFO: 🚀 Serveur CNI démarré sur le port 5000
[2026-04-15 23:21:59] INFO: 📡 Environnement : development
[2026-04-15 23:21:59] INFO: 🌐 URL : http://localhost:5000
[2026-04-15 23:21:59] INFO: 📊 API Health : http://localhost:5000/api/health
[2026-04-15 23:21:59] INFO: 💬 Socket.IO : path /socket.io
[2026-04-15 23:22:25] INFO: 📦 Connexion MySQL réussie
[2026-04-15 23:22:27] INFO: 📦 Connexion MySQL réussie
[2026-04-15 23:22:29] INFO: 🔄 Tables Sequelize vérifiées (création si absentes ; alter désactivé).
[2026-04-15 23:22:29] INFO: ✅ Connexion MySQL établie
[2026-04-15 23:22:29] INFO: 🚀 Serveur CNI démarré sur le port 5000
[2026-04-15 23:22:29] INFO: 📡 Environnement : development
[2026-04-15 23:22:29] INFO: 🌐 URL : http://localhost:5000
[2026-04-15 23:22:29] INFO: 📊 API Health : http://localhost:5000/api/health
[2026-04-15 23:22:29] INFO: 💬 Socket.IO : path /socket.io
[2026-04-15 23:22:37] INFO: 📦 Connexion MySQL réussie
[2026-04-15 23:22:39] INFO: 🔄 Tables Sequelize vérifiées (création si absentes ; alter désactivé).
[2026-04-15 23:22:39] INFO: ✅ Connexion MySQL établie
[2026-04-15 23:22:39] INFO: 🚀 Serveur CNI démarré sur le port 5000
[2026-04-15 23:22:39] INFO: 📡 Environnement : development
[2026-04-15 23:22:39] INFO: 🌐 URL : http://localhost:5000
[2026-04-15 23:22:39] INFO: 📊 API Health : http://localhost:5000/api/health
[2026-04-15 23:22:39] INFO: 💬 Socket.IO : path /socket.io
[2026-04-15 23:22:58] INFO: 📦 Connexion MySQL réussie
[2026-04-15 23:23:00] INFO: 🔄 Tables Sequelize vérifiées (création si absentes ; alter désactivé).
[2026-04-15 23:23:00] INFO: ✅ Connexion MySQL établie
[2026-04-15 23:23:00] INFO: 🚀 Serveur CNI démarré sur le port 5000
[2026-04-15 23:23:00] INFO: 📡 Environnement : development
[2026-04-15 23:23:00] INFO: 🌐 URL : http://localhost:5000
[2026-04-15 23:23:00] INFO: 📊 API Health : http://localhost:5000/api/health
[2026-04-15 23:23:00] INFO: 💬 Socket.IO : path /socket.io
[2026-04-15 23:23:09] INFO: 📦 Connexion MySQL réussie
[2026-04-15 23:23:11] INFO: 🔄 Tables Sequelize vérifiées (création si absentes ; alter désactivé).
[2026-04-15 23:23:11] INFO: ✅ Connexion MySQL établie
[2026-04-15 23:23:11] INFO: 🚀 Serveur CNI démarré sur le port 5000
[2026-04-15 23:23:11] INFO: 📡 Environnement : development
[2026-04-15 23:23:11] INFO: 🌐 URL : http://localhost:5000
[2026-04-15 23:23:11] INFO: 📊 API Health : http://localhost:5000/api/health
[2026-04-15 23:23:11] INFO: 💬 Socket.IO : path /socket.io
[2026-04-15 23:23:16] INFO: 📦 Connexion MySQL réussie
[2026-04-15 23:23:18] INFO: 🔄 Tables Sequelize vérifiées (création si absentes ; alter désactivé).
[2026-04-15 23:23:18] INFO: ✅ Connexion MySQL établie
[2026-04-15 23:23:18] INFO: 🚀 Serveur CNI démarré sur le port 5000
[2026-04-15 23:23:18] INFO: 📡 Environnement : development
[2026-04-15 23:23:18] INFO: 🌐 URL : http://localhost:5000
[2026-04-15 23:23:18] INFO: 📊 API Health : http://localhost:5000/api/health
[2026-04-15 23:23:18] INFO: 💬 Socket.IO : path /socket.io
[2026-04-15 23:23:22] INFO: 📦 Connexion MySQL réussie
[2026-04-15 23:23:24] INFO: 🔄 Tables Sequelize vérifiées (création si absentes ; alter désactivé).
[2026-04-15 23:23:24] INFO: ✅ Connexion MySQL établie
[2026-04-15 23:23:24] INFO: 🚀 Serveur CNI démarré sur le port 5000
[2026-04-15 23:23:24] INFO: 📡 Environnement : development
[2026-04-15 23:23:24] INFO: 🌐 URL : http://localhost:5000
[2026-04-15 23:23:24] INFO: 📊 API Health : http://localhost:5000/api/health
[2026-04-15 23:23:24] INFO: 💬 Socket.IO : path /socket.io
[2026-04-15 23:23:51] INFO: 📦 Connexion MySQL réussie
[2026-04-15 23:23:54] INFO: 🔄 Tables Sequelize vérifiées (création si absentes ; alter désactivé).
[2026-04-15 23:23:54] INFO: ✅ Connexion MySQL établie
[2026-04-15 23:23:54] INFO: 🚀 Serveur CNI démarré sur le port 5000
[2026-04-15 23:23:54] INFO: 📡 Environnement : development
[2026-04-15 23:23:54] INFO: 🌐 URL : http://localhost:5000
[2026-04-15 23:23:54] INFO: 📊 API Health : http://localhost:5000/api/health
[2026-04-15 23:23:54] INFO: 💬 Socket.IO : path /socket.io
[2026-04-15 23:23:59] INFO: 📦 Connexion MySQL réussie
[2026-04-15 23:24:03] INFO: 🔄 Tables Sequelize vérifiées (création si absentes ; alter désactivé).
[2026-04-15 23:24:03] INFO: ✅ Connexion MySQL établie
[2026-04-15 23:24:03] INFO: 🚀 Serveur CNI démarré sur le port 5000
[2026-04-15 23:24:03] INFO: 📡 Environnement : development
[2026-04-15 23:24:03] INFO: 🌐 URL : http://localhost:5000
[2026-04-15 23:24:03] INFO: 📊 API Health : http://localhost:5000/api/health
[2026-04-15 23:24:03] INFO: 💬 Socket.IO : path /socket.io
[2026-04-15 23:24:08] INFO: 📦 Connexion MySQL réussie
[2026-04-15 23:24:10] INFO: 🔄 Tables Sequelize vérifiées (création si absentes ; alter désactivé).
[2026-04-15 23:24:10] INFO: ✅ Connexion MySQL établie
[2026-04-15 23:24:10] INFO: 🚀 Serveur CNI démarré sur le port 5000
[2026-04-15 23:24:10] INFO: 📡 Environnement : development
[2026-04-15 23:24:10] INFO: 🌐 URL : http://localhost:5000
[2026-04-15 23:24:10] INFO: 📊 API Health : http://localhost:5000/api/health
[2026-04-15 23:24:10] INFO: 💬 Socket.IO : path /socket.io
[2026-04-15 23:24:23] INFO: 📦 Connexion MySQL réussie
[2026-04-15 23:24:24] INFO: 🔄 Tables Sequelize vérifiées (création si absentes ; alter désactivé).
[2026-04-15 23:24:24] INFO: ✅ Connexion MySQL établie
[2026-04-15 23:24:24] INFO: 🚀 Serveur CNI démarré sur le port 5000
[2026-04-15 23:24:24] INFO: 📡 Environnement : development
[2026-04-15 23:24:24] INFO: 🌐 URL : http://localhost:5000
[2026-04-15 23:24:24] INFO: 📊 API Health : http://localhost:5000/api/health
[2026-04-15 23:24:24] INFO: 💬 Socket.IO : path /socket.io
[2026-04-15 23:24:29] INFO: 📦 Connexion MySQL réussie
[2026-04-15 23:24:38] INFO: 🔄 Tables Sequelize vérifiées (création si absentes ; alter désactivé).
[2026-04-15 23:24:38] INFO: ✅ Connexion MySQL établie
[2026-04-15 23:24:38] INFO: 🚀 Serveur CNI démarré sur le port 5000
[2026-04-15 23:24:38] INFO: 📡 Environnement : development
[2026-04-15 23:24:38] INFO: 🌐 URL : http://localhost:5000
[2026-04-15 23:24:38] INFO: 📊 API Health : http://localhost:5000/api/health
[2026-04-15 23:24:38] INFO: 💬 Socket.IO : path /socket.io
[2026-04-15 23:24:44] INFO: 📦 Connexion MySQL réussie
[2026-04-15 23:24:46] INFO: 🔄 Tables Sequelize vérifiées (création si absentes ; alter désactivé).
[2026-04-15 23:24:46] INFO: ✅ Connexion MySQL établie
[2026-04-15 23:24:46] INFO: 🚀 Serveur CNI démarré sur le port 5000
[2026-04-15 23:24:46] INFO: 📡 Environnement : development
[2026-04-15 23:24:46] INFO: 🌐 URL : http://localhost:5000
[2026-04-15 23:24:46] INFO: 📊 API Health : http://localhost:5000/api/health
[2026-04-15 23:24:46] INFO: 💬 Socket.IO : path /socket.io
[2026-04-15 23:24:53] INFO: 📦 Connexion MySQL réussie
[2026-04-15 23:24:55] INFO: 🔄 Tables Sequelize vérifiées (création si absentes ; alter désactivé).
[2026-04-15 23:24:55] INFO: ✅ Connexion MySQL établie
[2026-04-15 23:24:55] INFO: 🚀 Serveur CNI démarré sur le port 5000
[2026-04-15 23:24:55] INFO: 📡 Environnement : development
[2026-04-15 23:24:55] INFO: 🌐 URL : http://localhost:5000
[2026-04-15 23:24:55] INFO: 📊 API Health : http://localhost:5000/api/health
[2026-04-15 23:24:55] INFO: 💬 Socket.IO : path /socket.io
[2026-04-15 23:31:08] WARN: Token JWT invalide ou expiré
[2026-04-15 23:31:08] WARN: Tentative d'accès avec token invalide depuis ::1
[2026-04-15 23:31:08] WARN: Token JWT invalide ou expiré
[2026-04-15 23:31:08] WARN: Tentative d'accès avec token invalide depuis ::1
[2026-04-15 23:32:20] WARN: Token JWT invalide ou expiré
[2026-04-15 23:36:35] INFO: 📦 Connexion MySQL réussie
[2026-04-15 23:36:37] INFO: 🔄 Tables Sequelize vérifiées (création si absentes ; alter désactivé).
[2026-04-15 23:36:37] INFO: ✅ Connexion MySQL établie
[2026-04-15 23:36:37] INFO: 🚀 Serveur CNI démarré sur le port 5000
[2026-04-15 23:36:37] INFO: 📡 Environnement : development
[2026-04-15 23:36:37] INFO: 🌐 URL : http://localhost:5000
[2026-04-15 23:36:37] INFO: 📊 API Health : http://localhost:5000/api/health
[2026-04-15 23:36:37] INFO: 💬 Socket.IO : path /socket.io
[2026-04-15 23:47:15] WARN: Token JWT invalide ou expiré
[2026-04-15 23:47:15] WARN: Tentative d'accès avec token invalide depuis ::1
[2026-04-16 00:02:32] WARN: Token JWT invalide ou expiré
[2026-04-16 00:02:32] WARN: Tentative d'accès avec token invalide depuis ::1
[2026-04-16 00:02:32] WARN: Token JWT invalide ou expiré
[2026-04-16 00:02:32] WARN: Tentative d'accès avec token invalide depuis ::1
[2026-04-16 00:04:13] WARN: Token JWT invalide ou expiré
[2026-04-16 00:04:31] WARN: Token JWT invalide ou expiré
[2026-04-16 00:11:31] INFO: 📦 Connexion MySQL réussie
[2026-04-16 00:11:33] INFO: 🔄 Tables Sequelize vérifiées (création si absentes ; alter désactivé).
[2026-04-16 00:11:33] INFO: ✅ Connexion MySQL établie
[2026-04-16 00:11:33] INFO: 🚀 Serveur CNI démarré sur le port 5000
[2026-04-16 00:11:33] INFO: 📡 Environnement : development
[2026-04-16 00:11:33] INFO: 🌐 URL : http://localhost:5000
[2026-04-16 00:11:33] INFO: 📊 API Health : http://localhost:5000/api/health
[2026-04-16 00:11:33] INFO: 💬 Socket.IO : path /socket.io
[2026-04-16 00:11:42] INFO: 📦 Connexion MySQL réussie
[2026-04-16 00:11:44] INFO: 🔄 Tables Sequelize vérifiées (création si absentes ; alter désactivé).
[2026-04-16 00:11:44] INFO: ✅ Connexion MySQL établie
[2026-04-16 00:11:44] INFO: 🚀 Serveur CNI démarré sur le port 5000
[2026-04-16 00:11:44] INFO: 📡 Environnement : development
[2026-04-16 00:11:44] INFO: 🌐 URL : http://localhost:5000
[2026-04-16 00:11:44] INFO: 📊 API Health : http://localhost:5000/api/health
[2026-04-16 00:11:44] INFO: 💬 Socket.IO : path /socket.io
[2026-04-16 00:12:11] INFO: 📦 Connexion MySQL réussie
[2026-04-16 00:12:11] ERROR: Error: 
    at Query.run (C:\Users\Adem\OneDrive\Bureau\test\backend\node_modules\sequelize\src\dialects\mysql\query.js:46:25)
    at C:\Users\Adem\OneDrive\Bureau\test\backend\node_modules\sequelize\src\sequelize.js:650:28
    at processTicksAndRejections (node:internal/process/task_queues:95:5)
    at Function.sync (C:\Users\Adem\OneDrive\Bureau\test\backend\node_modules\sequelize\src\model.js:1408:11)
    at Sequelize._syncModelsWithCyclicReferences (C:\Users\Adem\OneDrive\Bureau\test\backend\node_modules\sequelize\src\sequelize.js:861:7)
    at connectDB (C:\Users\Adem\OneDrive\Bureau\test\backend\src\config\database.ts:57:9)
    at startServer (C:\Users\Adem\OneDrive\Bureau\test\backend\src\server.ts:132:5)
[2026-04-16 00:12:28] INFO: 📦 Connexion MySQL réussie
[2026-04-16 00:12:28] ERROR: Error: 
    at Query.run (C:\Users\Adem\OneDrive\Bureau\test\backend\node_modules\sequelize\src\dialects\mysql\query.js:46:25)
    at C:\Users\Adem\OneDrive\Bureau\test\backend\node_modules\sequelize\src\sequelize.js:650:28
    at processTicksAndRejections (node:internal/process/task_queues:95:5)
    at Function.sync (C:\Users\Adem\OneDrive\Bureau\test\backend\node_modules\sequelize\src\model.js:1408:11)
    at Sequelize._syncModelsWithCyclicReferences (C:\Users\Adem\OneDrive\Bureau\test\backend\node_modules\sequelize\src\sequelize.js:861:7)
    at connectDB (C:\Users\Adem\OneDrive\Bureau\test\backend\src\config\database.ts:57:9)
    at startServer (C:\Users\Adem\OneDrive\Bureau\test\backend\src\server.ts:132:5)
[2026-04-16 00:12:43] INFO: 📦 Connexion MySQL réussie
[2026-04-16 00:12:43] ERROR: Error: 
    at Query.run (C:\Users\Adem\OneDrive\Bureau\test\backend\node_modules\sequelize\src\dialects\mysql\query.js:46:25)
    at C:\Users\Adem\OneDrive\Bureau\test\backend\node_modules\sequelize\src\sequelize.js:650:28
    at processTicksAndRejections (node:internal/process/task_queues:95:5)
    at Function.sync (C:\Users\Adem\OneDrive\Bureau\test\backend\node_modules\sequelize\src\model.js:1408:11)
    at Sequelize._syncModelsWithCyclicReferences (C:\Users\Adem\OneDrive\Bureau\test\backend\node_modules\sequelize\src\sequelize.js:861:7)
    at connectDB (C:\Users\Adem\OneDrive\Bureau\test\backend\src\config\database.ts:57:9)
    at startServer (C:\Users\Adem\OneDrive\Bureau\test\backend\src\server.ts:132:5)
[2026-04-16 00:14:41] INFO: 📦 Connexion MySQL réussie
[2026-04-16 00:14:42] ERROR: Error: 
    at Query.run (C:\Users\Adem\OneDrive\Bureau\test\backend\node_modules\sequelize\src\dialects\mysql\query.js:46:25)
    at C:\Users\Adem\OneDrive\Bureau\test\backend\node_modules\sequelize\src\sequelize.js:650:28
    at processTicksAndRejections (node:internal/process/task_queues:95:5)
    at Function.sync (C:\Users\Adem\OneDrive\Bureau\test\backend\node_modules\sequelize\src\model.js:1408:11)
    at Sequelize._syncModelsWithCyclicReferences (C:\Users\Adem\OneDrive\Bureau\test\backend\node_modules\sequelize\src\sequelize.js:861:7)
    at connectDB (C:\Users\Adem\OneDrive\Bureau\test\backend\src\config\database.ts:57:9)
    at startServer (C:\Users\Adem\OneDrive\Bureau\test\backend\src\server.ts:132:5)
[2026-04-16 00:14:52] INFO: 📦 Connexion MySQL réussie
[2026-04-16 00:14:53] ERROR: Error: 
    at Query.run (C:\Users\Adem\OneDrive\Bureau\test\backend\node_modules\sequelize\src\dialects\mysql\query.js:46:25)
    at C:\Users\Adem\OneDrive\Bureau\test\backend\node_modules\sequelize\src\sequelize.js:650:28
    at processTicksAndRejections (node:internal/process/task_queues:95:5)
    at Function.sync (C:\Users\Adem\OneDrive\Bureau\test\backend\node_modules\sequelize\src\model.js:1408:11)
    at Sequelize._syncModelsWithCyclicReferences (C:\Users\Adem\OneDrive\Bureau\test\backend\node_modules\sequelize\src\sequelize.js:861:7)
    at connectDB (C:\Users\Adem\OneDrive\Bureau\test\backend\src\config\database.ts:57:9)
    at startServer (C:\Users\Adem\OneDrive\Bureau\test\backend\src\server.ts:132:5)
[2026-04-16 00:15:22] INFO: 📦 Connexion MySQL réussie
[2026-04-16 00:15:22] ERROR: Error: 
    at Query.run (C:\Users\Adem\OneDrive\Bureau\test\backend\node_modules\sequelize\src\dialects\mysql\query.js:46:25)
    at C:\Users\Adem\OneDrive\Bureau\test\backend\node_modules\sequelize\src\sequelize.js:650:28
    at processTicksAndRejections (node:internal/process/task_queues:95:5)
    at Function.sync (C:\Users\Adem\OneDrive\Bureau\test\backend\node_modules\sequelize\src\model.js:1408:11)
    at Sequelize._syncModelsWithCyclicReferences (C:\Users\Adem\OneDrive\Bureau\test\backend\node_modules\sequelize\src\sequelize.js:861:7)
    at connectDB (C:\Users\Adem\OneDrive\Bureau\test\backend\src\config\database.ts:57:9)
    at startServer (C:\Users\Adem\OneDrive\Bureau\test\backend\src\server.ts:132:5)
[2026-04-16 00:15:57] INFO: 📦 Connexion MySQL réussie
[2026-04-16 00:15:57] ERROR: Error: 
    at Query.run (C:\Users\Adem\OneDrive\Bureau\test\backend\node_modules\sequelize\src\dialects\mysql\query.js:46:25)
    at C:\Users\Adem\OneDrive\Bureau\test\backend\node_modules\sequelize\src\sequelize.js:650:28
    at processTicksAndRejections (node:internal/process/task_queues:95:5)
    at Function.sync (C:\Users\Adem\OneDrive\Bureau\test\backend\node_modules\sequelize\src\model.js:1408:11)
    at Sequelize._syncModelsWithCyclicReferences (C:\Users\Adem\OneDrive\Bureau\test\backend\node_modules\sequelize\src\sequelize.js:861:7)
    at connectDB (C:\Users\Adem\OneDrive\Bureau\test\backend\src\config\database.ts:57:9)
    at startServer (C:\Users\Adem\OneDrive\Bureau\test\backend\src\server.ts:132:5)
[2026-04-16 00:16:22] INFO: 📦 Connexion MySQL réussie
[2026-04-16 00:16:23] ERROR: Error: 
    at Query.run (C:\Users\Adem\OneDrive\Bureau\test\backend\node_modules\sequelize\src\dialects\mysql\query.js:46:25)
    at C:\Users\Adem\OneDrive\Bureau\test\backend\node_modules\sequelize\src\sequelize.js:650:28
    at processTicksAndRejections (node:internal/process/task_queues:95:5)
    at Function.sync (C:\Users\Adem\OneDrive\Bureau\test\backend\node_modules\sequelize\src\model.js:1408:11)
    at Sequelize._syncModelsWithCyclicReferences (C:\Users\Adem\OneDrive\Bureau\test\backend\node_modules\sequelize\src\sequelize.js:861:7)
    at connectDB (C:\Users\Adem\OneDrive\Bureau\test\backend\src\config\database.ts:57:9)
    at startServer (C:\Users\Adem\OneDrive\Bureau\test\backend\src\server.ts:132:5)
[2026-04-16 00:17:02] INFO: 📦 Connexion MySQL réussie
[2026-04-16 00:17:02] ERROR: Error: 
    at Query.run (C:\Users\Adem\OneDrive\Bureau\test\backend\node_modules\sequelize\src\dialects\mysql\query.js:46:25)
    at C:\Users\Adem\OneDrive\Bureau\test\backend\node_modules\sequelize\src\sequelize.js:650:28
    at processTicksAndRejections (node:internal/process/task_queues:95:5)
    at Function.sync (C:\Users\Adem\OneDrive\Bureau\test\backend\node_modules\sequelize\src\model.js:1408:11)
    at Sequelize._syncModelsWithCyclicReferences (C:\Users\Adem\OneDrive\Bureau\test\backend\node_modules\sequelize\src\sequelize.js:861:7)
    at connectDB (C:\Users\Adem\OneDrive\Bureau\test\backend\src\config\database.ts:57:9)
    at startServer (C:\Users\Adem\OneDrive\Bureau\test\backend\src\server.ts:132:5)
[2026-04-16 00:17:13] INFO: 📦 Connexion MySQL réussie
[2026-04-16 00:17:14] ERROR: Error: 
    at Query.run (C:\Users\Adem\OneDrive\Bureau\test\backend\node_modules\sequelize\src\dialects\mysql\query.js:46:25)
    at C:\Users\Adem\OneDrive\Bureau\test\backend\node_modules\sequelize\src\sequelize.js:650:28
    at processTicksAndRejections (node:internal/process/task_queues:95:5)
    at Function.sync (C:\Users\Adem\OneDrive\Bureau\test\backend\node_modules\sequelize\src\model.js:1408:11)
    at Sequelize._syncModelsWithCyclicReferences (C:\Users\Adem\OneDrive\Bureau\test\backend\node_modules\sequelize\src\sequelize.js:861:7)
    at connectDB (C:\Users\Adem\OneDrive\Bureau\test\backend\src\config\database.ts:57:9)
    at startServer (C:\Users\Adem\OneDrive\Bureau\test\backend\src\server.ts:132:5)
[2026-04-16 00:17:41] INFO: 📦 Connexion MySQL réussie
[2026-04-16 00:17:41] ERROR: Error: 
    at Query.run (C:\Users\Adem\OneDrive\Bureau\test\backend\node_modules\sequelize\src\dialects\mysql\query.js:46:25)
    at C:\Users\Adem\OneDrive\Bureau\test\backend\node_modules\sequelize\src\sequelize.js:650:28
    at processTicksAndRejections (node:internal/process/task_queues:95:5)
    at Function.sync (C:\Users\Adem\OneDrive\Bureau\test\backend\node_modules\sequelize\src\model.js:1408:11)
    at Sequelize._syncModelsWithCyclicReferences (C:\Users\Adem\OneDrive\Bureau\test\backend\node_modules\sequelize\src\sequelize.js:861:7)
    at connectDB (C:\Users\Adem\OneDrive\Bureau\test\backend\src\config\database.ts:57:9)
    at startServer (C:\Users\Adem\OneDrive\Bureau\test\backend\src\server.ts:132:5)
[2026-04-16 00:34:34] INFO: 📦 Connexion MySQL réussie
[2026-04-16 00:34:34] ERROR: Error: 
    at Query.run (C:\Users\Adem\OneDrive\Bureau\test\backend\node_modules\sequelize\src\dialects\mysql\query.js:46:25)
    at C:\Users\Adem\OneDrive\Bureau\test\backend\node_modules\sequelize\src\sequelize.js:650:28
    at processTicksAndRejections (node:internal/process/task_queues:95:5)
    at Function.sync (C:\Users\Adem\OneDrive\Bureau\test\backend\node_modules\sequelize\src\model.js:1408:11)
    at Sequelize._syncModelsWithCyclicReferences (C:\Users\Adem\OneDrive\Bureau\test\backend\node_modules\sequelize\src\sequelize.js:861:7)
    at connectDB (C:\Users\Adem\OneDrive\Bureau\test\backend\src\config\database.ts:57:9)
    at startServer (C:\Users\Adem\OneDrive\Bureau\test\backend\src\server.ts:132:5)
[2026-04-16 00:35:44] INFO: 📦 Connexion MySQL réussie
[2026-04-16 00:35:46] INFO: 🔄 Tables Sequelize vérifiées (création si absentes ; alter désactivé).
[2026-04-16 00:35:46] INFO: 🌱 Début du seeding...
[2026-04-16 00:35:46] INFO: ✅ 5 départements créés
[2026-04-16 00:35:49] INFO: ✅ 7 employés créés
[2026-04-16 00:35:49] INFO: ✅ 5 formations créées
[2026-04-16 00:35:49] INFO: ✅ 4 stagiaires créés
[2026-04-16 00:35:49] INFO: ✅ Inscriptions créées
[2026-04-16 00:35:57] INFO: 📦 Connexion MySQL réussie
[2026-04-16 00:35:58] INFO: 🔄 Tables Sequelize vérifiées (création si absentes ; alter désactivé).
[2026-04-16 00:35:58] INFO: ✅ Connexion MySQL établie
[2026-04-16 00:35:58] INFO: 🚀 Serveur CNI démarré sur le port 5000
[2026-04-16 00:35:58] INFO: 📡 Environnement : development
[2026-04-16 00:35:58] INFO: 🌐 URL : http://localhost:5000
[2026-04-16 00:35:58] INFO: 📊 API Health : http://localhost:5000/api/health
[2026-04-16 00:35:58] INFO: 💬 Socket.IO : path /socket.io
[2026-04-16 00:36:02] WARN: Token JWT invalide ou expiré
[2026-04-16 00:36:02] WARN: Tentative d'accès avec token invalide depuis ::1
[2026-04-16 00:36:23] INFO: ✅ Connexion réussie : rh@cni.tn (Direction_RH)
[2026-04-16 00:37:06] INFO: [WORKFLOW] stage-automation | stagiaire#1 | send_schedule
[2026-04-16 00:37:06] INFO: 📧 Email de test Ethereal : wp3kn6lpd2elkdja@ethereal.email
[2026-04-16 00:37:06] INFO: 🔑 Mot de passe Ethereal : 3gUUHh6UuceXEZVvNh
[2026-04-16 00:37:06] INFO: 📬 Prévisualisation : https://ethereal.email
[2026-04-16 00:37:07] INFO: 📧 Email envoyé - Prévisualisation : https://ethereal.email/message/aeAg9c1XWISjYjntaeAg9kI3YJ8Vo1eGAAAAAUH333IcDgy4cvc93hWuNpQ
[2026-04-16 00:37:07] INFO: ✉️ Email envoyé à : sara.benamor@esprit.tn | Sujet : 📅 Planning de votre stage — CNI
[2026-04-16 00:37:08] INFO: 📧 Email envoyé - Prévisualisation : https://ethereal.email/message/aeAg9c1XWISjYjntaeAg93Np7fHIbKDaAAAAAj2yMNH3UtyM26DAQH3BhSU
[2026-04-16 00:37:08] INFO: ✉️ Email envoyé à : ahmed@cni.tn | Sujet : 📅 Planning envoyé au stagiaire Sara Ben Amor
[2026-04-16 00:37:55] INFO: 📧 Email envoyé - Prévisualisation : https://ethereal.email/message/aeAg9c1XWISjYjntaeAhJSl.9CxZw1B2AAAAAyztbIpRkLlYUQyI2Ubjk94
[2026-04-16 00:37:55] INFO: ✉️ Email envoyé à : youssef@cni.tn | Sujet : Demande de formation refusée par la RH - Management & Leadership - Gestion d'Équipe
[2026-04-16 00:38:23] INFO: 👋 Déconnexion : utilisateur ID 1
[2026-04-16 00:38:28] INFO: ✅ Connexion réussie : manager.dev@cni.tn (Manager)
[2026-04-16 00:39:25] INFO: 👋 Déconnexion : utilisateur ID 2
[2026-04-16 00:39:30] INFO: ✅ Connexion réussie : ahmed@cni.tn (Employe)
[2026-04-16 00:40:46] INFO: 👋 Déconnexion : utilisateur ID 4
[2026-04-16 00:41:13] INFO: ✅ Connexion réussie : formateur@example.com (Formateur_Externe)
[2026-04-16 00:41:13] WARN: Accès refusé - Utilisateur formateur@example.com (rôle: Formateur_Externe) a tenté d'accéder à /dashboard
[2026-04-16 00:41:18] WARN: Accès refusé - Utilisateur formateur@example.com (rôle: Formateur_Externe) a tenté d'accéder à /demandes/1/repondre
[2026-04-16 00:41:22] WARN: Accès refusé - Utilisateur formateur@example.com (rôle: Formateur_Externe) a tenté d'accéder à /demandes/1/repondre
[2026-04-16 00:41:44] INFO: 👋 Déconnexion : utilisateur ID 7
[2026-04-16 09:12:18] INFO: 📦 Connexion MySQL réussie
[2026-04-16 09:12:21] INFO: 🔄 Tables Sequelize vérifiées (création si absentes ; alter désactivé).
[2026-04-16 09:12:21] INFO: ✅ Connexion MySQL établie
[2026-04-16 09:12:21] INFO: 🚀 Serveur CNI démarré sur le port 5000
[2026-04-16 09:12:21] INFO: 📡 Environnement : development
[2026-04-16 09:12:21] INFO: 🌐 URL : http://localhost:5000
[2026-04-16 09:12:21] INFO: 📊 API Health : http://localhost:5000/api/health
[2026-04-16 09:12:21] INFO: 💬 Socket.IO : path /socket.io
[2026-04-16 09:16:12] INFO: 📦 Connexion MySQL réussie
[2026-04-16 09:16:14] INFO: 🔄 Tables Sequelize vérifiées (création si absentes ; alter désactivé).
[2026-04-16 09:16:14] INFO: ✅ Connexion MySQL établie
[2026-04-16 09:16:14] INFO: 🚀 Serveur CNI démarré sur le port 5000
[2026-04-16 09:16:14] INFO: 📡 Environnement : development
[2026-04-16 09:16:14] INFO: 🌐 URL : http://localhost:5000
[2026-04-16 09:16:14] INFO: 📊 API Health : http://localhost:5000/api/health
[2026-04-16 09:16:14] INFO: 💬 Socket.IO : path /socket.io
[2026-04-16 09:16:53] INFO: 📦 Connexion MySQL réussie
[2026-04-16 09:16:55] INFO: 🔄 Tables Sequelize vérifiées (création si absentes ; alter désactivé).
[2026-04-16 09:16:55] INFO: ✅ Connexion MySQL établie
[2026-04-16 09:16:55] INFO: 🚀 Serveur CNI démarré sur le port 5000
[2026-04-16 09:16:55] INFO: 📡 Environnement : development
[2026-04-16 09:16:55] INFO: 🌐 URL : http://localhost:5000
[2026-04-16 09:16:55] INFO: 📊 API Health : http://localhost:5000/api/health
[2026-04-16 09:16:55] INFO: 💬 Socket.IO : path /socket.io
[2026-04-16 09:17:29] INFO: 📦 Connexion MySQL réussie
[2026-04-16 09:17:31] INFO: 🔄 Tables Sequelize vérifiées (création si absentes ; alter désactivé).
[2026-04-16 09:17:31] INFO: ✅ Connexion MySQL établie
[2026-04-16 09:17:31] INFO: 🚀 Serveur CNI démarré sur le port 5000
[2026-04-16 09:17:31] INFO: 📡 Environnement : development
[2026-04-16 09:17:31] INFO: 🌐 URL : http://localhost:5000
[2026-04-16 09:17:31] INFO: 📊 API Health : http://localhost:5000/api/health
[2026-04-16 09:17:31] INFO: 💬 Socket.IO : path /socket.io
[2026-04-16 09:22:20] INFO: 📦 Connexion MySQL réussie
[2026-04-16 09:22:21] INFO: 🔄 Tables Sequelize vérifiées (création si absentes ; alter désactivé).
[2026-04-16 09:22:21] INFO: ✅ Connexion MySQL établie
[2026-04-16 09:22:21] INFO: 🚀 Serveur CNI démarré sur le port 5000
[2026-04-16 09:22:21] INFO: 📡 Environnement : development
[2026-04-16 09:22:21] INFO: 🌐 URL : http://localhost:5000
[2026-04-16 09:22:21] INFO: 📊 API Health : http://localhost:5000/api/health
[2026-04-16 09:22:21] INFO: 💬 Socket.IO : path /socket.io
[2026-04-16 09:27:08] INFO: 📧 Email de test Ethereal : gwioozraoblbafui@ethereal.email
[2026-04-16 09:27:08] INFO: 🔑 Mot de passe Ethereal : 85KDb8TBVNBxeR4knb
[2026-04-16 09:27:08] INFO: 📬 Prévisualisation : https://ethereal.email
[2026-04-16 09:27:10] INFO: 📧 Email envoyé - Prévisualisation : https://ethereal.email/message/aeCdL81XWISjcl-XaeCdMXNp7fHIbce5AAAAAbZScI.tSRHftEwPcd7qEhQ
[2026-04-16 09:27:10] INFO: ✉️ Email envoyé à : ademghanmi19@gmail.com | Sujet : Code de vérification 15 min — CNI Stages
[2026-04-16 09:27:10] INFO: OTP envoyé à ademghanmi19@gmail.com (candidature)
[2026-04-16 09:38:13] INFO: 📦 Connexion MySQL réussie
[2026-04-16 09:38:15] INFO: 🔄 Tables Sequelize vérifiées (création si absentes ; alter désactivé).
[2026-04-16 09:38:15] INFO: ✅ Connexion MySQL établie
[2026-04-16 09:38:15] INFO: 🚀 Serveur CNI démarré sur le port 5000
[2026-04-16 09:38:15] INFO: 📡 Environnement : development
[2026-04-16 09:38:15] INFO: 🌐 URL : http://localhost:5000
[2026-04-16 09:38:15] INFO: 📊 API Health : http://localhost:5000/api/health
[2026-04-16 09:38:15] INFO: 💬 Socket.IO : path /socket.io
[2026-04-16 09:39:05] INFO: 📦 Connexion MySQL réussie
[2026-04-16 09:39:07] INFO: 🔄 Tables Sequelize vérifiées (création si absentes ; alter désactivé).
[2026-04-16 09:39:07] INFO: ✅ Connexion MySQL établie
[2026-04-16 09:39:07] INFO: 🚀 Serveur CNI démarré sur le port 5000
[2026-04-16 09:39:07] INFO: 📡 Environnement : development
[2026-04-16 09:39:07] INFO: 🌐 URL : http://localhost:5000
[2026-04-16 09:39:07] INFO: 📊 API Health : http://localhost:5000/api/health
[2026-04-16 09:39:07] INFO: 💬 Socket.IO : path /socket.io
[2026-04-16 09:39:28] INFO: 📦 Connexion MySQL réussie
[2026-04-16 09:39:31] INFO: 🔄 Tables Sequelize vérifiées (création si absentes ; alter désactivé).
[2026-04-16 09:39:31] INFO: ✅ Connexion MySQL établie
[2026-04-16 09:39:31] INFO: 🚀 Serveur CNI démarré sur le port 5000
[2026-04-16 09:39:31] INFO: 📡 Environnement : development
[2026-04-16 09:39:31] INFO: 🌐 URL : http://localhost:5000
[2026-04-16 09:39:31] INFO: 📊 API Health : http://localhost:5000/api/health
[2026-04-16 09:39:31] INFO: 💬 Socket.IO : path /socket.io
[2026-04-16 09:39:50] INFO: 📦 Connexion MySQL réussie
[2026-04-16 09:39:54] INFO: 🔄 Tables Sequelize vérifiées (création si absentes ; alter désactivé).
[2026-04-16 09:39:54] INFO: ✅ Connexion MySQL établie
[2026-04-16 09:39:54] INFO: 🚀 Serveur CNI démarré sur le port 5000
[2026-04-16 09:39:54] INFO: 📡 Environnement : development
[2026-04-16 09:39:54] INFO: 🌐 URL : http://localhost:5000
[2026-04-16 09:39:54] INFO: 📊 API Health : http://localhost:5000/api/health
[2026-04-16 09:39:54] INFO: 💬 Socket.IO : path /socket.io
[2026-04-16 09:42:12] INFO: 📧 Email de test Ethereal : ju4npfoabdceodkf@ethereal.email
[2026-04-16 09:42:12] INFO: 🔑 Mot de passe Ethereal : tPa5XVcjEbpeUjVb2U
[2026-04-16 09:42:12] INFO: 📬 Prévisualisation : https://ethereal.email
[2026-04-16 09:42:13] INFO: 📧 Email envoyé - Prévisualisation : https://ethereal.email/message/aeCgt81XWISjcuc0aeCguOHwJ1INePhpAAAAAYL8YoYtcEZiEWyVZpckFE8
[2026-04-16 09:42:13] INFO: ✉️ Email envoyé à : ademghanmi19@gmail.com | Sujet : Code de vérification 15 min — CNI Stages
[2026-04-16 09:42:13] INFO: OTP envoyé à ademghanmi19@gmail.com (candidature)
[2026-04-16 09:42:53] INFO: 📧 Email envoyé - Prévisualisation : https://ethereal.email/message/aeCgt81XWISjcuc0aeCg4HNp7fHIbctoAAAAAkwC.zK4Dh8Xj9Wf-Au3odw
[2026-04-16 09:42:53] INFO: ✉️ Email envoyé à : ademghanmifr@gmail.com | Sujet : Code de vérification 15 min — CNI Stages
[2026-04-16 09:42:53] INFO: OTP envoyé à ademghanmifr@gmail.com (candidature)
[2026-04-16 09:43:45] INFO: 📧 Email envoyé - Prévisualisation : https://ethereal.email/message/aeCgt81XWISjcuc0aeChE-HwJ1INePjEAAAAAzCfpP6fXbFs1BpaPavR954
[2026-04-16 09:43:45] INFO: ✉️ Email envoyé à : ademghanmifr@gmail.com | Sujet : Code de vérification 15 min — CNI Stages
[2026-04-16 09:43:45] INFO: OTP envoyé à ademghanmifr@gmail.com (candidature)
[2026-04-16 09:45:10] INFO: 📧 Email envoyé - Prévisualisation : https://ethereal.email/message/aeCgt81XWISjcuc0aeChaXNp7fHIbcuvAAAABBg6b4hw8W5ORYIllFcvF1E
[2026-04-16 09:45:10] INFO: ✉️ Email envoyé à : ademghanmifr@gmail.com | Sujet : Code de vérification 15 min — CNI Stages
[2026-04-16 09:45:10] INFO: OTP envoyé à ademghanmifr@gmail.com (candidature)
[2026-04-16 09:45:28] INFO: 📧 Email envoyé - Prévisualisation : https://ethereal.email/message/aeCgt81XWISjcuc0aeChe-HwJ1INePkJAAAABREUKOeHH72HFw4X5u-CKUw
[2026-04-16 09:45:28] INFO: ✉️ Email envoyé à : ademghanmifr@gmail.com | Sujet : Code de vérification 15 min — CNI Stages
[2026-04-16 09:45:28] INFO: OTP envoyé à ademghanmifr@gmail.com (candidature)
[2026-04-16 09:45:45] INFO: 📧 Email envoyé - Prévisualisation : https://ethereal.email/message/aeCgt81XWISjcuc0aeChi-HwJ1INePkYAAAABmdJq0Rs14o-dnwJS3xw8Mc
[2026-04-16 09:45:45] INFO: ✉️ Email envoyé à : ademghanmifr@gmail.com | Sujet : Code de vérification 15 min — CNI Stages
[2026-04-16 09:45:45] INFO: OTP envoyé à ademghanmifr@gmail.com (candidature)
[2026-04-16 09:46:30] INFO: 📦 Connexion MySQL réussie
[2026-04-16 09:46:32] INFO: 🔄 Tables Sequelize vérifiées (création si absentes ; alter désactivé).
[2026-04-16 09:46:32] INFO: ✅ Connexion MySQL établie
[2026-04-16 09:46:32] INFO: 🚀 Serveur CNI démarré sur le port 5000
[2026-04-16 09:46:32] INFO: 📡 Environnement : development
[2026-04-16 09:46:32] INFO: 🌐 URL : http://localhost:5000
[2026-04-16 09:46:32] INFO: 📊 API Health : http://localhost:5000/api/health
[2026-04-16 09:46:32] INFO: 💬 Socket.IO : path /socket.io
[2026-04-16 09:47:59] INFO: 📧 SMTP actif et vérifié : smtp.gmail.com:587 (ademghanmi19@gmail.com)
[2026-04-16 09:48:00] INFO: ✉️ Email envoyé à : ademghanmifr@gmail.com | Sujet : Code de vérification 15 min — CNI Stages
[2026-04-16 09:48:00] INFO: OTP envoyé à ademghanmifr@gmail.com (candidature)
[2026-04-16 09:48:35] INFO: 📝 Nouvelle candidature créée : ghanmi adem (#5)
[2026-04-16 09:48:35] INFO: [WORKFLOW] stage-candidature-reception | stagiaire#5 | soumission
[2026-04-16 09:48:37] INFO: ✉️ Email envoyé à : ademghanmifr@gmail.com | Sujet : ✅ Candidature reçue - CNI Stages
[2026-04-16 09:48:38] INFO: ✉️ Email envoyé à : rh@cni.tn | Sujet : 📋 Nouvelle candidature de stage - ghanmi adem
[2026-04-16 09:48:40] INFO: ✉️ Email envoyé à : manager.dev@cni.tn | Sujet : 📋 Nouvelle candidature pour votre département - ghanmi adem
[2026-04-16 09:48:52] INFO: ✅ Connexion réussie : rh@cni.tn (Direction_RH)
[2026-04-16 09:49:08] INFO: [WORKFLOW] stage-validation | stagiaire#5 | valide_rh
[2026-04-16 09:49:09] INFO: ✉️ Email envoyé à : manager.dev@cni.tn | Sujet : 🔍 Candidature à valider - ghanmi adem
[2026-04-16 09:53:38] INFO: [WORKFLOW] stage-automation | stagiaire#5 | send_schedule
[2026-04-16 09:53:39] INFO: ✉️ Email envoyé à : ademghanmifr@gmail.com | Sujet : 📅 Planning de votre stage — CNI
[2026-04-16 09:57:02] INFO: 📦 Connexion MySQL réussie
[2026-04-16 09:57:03] INFO: 🔄 Tables Sequelize vérifiées (création si absentes ; alter désactivé).
[2026-04-16 09:57:03] INFO: ✅ Connexion MySQL établie
[2026-04-16 09:57:03] INFO: 🚀 Serveur CNI démarré sur le port 5000
[2026-04-16 09:57:03] INFO: 📡 Environnement : development
[2026-04-16 09:57:03] INFO: 🌐 URL : http://localhost:5000
[2026-04-16 09:57:03] INFO: 📊 API Health : http://localhost:5000/api/health
[2026-04-16 09:57:03] INFO: 💬 Socket.IO : path /socket.io
[2026-04-16 09:58:09] INFO: 📦 Connexion MySQL réussie
[2026-04-16 09:58:10] INFO: 🔄 Tables Sequelize vérifiées (création si absentes ; alter désactivé).
[2026-04-16 09:58:10] INFO: ✅ Connexion MySQL établie
[2026-04-16 09:58:10] INFO: 🚀 Serveur CNI démarré sur le port 5000
[2026-04-16 09:58:10] INFO: 📡 Environnement : development
[2026-04-16 09:58:10] INFO: 🌐 URL : http://localhost:5000
[2026-04-16 09:58:10] INFO: 📊 API Health : http://localhost:5000/api/health
[2026-04-16 09:58:10] INFO: 💬 Socket.IO : path /socket.io
[2026-04-16 09:58:40] INFO: 📦 Connexion MySQL réussie
[2026-04-16 09:58:42] INFO: 🔄 Tables Sequelize vérifiées (création si absentes ; alter désactivé).
[2026-04-16 09:58:42] INFO: ✅ Connexion MySQL établie
[2026-04-16 09:58:42] INFO: 🚀 Serveur CNI démarré sur le port 5000
[2026-04-16 09:58:42] INFO: 📡 Environnement : development
[2026-04-16 09:58:42] INFO: 🌐 URL : http://localhost:5000
[2026-04-16 09:58:42] INFO: 📊 API Health : http://localhost:5000/api/health
[2026-04-16 09:58:42] INFO: 💬 Socket.IO : path /socket.io
[2026-04-16 10:04:32] WARN: Token JWT invalide ou expiré
[2026-04-16 10:04:32] WARN: Tentative d'accès avec token invalide depuis ::1
[2026-04-16 10:10:31] INFO: [WORKFLOW] stage-automation | stagiaire#5 | send_schedule
[2026-04-16 10:10:32] INFO: 📧 SMTP actif et vérifié : smtp.gmail.com:587 (ademghanmi19@gmail.com)
[2026-04-16 10:10:33] INFO: ✉️ Email envoyé à : ademghanmifr@gmail.com | Sujet : 📅 Planning de votre stage — CNI
[2026-04-16 10:13:59] INFO: 📦 Connexion MySQL réussie
[2026-04-16 10:14:01] INFO: 🔄 Tables Sequelize vérifiées (création si absentes ; alter désactivé).
[2026-04-16 10:14:01] INFO: ✅ Connexion MySQL établie
[2026-04-16 10:14:01] INFO: 🚀 Serveur CNI démarré sur le port 5000
[2026-04-16 10:14:01] INFO: 📡 Environnement : development
[2026-04-16 10:14:01] INFO: 🌐 URL : http://localhost:5000
[2026-04-16 10:14:01] INFO: 📊 API Health : http://localhost:5000/api/health
[2026-04-16 10:14:01] INFO: 💬 Socket.IO : path /socket.io
[2026-04-16 10:14:40] INFO: 📦 Connexion MySQL réussie
[2026-04-16 10:14:42] INFO: 🔄 Tables Sequelize vérifiées (création si absentes ; alter désactivé).
[2026-04-16 10:14:42] INFO: ✅ Connexion MySQL établie
[2026-04-16 10:14:42] INFO: 🚀 Serveur CNI démarré sur le port 5000
[2026-04-16 10:14:42] INFO: 📡 Environnement : development
[2026-04-16 10:14:42] INFO: 🌐 URL : http://localhost:5000
[2026-04-16 10:14:42] INFO: 📊 API Health : http://localhost:5000/api/health
[2026-04-16 10:14:42] INFO: 💬 Socket.IO : path /socket.io
[2026-04-16 10:14:59] INFO: 📦 Connexion MySQL réussie
[2026-04-16 10:15:01] INFO: 🔄 Tables Sequelize vérifiées (création si absentes ; alter désactivé).
[2026-04-16 10:15:01] INFO: ✅ Connexion MySQL établie
[2026-04-16 10:15:01] INFO: 🚀 Serveur CNI démarré sur le port 5000
[2026-04-16 10:15:01] INFO: 📡 Environnement : development
[2026-04-16 10:15:01] INFO: 🌐 URL : http://localhost:5000
[2026-04-16 10:15:01] INFO: 📊 API Health : http://localhost:5000/api/health
[2026-04-16 10:15:01] INFO: 💬 Socket.IO : path /socket.io
[2026-04-16 10:15:15] INFO: 📦 Connexion MySQL réussie
[2026-04-16 10:15:16] INFO: 🔄 Tables Sequelize vérifiées (création si absentes ; alter désactivé).
[2026-04-16 10:15:16] INFO: ✅ Connexion MySQL établie
[2026-04-16 10:15:16] INFO: 🚀 Serveur CNI démarré sur le port 5000
[2026-04-16 10:15:16] INFO: 📡 Environnement : development
[2026-04-16 10:15:16] INFO: 🌐 URL : http://localhost:5000
[2026-04-16 10:15:16] INFO: 📊 API Health : http://localhost:5000/api/health
[2026-04-16 10:15:16] INFO: 💬 Socket.IO : path /socket.io
[2026-04-16 10:15:39] INFO: 📦 Connexion MySQL réussie
[2026-04-16 10:15:41] INFO: 🔄 Tables Sequelize vérifiées (création si absentes ; alter désactivé).
[2026-04-16 10:15:41] INFO: ✅ Connexion MySQL établie
[2026-04-16 10:15:41] INFO: 🚀 Serveur CNI démarré sur le port 5000
[2026-04-16 10:15:41] INFO: 📡 Environnement : development
[2026-04-16 10:15:41] INFO: 🌐 URL : http://localhost:5000
[2026-04-16 10:15:41] INFO: 📊 API Health : http://localhost:5000/api/health
[2026-04-16 10:15:41] INFO: 💬 Socket.IO : path /socket.io
[2026-04-16 10:16:32] INFO: 📦 Connexion MySQL réussie
[2026-04-16 10:16:34] INFO: 🔄 Tables Sequelize vérifiées (création si absentes ; alter désactivé).
[2026-04-16 10:16:34] INFO: ✅ Connexion MySQL établie
[2026-04-16 10:16:34] INFO: 🚀 Serveur CNI démarré sur le port 5000
[2026-04-16 10:16:34] INFO: 📡 Environnement : development
[2026-04-16 10:16:34] INFO: 🌐 URL : http://localhost:5000
[2026-04-16 10:16:34] INFO: 📊 API Health : http://localhost:5000/api/health
[2026-04-16 10:16:34] INFO: 💬 Socket.IO : path /socket.io
[2026-04-16 10:17:04] INFO: 📦 Connexion MySQL réussie
[2026-04-16 10:17:06] INFO: 🔄 Tables Sequelize vérifiées (création si absentes ; alter désactivé).
[2026-04-16 10:17:06] INFO: ✅ Connexion MySQL établie
[2026-04-16 10:17:06] INFO: 🚀 Serveur CNI démarré sur le port 5000
[2026-04-16 10:17:06] INFO: 📡 Environnement : development
[2026-04-16 10:17:06] INFO: 🌐 URL : http://localhost:5000
[2026-04-16 10:17:06] INFO: 📊 API Health : http://localhost:5000/api/health
[2026-04-16 10:17:06] INFO: 💬 Socket.IO : path /socket.io
[2026-04-16 10:20:03] INFO: 📦 Connexion MySQL réussie
[2026-04-16 10:20:04] INFO: 🔄 Tables Sequelize vérifiées (création si absentes ; alter désactivé).
[2026-04-16 10:20:04] INFO: ✅ Connexion MySQL établie
[2026-04-16 10:20:04] INFO: 🚀 Serveur CNI démarré sur le port 5000
[2026-04-16 10:20:04] INFO: 📡 Environnement : development
[2026-04-16 10:20:04] INFO: 🌐 URL : http://localhost:5000
[2026-04-16 10:20:04] INFO: 📊 API Health : http://localhost:5000/api/health
[2026-04-16 10:20:04] INFO: 💬 Socket.IO : path /socket.io
[2026-04-16 10:20:32] WARN: Token JWT invalide ou expiré
[2026-04-16 10:20:32] WARN: Tentative d'accès avec token invalide depuis ::1
[2026-04-16 10:32:11] INFO: 📦 Connexion MySQL réussie
[2026-04-16 10:32:13] INFO: 🔄 Tables Sequelize vérifiées (création si absentes ; alter désactivé).
[2026-04-16 10:32:13] INFO: ✅ Connexion MySQL établie
[2026-04-16 10:32:13] INFO: 🚀 Serveur CNI démarré sur le port 5000
[2026-04-16 10:32:13] INFO: 📡 Environnement : development
[2026-04-16 10:32:13] INFO: 🌐 URL : http://localhost:5000
[2026-04-16 10:32:13] INFO: 📊 API Health : http://localhost:5000/api/health
[2026-04-16 10:32:13] INFO: 💬 Socket.IO : path /socket.io
[2026-04-16 10:32:20] INFO: 📧 SMTP actif et vérifié : smtp.gmail.com:587 (ademghanmi19@gmail.com)
[2026-04-16 10:32:21] INFO: ✉️ Email envoyé à : nour.haddad@fst.tn | Sujet : Résultat de votre candidature de stage - CNI
[2026-04-16 10:33:08] INFO: 👋 Déconnexion : utilisateur ID 1
[2026-04-16 10:35:26] INFO: ✉️ Email envoyé à : cafe24908@gmail.com | Sujet : Code de vérification 15 min — CNI Stages
[2026-04-16 10:35:26] INFO: OTP envoyé à cafe24908@gmail.com (register)
[2026-04-16 10:35:30] INFO: ✉️ Email envoyé à : cafe24908@gmail.com | Sujet : Code de vérification 15 min — CNI Stages
[2026-04-16 10:35:30] INFO: OTP envoyé à cafe24908@gmail.com (register)
[2026-04-16 10:41:01] INFO: 📦 Connexion MySQL réussie
[2026-04-16 10:41:02] INFO: 🔄 Tables Sequelize vérifiées (création si absentes ; alter désactivé).
[2026-04-16 10:41:02] INFO: ✅ Connexion MySQL établie
[2026-04-16 10:41:02] INFO: 🚀 Serveur CNI démarré sur le port 5000
[2026-04-16 10:41:02] INFO: 📡 Environnement : development
[2026-04-16 10:41:02] INFO: 🌐 URL : http://localhost:5000
[2026-04-16 10:41:02] INFO: 📊 API Health : http://localhost:5000/api/health
[2026-04-16 10:41:02] INFO: 💬 Socket.IO : path /socket.io
[2026-04-16 10:42:18] INFO: 📦 Connexion MySQL réussie
[2026-04-16 10:42:20] INFO: 🔄 Tables Sequelize vérifiées (création si absentes ; alter désactivé).
[2026-04-16 10:42:20] INFO: ✅ Connexion MySQL établie
[2026-04-16 10:42:20] INFO: 🚀 Serveur CNI démarré sur le port 5000
[2026-04-16 10:42:20] INFO: 📡 Environnement : development
[2026-04-16 10:42:20] INFO: 🌐 URL : http://localhost:5000
[2026-04-16 10:42:20] INFO: 📊 API Health : http://localhost:5000/api/health
[2026-04-16 10:42:20] INFO: 💬 Socket.IO : path /socket.io
[2026-04-16 10:42:40] INFO: 📦 Connexion MySQL réussie
[2026-04-16 10:42:42] INFO: 🔄 Tables Sequelize vérifiées (création si absentes ; alter désactivé).
[2026-04-16 10:42:42] INFO: ✅ Connexion MySQL établie
[2026-04-16 10:42:42] INFO: 🚀 Serveur CNI démarré sur le port 5000
[2026-04-16 10:42:42] INFO: 📡 Environnement : development
[2026-04-16 10:42:42] INFO: 🌐 URL : http://localhost:5000
[2026-04-16 10:42:42] INFO: 📊 API Health : http://localhost:5000/api/health
[2026-04-16 10:42:42] INFO: 💬 Socket.IO : path /socket.io
[2026-04-16 10:42:56] INFO: 📦 Connexion MySQL réussie
[2026-04-16 10:42:58] INFO: 🔄 Tables Sequelize vérifiées (création si absentes ; alter désactivé).
[2026-04-16 10:42:58] INFO: ✅ Connexion MySQL établie
[2026-04-16 10:42:58] INFO: 🚀 Serveur CNI démarré sur le port 5000
[2026-04-16 10:42:58] INFO: 📡 Environnement : development
[2026-04-16 10:42:58] INFO: 🌐 URL : http://localhost:5000
[2026-04-16 10:42:58] INFO: 📊 API Health : http://localhost:5000/api/health
[2026-04-16 10:42:58] INFO: 💬 Socket.IO : path /socket.io
[2026-04-16 10:49:17] INFO: 📦 Connexion MySQL réussie
[2026-04-16 10:49:19] INFO: 🔄 Tables Sequelize vérifiées (création si absentes ; alter désactivé).
[2026-04-16 10:49:19] INFO: ✅ Connexion MySQL établie
[2026-04-16 10:49:19] INFO: 🚀 Serveur CNI démarré sur le port 5000
[2026-04-16 10:49:19] INFO: 📡 Environnement : development
[2026-04-16 10:49:19] INFO: 🌐 URL : http://localhost:5000
[2026-04-16 10:49:19] INFO: 📊 API Health : http://localhost:5000/api/health
[2026-04-16 10:49:19] INFO: 💬 Socket.IO : path /socket.io
[2026-04-16 14:24:08] INFO: ✅ Connexion réussie : rh@cni.tn (Direction_RH)
[2026-04-16 14:24:40] INFO: 👋 Déconnexion : utilisateur ID 1
[2026-04-16 14:24:45] INFO: ✅ Connexion réussie : manager.dev@cni.tn (Manager)
[2026-04-16 14:24:51] INFO: 👋 Déconnexion : utilisateur ID 2
[2026-04-16 14:24:57] INFO: ✅ Connexion réussie : ahmed@cni.tn (Employe)
[2026-04-16 14:25:18] INFO: 👋 Déconnexion : utilisateur ID 4
[2026-04-16 14:25:24] INFO: ✅ Connexion réussie : manager.dev@cni.tn (Manager)
[2026-04-16 14:25:48] INFO: 👋 Déconnexion : utilisateur ID 2
[2026-04-16 14:25:53] INFO: ✅ Connexion réussie : rh@cni.tn (Direction_RH)
[2026-04-16 14:42:14] WARN: Token JWT invalide ou expiré
[2026-04-16 14:42:14] WARN: Tentative d'accès avec token invalide depuis ::1
[2026-04-16 14:58:14] WARN: Token JWT invalide ou expiré
[2026-04-16 14:58:14] WARN: Tentative d'accès avec token invalide depuis ::1
[2026-04-16 15:14:14] WARN: Token JWT invalide ou expiré
[2026-04-16 15:14:14] WARN: Tentative d'accès avec token invalide depuis ::1
[2026-04-16 15:30:14] WARN: Token JWT invalide ou expiré
[2026-04-16 15:30:14] WARN: Tentative d'accès avec token invalide depuis ::1
[2026-04-16 15:46:14] WARN: Token JWT invalide ou expiré
[2026-04-16 15:46:14] WARN: Tentative d'accès avec token invalide depuis ::1
[2026-04-16 16:02:14] WARN: Token JWT invalide ou expiré
[2026-04-16 16:02:14] WARN: Tentative d'accès avec token invalide depuis ::1
[2026-04-16 16:18:14] WARN: Token JWT invalide ou expiré
[2026-04-16 16:18:14] WARN: Tentative d'accès avec token invalide depuis ::1
[2026-04-16 16:34:14] WARN: Token JWT invalide ou expiré
[2026-04-16 16:34:14] WARN: Tentative d'accès avec token invalide depuis ::1
[2026-04-16 16:50:14] WARN: Token JWT invalide ou expiré
[2026-04-16 16:50:14] WARN: Tentative d'accès avec token invalide depuis ::1
[2026-04-16 17:06:14] WARN: Token JWT invalide ou expiré
[2026-04-16 17:06:14] WARN: Tentative d'accès avec token invalide depuis ::1
[2026-04-16 17:22:14] WARN: Token JWT invalide ou expiré
[2026-04-16 17:22:14] WARN: Tentative d'accès avec token invalide depuis ::1
[2026-04-16 17:38:14] WARN: Token JWT invalide ou expiré
[2026-04-16 17:38:14] WARN: Tentative d'accès avec token invalide depuis ::1
[2026-04-16 17:54:14] WARN: Token JWT invalide ou expiré
[2026-04-16 17:54:14] WARN: Tentative d'accès avec token invalide depuis ::1
[2026-04-21 11:43:22] ERROR: SequelizeConnectionError: Access denied for user 'cni_user'@'localhost' to database 'cni_stages_formations'
    at ConnectionManager.connect (C:\Users\Adem\OneDrive\Bureau\test\backend\node_modules\sequelize\src\dialects\mysql\connection-manager.js:126:17)
    at processTicksAndRejections (node:internal/process/task_queues:95:5)
    at ConnectionManager._connect (C:\Users\Adem\OneDrive\Bureau\test\backend\node_modules\sequelize\src\dialects\abstract\connection-manager.js:332:24)
    at C:\Users\Adem\OneDrive\Bureau\test\backend\node_modules\sequelize\src\dialects\abstract\connection-manager.js:250:32
    at ConnectionManager.getConnection (C:\Users\Adem\OneDrive\Bureau\test\backend\node_modules\sequelize\src\dialects\abstract\connection-manager.js:280:7)
    at C:\Users\Adem\OneDrive\Bureau\test\backend\node_modules\sequelize\src\sequelize.js:638:26
    at Sequelize.authenticate (C:\Users\Adem\OneDrive\Bureau\test\backend\node_modules\sequelize\src\sequelize.js:972:5)
    at connectDB (C:\Users\Adem\OneDrive\Bureau\test\backend\src\config\database.ts:45:5)
    at startServer (C:\Users\Adem\OneDrive\Bureau\test\backend\src\server.ts:132:5)
[2026-04-21 11:44:06] ERROR: SequelizeConnectionError: Access denied for user 'cni_user'@'localhost' to database 'cni_stages_formations'
    at ConnectionManager.connect (C:\Users\Adem\OneDrive\Bureau\test\backend\node_modules\sequelize\src\dialects\mysql\connection-manager.js:126:17)
    at processTicksAndRejections (node:internal/process/task_queues:95:5)
    at async ConnectionManager._connect (C:\Users\Adem\OneDrive\Bureau\test\backend\node_modules\sequelize\src\dialects\abstract\connection-manager.js:332:24)
    at async C:\Users\Adem\OneDrive\Bureau\test\backend\node_modules\sequelize\src\dialects\abstract\connection-manager.js:250:32
    at async ConnectionManager.getConnection (C:\Users\Adem\OneDrive\Bureau\test\backend\node_modules\sequelize\src\dialects\abstract\connection-manager.js:280:7)
    at async C:\Users\Adem\OneDrive\Bureau\test\backend\node_modules\sequelize\src\sequelize.js:638:26
    at async Sequelize.authenticate (C:\Users\Adem\OneDrive\Bureau\test\backend\node_modules\sequelize\src\sequelize.js:972:5)
    at async connectDB (C:\Users\Adem\OneDrive\Bureau\test\backend\src\config\database.ts:45:5)
    at async seed (C:\Users\Adem\OneDrive\Bureau\test\backend\src\utils\seeder.ts:16:3)
[2026-04-21 11:44:20] ERROR: SequelizeConnectionError: Access denied for user 'cni_user'@'localhost' to database 'cni_stages_formations'
    at ConnectionManager.connect (C:\Users\Adem\OneDrive\Bureau\test\backend\node_modules\sequelize\src\dialects\mysql\connection-manager.js:126:17)
    at processTicksAndRejections (node:internal/process/task_queues:95:5)
    at async ConnectionManager._connect (C:\Users\Adem\OneDrive\Bureau\test\backend\node_modules\sequelize\src\dialects\abstract\connection-manager.js:332:24)
    at async C:\Users\Adem\OneDrive\Bureau\test\backend\node_modules\sequelize\src\dialects\abstract\connection-manager.js:250:32
    at async ConnectionManager.getConnection (C:\Users\Adem\OneDrive\Bureau\test\backend\node_modules\sequelize\src\dialects\abstract\connection-manager.js:280:7)
    at async C:\Users\Adem\OneDrive\Bureau\test\backend\node_modules\sequelize\src\sequelize.js:638:26
    at async Sequelize.authenticate (C:\Users\Adem\OneDrive\Bureau\test\backend\node_modules\sequelize\src\sequelize.js:972:5)
    at async connectDB (C:\Users\Adem\OneDrive\Bureau\test\backend\src\config\database.ts:45:5)
    at async seed (C:\Users\Adem\OneDrive\Bureau\test\backend\src\utils\seeder.ts:16:3)
[2026-04-21 11:45:48] ERROR: SequelizeConnectionError: Access denied for user 'cni_user'@'localhost' to database 'cni_stages_formations'
    at ConnectionManager.connect (C:\Users\Adem\OneDrive\Bureau\test\backend\node_modules\sequelize\src\dialects\mysql\connection-manager.js:126:17)
    at processTicksAndRejections (node:internal/process/task_queues:95:5)
    at async ConnectionManager._connect (C:\Users\Adem\OneDrive\Bureau\test\backend\node_modules\sequelize\src\dialects\abstract\connection-manager.js:332:24)
    at async C:\Users\Adem\OneDrive\Bureau\test\backend\node_modules\sequelize\src\dialects\abstract\connection-manager.js:250:32
    at async ConnectionManager.getConnection (C:\Users\Adem\OneDrive\Bureau\test\backend\node_modules\sequelize\src\dialects\abstract\connection-manager.js:280:7)
    at async C:\Users\Adem\OneDrive\Bureau\test\backend\node_modules\sequelize\src\sequelize.js:638:26
    at async Sequelize.authenticate (C:\Users\Adem\OneDrive\Bureau\test\backend\node_modules\sequelize\src\sequelize.js:972:5)
    at async connectDB (C:\Users\Adem\OneDrive\Bureau\test\backend\src\config\database.ts:45:5)
    at async seed (C:\Users\Adem\OneDrive\Bureau\test\backend\src\utils\seeder.ts:16:3)
[2026-04-21 11:46:16] ERROR: SequelizeConnectionError: Access denied for user 'cni_user'@'localhost' to database 'cni_stages_formations'
    at ConnectionManager.connect (C:\Users\Adem\OneDrive\Bureau\test\backend\node_modules\sequelize\src\dialects\mysql\connection-manager.js:126:17)
    at processTicksAndRejections (node:internal/process/task_queues:95:5)
    at async ConnectionManager._connect (C:\Users\Adem\OneDrive\Bureau\test\backend\node_modules\sequelize\src\dialects\abstract\connection-manager.js:332:24)
    at async C:\Users\Adem\OneDrive\Bureau\test\backend\node_modules\sequelize\src\dialects\abstract\connection-manager.js:250:32
    at async ConnectionManager.getConnection (C:\Users\Adem\OneDrive\Bureau\test\backend\node_modules\sequelize\src\dialects\abstract\connection-manager.js:280:7)
    at async C:\Users\Adem\OneDrive\Bureau\test\backend\node_modules\sequelize\src\sequelize.js:638:26
    at async Sequelize.authenticate (C:\Users\Adem\OneDrive\Bureau\test\backend\node_modules\sequelize\src\sequelize.js:972:5)
    at async connectDB (C:\Users\Adem\OneDrive\Bureau\test\backend\src\config\database.ts:45:5)
    at async seed (C:\Users\Adem\OneDrive\Bureau\test\backend\src\utils\seeder.ts:16:3)
[2026-04-21 11:46:58] ERROR: SequelizeConnectionError: Access denied for user 'cni_user'@'localhost' to database 'cni_stages_formations'
    at ConnectionManager.connect (C:\Users\Adem\OneDrive\Bureau\test\backend\node_modules\sequelize\src\dialects\mysql\connection-manager.js:126:17)
    at processTicksAndRejections (node:internal/process/task_queues:95:5)
    at async ConnectionManager._connect (C:\Users\Adem\OneDrive\Bureau\test\backend\node_modules\sequelize\src\dialects\abstract\connection-manager.js:332:24)
    at async C:\Users\Adem\OneDrive\Bureau\test\backend\node_modules\sequelize\src\dialects\abstract\connection-manager.js:250:32
    at async ConnectionManager.getConnection (C:\Users\Adem\OneDrive\Bureau\test\backend\node_modules\sequelize\src\dialects\abstract\connection-manager.js:280:7)
    at async C:\Users\Adem\OneDrive\Bureau\test\backend\node_modules\sequelize\src\sequelize.js:638:26
    at async Sequelize.authenticate (C:\Users\Adem\OneDrive\Bureau\test\backend\node_modules\sequelize\src\sequelize.js:972:5)
    at async connectDB (C:\Users\Adem\OneDrive\Bureau\test\backend\src\config\database.ts:45:5)
    at async seed (C:\Users\Adem\OneDrive\Bureau\test\backend\src\utils\seeder.ts:16:3)
[2026-04-21 11:47:07] ERROR: SequelizeConnectionError: Access denied for user 'cni_user'@'localhost' to database 'cni_stages_formations'
    at ConnectionManager.connect (C:\Users\Adem\OneDrive\Bureau\test\backend\node_modules\sequelize\src\dialects\mysql\connection-manager.js:126:17)
    at processTicksAndRejections (node:internal/process/task_queues:95:5)
    at async ConnectionManager._connect (C:\Users\Adem\OneDrive\Bureau\test\backend\node_modules\sequelize\src\dialects\abstract\connection-manager.js:332:24)
    at async C:\Users\Adem\OneDrive\Bureau\test\backend\node_modules\sequelize\src\dialects\abstract\connection-manager.js:250:32
    at async ConnectionManager.getConnection (C:\Users\Adem\OneDrive\Bureau\test\backend\node_modules\sequelize\src\dialects\abstract\connection-manager.js:280:7)
    at async C:\Users\Adem\OneDrive\Bureau\test\backend\node_modules\sequelize\src\sequelize.js:638:26
    at async Sequelize.authenticate (C:\Users\Adem\OneDrive\Bureau\test\backend\node_modules\sequelize\src\sequelize.js:972:5)
    at async connectDB (C:\Users\Adem\OneDrive\Bureau\test\backend\src\config\database.ts:45:5)
    at async seed (C:\Users\Adem\OneDrive\Bureau\test\backend\src\utils\seeder.ts:16:3)
[2026-04-21 11:48:30] INFO: 📦 Connexion MySQL réussie
[2026-04-21 11:48:31] INFO: 🔄 Tables Sequelize vérifiées (création si absentes ; alter désactivé).
[2026-04-21 11:48:31] INFO: 🌱 Début du seeding...
[2026-04-21 11:48:31] INFO: ✅ 5 départements créés
[2026-04-21 11:48:33] INFO: ✅ 7 employés créés
[2026-04-21 11:48:33] INFO: ✅ 5 formations créées
[2026-04-21 11:48:33] INFO: ✅ 4 stagiaires créés
[2026-04-21 11:48:33] INFO: ✅ Inscriptions créées
[2026-04-21 11:48:50] INFO: 📦 Connexion MySQL réussie
[2026-04-21 11:48:52] INFO: 🔄 Tables Sequelize vérifiées (création si absentes ; alter désactivé).
[2026-04-21 11:48:52] INFO: ✅ Connexion MySQL établie
[2026-04-21 11:48:52] INFO: 🚀 Serveur CNI démarré sur le port 5000
[2026-04-21 11:48:52] INFO: 📡 Environnement : development
[2026-04-21 11:48:52] INFO: 🌐 URL : http://localhost:5000
[2026-04-21 11:48:52] INFO: 📊 API Health : http://localhost:5000/api/health
[2026-04-21 11:48:52] INFO: 💬 Socket.IO : path /socket.io
[2026-04-21 12:12:31] INFO: ✅ Connexion réussie : rh@cni.tn (Direction_RH)
[2026-04-21 12:14:04] INFO: 📦 Connexion MySQL réussie
[2026-04-21 12:14:07] INFO: 🔄 Tables Sequelize vérifiées (création si absentes ; alter désactivé).
[2026-04-21 12:14:07] INFO: ✅ Connexion MySQL établie
[2026-04-21 12:14:07] INFO: 🚀 Serveur CNI démarré sur le port 5000
[2026-04-21 12:14:07] INFO: 📡 Environnement : development
[2026-04-21 12:14:07] INFO: 🌐 URL : http://localhost:5000
[2026-04-21 12:14:07] INFO: 📊 API Health : http://localhost:5000/api/health
[2026-04-21 12:14:07] INFO: 💬 Socket.IO : path /socket.io
[2026-04-21 12:21:25] INFO: 📦 Connexion MySQL réussie
[2026-04-21 12:21:26] INFO: 🔄 Tables Sequelize vérifiées (création si absentes ; alter désactivé).
[2026-04-21 12:21:26] INFO: ✅ Connexion MySQL établie
[2026-04-21 12:21:26] INFO: 🚀 Serveur CNI démarré sur le port 5000
[2026-04-21 12:21:26] INFO: 📡 Environnement : development
[2026-04-21 12:21:26] INFO: 🌐 URL : http://localhost:5000
[2026-04-21 12:21:26] INFO: 📊 API Health : http://localhost:5000/api/health
[2026-04-21 12:21:26] INFO: 💬 Socket.IO : path /socket.io
[2026-04-21 12:21:52] INFO: 📦 Connexion MySQL réussie
[2026-04-21 12:21:53] INFO: 🔄 Tables Sequelize vérifiées (création si absentes ; alter désactivé).
[2026-04-21 12:21:53] INFO: ✅ Connexion MySQL établie
[2026-04-21 12:21:53] INFO: 🚀 Serveur CNI démarré sur le port 5000
[2026-04-21 12:21:53] INFO: 📡 Environnement : development
[2026-04-21 12:21:53] INFO: 🌐 URL : http://localhost:5000
[2026-04-21 12:21:53] INFO: 📊 API Health : http://localhost:5000/api/health
[2026-04-21 12:21:53] INFO: 💬 Socket.IO : path /socket.io
[2026-04-21 12:22:27] INFO: 📦 Connexion MySQL réussie
[2026-04-21 12:22:29] INFO: 🔄 Tables Sequelize vérifiées (création si absentes ; alter désactivé).
[2026-04-21 12:22:29] INFO: ✅ Connexion MySQL établie
[2026-04-21 12:22:29] INFO: 🚀 Serveur CNI démarré sur le port 5000
[2026-04-21 12:22:29] INFO: 📡 Environnement : development
[2026-04-21 12:22:29] INFO: 🌐 URL : http://localhost:5000
[2026-04-21 12:22:29] INFO: 📊 API Health : http://localhost:5000/api/health
[2026-04-21 12:22:29] INFO: 💬 Socket.IO : path /socket.io
[2026-04-21 12:23:07] INFO: 📦 Connexion MySQL réussie
[2026-04-21 12:23:08] INFO: 🔄 Tables Sequelize vérifiées (création si absentes ; alter désactivé).
[2026-04-21 12:23:08] INFO: ✅ Connexion MySQL établie
[2026-04-21 12:23:08] INFO: 🚀 Serveur CNI démarré sur le port 5000
[2026-04-21 12:23:08] INFO: 📡 Environnement : development
[2026-04-21 12:23:08] INFO: 🌐 URL : http://localhost:5000
[2026-04-21 12:23:08] INFO: 📊 API Health : http://localhost:5000/api/health
[2026-04-21 12:23:08] INFO: 💬 Socket.IO : path /socket.io
[2026-04-21 12:25:14] INFO: 📦 Connexion MySQL réussie
[2026-04-21 12:25:16] INFO: 🔄 Tables Sequelize vérifiées (création si absentes ; alter désactivé).
[2026-04-21 12:25:16] INFO: ✅ Connexion MySQL établie
[2026-04-21 12:25:16] INFO: 🚀 Serveur CNI démarré sur le port 5000
[2026-04-21 12:25:16] INFO: 📡 Environnement : development
[2026-04-21 12:25:16] INFO: 🌐 URL : http://localhost:5000
[2026-04-21 12:25:16] INFO: 📊 API Health : http://localhost:5000/api/health
[2026-04-21 12:25:16] INFO: 💬 Socket.IO : path /socket.io
[2026-04-21 12:28:03] WARN: Token JWT invalide ou expiré
[2026-04-21 12:28:03] WARN: Tentative d'accès avec token invalide depuis ::1
[2026-04-21 12:37:05] INFO: 📦 Connexion MySQL réussie
[2026-04-21 12:37:06] INFO: 🔄 Tables Sequelize vérifiées (création si absentes ; alter désactivé).
[2026-04-21 12:37:06] INFO: ✅ Connexion MySQL établie
[2026-04-21 12:37:06] INFO: 🚀 Serveur CNI démarré sur le port 5000
[2026-04-21 12:37:06] INFO: 📡 Environnement : development
[2026-04-21 12:37:06] INFO: 🌐 URL : http://localhost:5000
[2026-04-21 12:37:06] INFO: 📊 API Health : http://localhost:5000/api/health
[2026-04-21 12:37:06] INFO: 💬 Socket.IO : path /socket.io
[2026-04-21 12:37:25] INFO: 📦 Connexion MySQL réussie
[2026-04-21 12:37:27] INFO: 🔄 Tables Sequelize vérifiées (création si absentes ; alter désactivé).
[2026-04-21 12:37:27] INFO: ✅ Connexion MySQL établie
[2026-04-21 12:37:27] INFO: 🚀 Serveur CNI démarré sur le port 5000
[2026-04-21 12:37:27] INFO: 📡 Environnement : development
[2026-04-21 12:37:27] INFO: 🌐 URL : http://localhost:5000
[2026-04-21 12:37:27] INFO: 📊 API Health : http://localhost:5000/api/health
[2026-04-21 12:37:27] INFO: 💬 Socket.IO : path /socket.io
[2026-04-21 12:37:44] INFO: 📦 Connexion MySQL réussie
[2026-04-21 12:37:46] INFO: 🔄 Tables Sequelize vérifiées (création si absentes ; alter désactivé).
[2026-04-21 12:37:46] INFO: ✅ Connexion MySQL établie
[2026-04-21 12:37:46] INFO: 🚀 Serveur CNI démarré sur le port 5000
[2026-04-21 12:37:46] INFO: 📡 Environnement : development
[2026-04-21 12:37:46] INFO: 🌐 URL : http://localhost:5000
[2026-04-21 12:37:46] INFO: 📊 API Health : http://localhost:5000/api/health
[2026-04-21 12:37:46] INFO: 💬 Socket.IO : path /socket.io
[2026-04-21 12:44:40] WARN: Token JWT invalide ou expiré
[2026-04-21 12:44:40] WARN: Tentative d'accès avec token invalide depuis ::1
[2026-04-21 12:51:00] INFO: [WORKFLOW] stage-automation | stagiaire#1 | send_schedule
[2026-04-21 12:51:00] INFO: 📧 SMTP actif et vérifié : smtp.gmail.com:587 (ademghanmi19@gmail.com)
[2026-04-21 12:51:02] INFO: ✉️ Email envoyé à : sara.benamor@esprit.tn | Sujet : 📅 Planning de votre stage — CNI
[2026-04-21 12:51:03] INFO: ✉️ Email envoyé à : ahmed@cni.tn | Sujet : 📅 Planning envoyé au stagiaire Sara Ben Amor
[2026-04-21 12:51:37] INFO: 📦 Connexion MySQL réussie
[2026-04-21 12:51:38] INFO: 🔄 Tables Sequelize vérifiées (création si absentes ; alter désactivé).
[2026-04-21 12:51:38] INFO: ✅ Connexion MySQL établie
[2026-04-21 12:51:38] INFO: 🚀 Serveur CNI démarré sur le port 5000
[2026-04-21 12:51:38] INFO: 📡 Environnement : development
[2026-04-21 12:51:38] INFO: 🌐 URL : http://localhost:5000
[2026-04-21 12:51:38] INFO: 📊 API Health : http://localhost:5000/api/health
[2026-04-21 12:51:38] INFO: 💬 Socket.IO : path /socket.io
[2026-04-21 12:52:06] INFO: 📦 Connexion MySQL réussie
[2026-04-21 12:52:08] INFO: 🔄 Tables Sequelize vérifiées (création si absentes ; alter désactivé).
[2026-04-21 12:52:08] INFO: ✅ Connexion MySQL établie
[2026-04-21 12:52:08] INFO: 🚀 Serveur CNI démarré sur le port 5000
[2026-04-21 12:52:08] INFO: 📡 Environnement : development
[2026-04-21 12:52:08] INFO: 🌐 URL : http://localhost:5000
[2026-04-21 12:52:08] INFO: 📊 API Health : http://localhost:5000/api/health
[2026-04-21 12:52:08] INFO: 💬 Socket.IO : path /socket.io
[2026-04-21 12:54:18] INFO: 📦 Connexion MySQL réussie
[2026-04-21 12:54:21] INFO: 🔄 Tables Sequelize vérifiées (création si absentes ; alter désactivé).
[2026-04-21 12:54:21] INFO: ✅ Connexion MySQL établie
[2026-04-21 12:54:21] INFO: 🚀 Serveur CNI démarré sur le port 5000
[2026-04-21 12:54:21] INFO: 📡 Environnement : development
[2026-04-21 12:54:21] INFO: 🌐 URL : http://localhost:5000
[2026-04-21 12:54:21] INFO: 📊 API Health : http://localhost:5000/api/health
[2026-04-21 12:54:21] INFO: 💬 Socket.IO : path /socket.io
[2026-04-21 12:55:14] INFO: 📦 Connexion MySQL réussie
[2026-04-21 12:55:16] INFO: 🔄 Tables Sequelize vérifiées (création si absentes ; alter désactivé).
[2026-04-21 12:55:16] INFO: ✅ Connexion MySQL établie
[2026-04-21 12:55:16] INFO: 🚀 Serveur CNI démarré sur le port 5000
[2026-04-21 12:55:16] INFO: 📡 Environnement : development
[2026-04-21 12:55:16] INFO: 🌐 URL : http://localhost:5000
[2026-04-21 12:55:16] INFO: 📊 API Health : http://localhost:5000/api/health
[2026-04-21 12:55:16] INFO: 💬 Socket.IO : path /socket.io
[2026-04-21 12:55:57] INFO: 📦 Connexion MySQL réussie
[2026-04-21 12:55:59] INFO: 🔄 Tables Sequelize vérifiées (création si absentes ; alter désactivé).
[2026-04-21 12:55:59] INFO: ✅ Connexion MySQL établie
[2026-04-21 12:55:59] INFO: 🚀 Serveur CNI démarré sur le port 5000
[2026-04-21 12:55:59] INFO: 📡 Environnement : development
[2026-04-21 12:55:59] INFO: 🌐 URL : http://localhost:5000
[2026-04-21 12:55:59] INFO: 📊 API Health : http://localhost:5000/api/health
[2026-04-21 12:55:59] INFO: 💬 Socket.IO : path /socket.io
[2026-04-21 12:57:15] INFO: 📦 Connexion MySQL réussie
[2026-04-21 12:57:17] INFO: 🔄 Tables Sequelize vérifiées (création si absentes ; alter désactivé).
[2026-04-21 12:57:17] INFO: ✅ Connexion MySQL établie
[2026-04-21 12:57:17] INFO: 🚀 Serveur CNI démarré sur le port 5000
[2026-04-21 12:57:17] INFO: 📡 Environnement : development
[2026-04-21 12:57:17] INFO: 🌐 URL : http://localhost:5000
[2026-04-21 12:57:17] INFO: 📊 API Health : http://localhost:5000/api/health
[2026-04-21 12:57:17] INFO: 💬 Socket.IO : path /socket.io
[2026-04-21 13:01:08] WARN: Token JWT invalide ou expiré
[2026-04-21 13:01:08] WARN: Tentative d'accès avec token invalide depuis ::1
[2026-04-21 13:01:13] INFO: 📦 Connexion MySQL réussie
[2026-04-21 13:01:14] INFO: 🔄 Tables Sequelize vérifiées (création si absentes ; alter désactivé).
[2026-04-21 13:01:14] INFO: ✅ Connexion MySQL établie
[2026-04-21 13:01:14] INFO: 🚀 Serveur CNI démarré sur le port 5000
[2026-04-21 13:01:14] INFO: 📡 Environnement : development
[2026-04-21 13:01:14] INFO: 🌐 URL : http://localhost:5000
[2026-04-21 13:01:14] INFO: 📊 API Health : http://localhost:5000/api/health
[2026-04-21 13:01:14] INFO: 💬 Socket.IO : path /socket.io
[2026-04-21 13:02:11] INFO: 📦 Connexion MySQL réussie
[2026-04-21 13:02:12] INFO: 🔄 Tables Sequelize vérifiées (création si absentes ; alter désactivé).
[2026-04-21 13:02:12] INFO: ✅ Connexion MySQL établie
[2026-04-21 13:02:12] INFO: 🚀 Serveur CNI démarré sur le port 5000
[2026-04-21 13:02:12] INFO: 📡 Environnement : development
[2026-04-21 13:02:12] INFO: 🌐 URL : http://localhost:5000
[2026-04-21 13:02:12] INFO: 📊 API Health : http://localhost:5000/api/health
[2026-04-21 13:02:12] INFO: 💬 Socket.IO : path /socket.io
[2026-04-21 13:03:09] INFO: 📦 Connexion MySQL réussie
[2026-04-21 13:03:10] INFO: 🔄 Tables Sequelize vérifiées (création si absentes ; alter désactivé).
[2026-04-21 13:03:10] INFO: ✅ Connexion MySQL établie
[2026-04-21 13:03:10] INFO: 🚀 Serveur CNI démarré sur le port 5000
[2026-04-21 13:03:10] INFO: 📡 Environnement : development
[2026-04-21 13:03:10] INFO: 🌐 URL : http://localhost:5000
[2026-04-21 13:03:10] INFO: 📊 API Health : http://localhost:5000/api/health
[2026-04-21 13:03:10] INFO: 💬 Socket.IO : path /socket.io
[2026-04-21 13:16:20] INFO: 📦 Connexion MySQL réussie
[2026-04-21 13:16:21] INFO: 🔄 Tables Sequelize vérifiées (création si absentes ; alter désactivé).
[2026-04-21 13:16:21] INFO: ✅ Connexion MySQL établie
[2026-04-21 13:16:21] INFO: 🚀 Serveur CNI démarré sur le port 5000
[2026-04-21 13:16:21] INFO: 📡 Environnement : development
[2026-04-21 13:16:21] INFO: 🌐 URL : http://localhost:5000
[2026-04-21 13:16:21] INFO: 📊 API Health : http://localhost:5000/api/health
[2026-04-21 13:16:21] INFO: 💬 Socket.IO : path /socket.io
[2026-04-21 13:16:42] INFO: 📦 Connexion MySQL réussie
[2026-04-21 13:16:44] INFO: 🔄 Tables Sequelize vérifiées (création si absentes ; alter désactivé).
[2026-04-21 13:16:44] INFO: ✅ Connexion MySQL établie
[2026-04-21 13:16:44] INFO: 🚀 Serveur CNI démarré sur le port 5000
[2026-04-21 13:16:44] INFO: 📡 Environnement : development
[2026-04-21 13:16:44] INFO: 🌐 URL : http://localhost:5000
[2026-04-21 13:16:44] INFO: 📊 API Health : http://localhost:5000/api/health
[2026-04-21 13:16:44] INFO: 💬 Socket.IO : path /socket.io
[2026-04-21 13:17:01] INFO: 📦 Connexion MySQL réussie
[2026-04-21 13:17:03] INFO: 🔄 Tables Sequelize vérifiées (création si absentes ; alter désactivé).
[2026-04-21 13:17:03] INFO: ✅ Connexion MySQL établie
[2026-04-21 13:17:03] INFO: 🚀 Serveur CNI démarré sur le port 5000
[2026-04-21 13:17:03] INFO: 📡 Environnement : development
[2026-04-21 13:17:03] INFO: 🌐 URL : http://localhost:5000
[2026-04-21 13:17:03] INFO: 📊 API Health : http://localhost:5000/api/health
[2026-04-21 13:17:03] INFO: 💬 Socket.IO : path /socket.io
[2026-04-21 13:17:34] WARN: Token JWT invalide ou expiré
[2026-04-21 13:17:34] WARN: Tentative d'accès avec token invalide depuis ::1
[2026-04-21 13:17:34] WARN: Token JWT invalide ou expiré
[2026-04-21 13:17:34] WARN: Tentative d'accès avec token invalide depuis ::1
[2026-04-21 13:25:07] INFO: 📝 Nouvelle candidature créée : ghanmi adem (#5)
[2026-04-21 13:25:07] INFO: [WORKFLOW] stage-candidature-reception | stagiaire#5 | soumission
[2026-04-21 13:25:08] INFO: 📧 SMTP actif et vérifié : smtp.gmail.com:587 (ademghanmi19@gmail.com)
[2026-04-21 13:25:09] INFO: ✉️ Email envoyé à : ademghanmifr@gmail.com | Sujet : ✅ Candidature reçue - CNI Stages
[2026-04-21 13:25:11] INFO: ✉️ Email envoyé à : rh@cni.tn | Sujet : 📋 Nouvelle candidature de stage - ghanmi adem
[2026-04-21 13:25:17] INFO: [WORKFLOW] stage-validation | stagiaire#5 | valide_rh
[2026-04-21 13:25:18] INFO: ✉️ Email envoyé à : ademghanmifr@gmail.com | Sujet : ✅ Candidature validée par la RH — en attente manager
[2026-04-21 13:25:47] INFO: 📄 Convention générée : uploads/conventions/convention_5_1776774347348.pdf
[2026-04-21 13:25:49] INFO: ✉️ Email envoyé à : ademghanmifr@gmail.com | Sujet : 🎉 Candidature acceptée - Convention de stage CNI
[2026-04-21 13:25:49] INFO: ✅ Stage accepté : ghanmi adem (#5)
[2026-04-21 13:25:49] INFO: [WORKFLOW] stage-validation | stagiaire#5 | valide_manager
[2026-04-21 13:25:58] ERROR: Error: WinAnsi cannot encode "→" (0x2192)
    at Encoding.encodeUnicodeCodePoint (C:\Users\Adem\OneDrive\Bureau\test\backend\node_modules\@pdf-lib\standard-fonts\lib\Encoding.js:23:23)
    at StandardFontEmbedder.encodeTextAsGlyphs (C:\Users\Adem\OneDrive\Bureau\test\backend\node_modules\pdf-lib\src\core\embedders\StandardFontEmbedder.ts:124:35)
    at StandardFontEmbedder.encodeText (C:\Users\Adem\OneDrive\Bureau\test\backend\node_modules\pdf-lib\src\core\embedders\StandardFontEmbedder.ts:50:25)
    at PDFFont.encodeText (C:\Users\Adem\OneDrive\Bureau\test\backend\node_modules\pdf-lib\src\api\PDFFont.ts:72:26)
    at PDFPage.drawText (C:\Users\Adem\OneDrive\Bureau\test\backend\node_modules\pdf-lib\src\api\PDFPage.ts:993:35)
    at drawLine (C:\Users\Adem\OneDrive\Bureau\test\backend\src\services\pdf.service.ts:198:12)
    at Function.genererFicheProjet (C:\Users\Adem\OneDrive\Bureau\test\backend\src\services\pdf.service.ts:221:5)
    at processTicksAndRejections (node:internal/process/task_queues:95:5)
    at Function.assignProject (C:\Users\Adem\OneDrive\Bureau\test\backend\src\services\stagiaireWorkflow.service.ts:110:17)
    at workflowAssignProject (C:\Users\Adem\OneDrive\Bureau\test\backend\src\controllers\stagiaire.controller.ts:45:19)
[2026-04-21 13:26:46] ERROR: Error: WinAnsi cannot encode "→" (0x2192)
    at Encoding.encodeUnicodeCodePoint (C:\Users\Adem\OneDrive\Bureau\test\backend\node_modules\@pdf-lib\standard-fonts\lib\Encoding.js:23:23)
    at StandardFontEmbedder.encodeTextAsGlyphs (C:\Users\Adem\OneDrive\Bureau\test\backend\node_modules\pdf-lib\src\core\embedders\StandardFontEmbedder.ts:124:35)
    at StandardFontEmbedder.encodeText (C:\Users\Adem\OneDrive\Bureau\test\backend\node_modules\pdf-lib\src\core\embedders\StandardFontEmbedder.ts:50:25)
    at PDFFont.encodeText (C:\Users\Adem\OneDrive\Bureau\test\backend\node_modules\pdf-lib\src\api\PDFFont.ts:72:26)
    at PDFPage.drawText (C:\Users\Adem\OneDrive\Bureau\test\backend\node_modules\pdf-lib\src\api\PDFPage.ts:993:35)
    at drawLine (C:\Users\Adem\OneDrive\Bureau\test\backend\src\services\pdf.service.ts:198:12)
    at Function.genererFicheProjet (C:\Users\Adem\OneDrive\Bureau\test\backend\src\services\pdf.service.ts:221:5)
    at processTicksAndRejections (node:internal/process/task_queues:95:5)
    at Function.assignProject (C:\Users\Adem\OneDrive\Bureau\test\backend\src\services\stagiaireWorkflow.service.ts:110:17)
    at workflowAssignProject (C:\Users\Adem\OneDrive\Bureau\test\backend\src\controllers\stagiaire.controller.ts:45:19)
[2026-04-21 13:27:49] INFO: ✍️ Convention signée : stagiaire #5
[2026-04-21 13:28:07] ERROR: Error: WinAnsi cannot encode "→" (0x2192)
    at Encoding.encodeUnicodeCodePoint (C:\Users\Adem\OneDrive\Bureau\test\backend\node_modules\@pdf-lib\standard-fonts\lib\Encoding.js:23:23)
    at StandardFontEmbedder.encodeTextAsGlyphs (C:\Users\Adem\OneDrive\Bureau\test\backend\node_modules\pdf-lib\src\core\embedders\StandardFontEmbedder.ts:124:35)
    at StandardFontEmbedder.encodeText (C:\Users\Adem\OneDrive\Bureau\test\backend\node_modules\pdf-lib\src\core\embedders\StandardFontEmbedder.ts:50:25)
    at PDFFont.encodeText (C:\Users\Adem\OneDrive\Bureau\test\backend\node_modules\pdf-lib\src\api\PDFFont.ts:72:26)
    at PDFPage.drawText (C:\Users\Adem\OneDrive\Bureau\test\backend\node_modules\pdf-lib\src\api\PDFPage.ts:993:35)
    at drawLine (C:\Users\Adem\OneDrive\Bureau\test\backend\src\services\pdf.service.ts:198:12)
    at Function.genererFicheProjet (C:\Users\Adem\OneDrive\Bureau\test\backend\src\services\pdf.service.ts:221:5)
    at processTicksAndRejections (node:internal/process/task_queues:95:5)
    at Function.assignProject (C:\Users\Adem\OneDrive\Bureau\test\backend\src\services\stagiaireWorkflow.service.ts:110:17)
    at workflowAssignProject (C:\Users\Adem\OneDrive\Bureau\test\backend\src\controllers\stagiaire.controller.ts:45:19)
[2026-04-21 13:29:33] INFO: 📦 Connexion MySQL réussie
[2026-04-21 13:29:35] INFO: 🔄 Tables Sequelize vérifiées (création si absentes ; alter désactivé).
[2026-04-21 13:29:35] INFO: ✅ Connexion MySQL établie
[2026-04-21 13:29:35] INFO: 🚀 Serveur CNI démarré sur le port 5000
[2026-04-21 13:29:35] INFO: 📡 Environnement : development
[2026-04-21 13:29:35] INFO: 🌐 URL : http://localhost:5000
[2026-04-21 13:29:35] INFO: 📊 API Health : http://localhost:5000/api/health
[2026-04-21 13:29:35] INFO: 💬 Socket.IO : path /socket.io
[2026-04-21 13:30:30] INFO: 📄 Fiche projet générée : uploads/projets_stage/projet_5_1776774630011.pdf
[2026-04-21 13:30:30] INFO: 📧 SMTP actif et vérifié : smtp.gmail.com:587 (ademghanmi19@gmail.com)
[2026-04-21 13:30:32] INFO: ✉️ Email envoyé à : ademghanmifr@gmail.com | Sujet : 📌 Votre projet de stage — CNI
[2026-04-21 13:30:32] INFO: [WORKFLOW] stage-automation | stagiaire#5 | assign_project
[2026-04-21 13:30:32] INFO: 📌 Projet assigné stagiaire #5
[2026-04-21 13:30:33] INFO: ✉️ Email envoyé à : ahmed@cni.tn | Sujet : 👨‍🏫 Encadrement projet stagiaire — ghanmi adem
[2026-04-21 13:30:57] INFO: [WORKFLOW] stage-automation | stagiaire#5 | send_schedule
[2026-04-21 13:30:59] INFO: ✉️ Email envoyé à : ademghanmifr@gmail.com | Sujet : 📅 Planning de votre stage — CNI
[2026-04-21 13:31:02] INFO: ✉️ Email envoyé à : ahmed@cni.tn | Sujet : 📅 Planning envoyé au stagiaire ghanmi adem
[2026-04-21 13:31:41] INFO: 📄 Attestation générée : uploads/attestations/attestation_5_1776774701513.pdf
[2026-04-21 13:31:45] INFO: ✉️ Email envoyé à : ademghanmifr@gmail.com | Sujet : 🎓 Votre attestation de stage — CNI
[2026-04-21 13:31:45] INFO: [WORKFLOW] stage-automation | stagiaire#5 | send_attestation_email
[2026-04-21 13:34:16] WARN: Token JWT invalide ou expiré
[2026-04-21 13:34:16] WARN: Tentative d'accès avec token invalide depuis ::1
[2026-04-21 13:37:15] WARN: ⚠️ Alerte budget 60% - Département Infrastructure & Réseaux
[2026-04-21 13:37:15] WARN: ⚠️ Alerte budget 80% - Département Infrastructure & Réseaux
[2026-04-21 13:37:15] WARN: ⚠️ Alerte budget 60% - Département Cybersécurité
[2026-04-21 13:37:15] WARN: ⚠️ Alerte budget 80% - Département Cybersécurité
[2026-04-21 13:37:15] WARN: ⚠️ Alerte budget 90% - Département Cybersécurité
[2026-04-21 13:37:15] INFO: ✅ Inscription validée RH : employé #6 → formation #3
[2026-04-21 13:37:15] INFO: [WORKFLOW] formation-inscription | inscription#3 | valide_rh
[2026-04-21 13:37:17] INFO: ✉️ Email envoyé à : rh@cni.tn | Sujet : ⚠️ Alerte Budget Formation - Département Infrastructure & Réseaux (80%)
[2026-04-21 13:37:18] INFO: ✉️ Email envoyé à : manager.inf@cni.tn | Sujet : ⚠️ Alerte Budget Formation - Département Infrastructure & Réseaux (80%)
[2026-04-21 13:37:19] INFO: ✉️ Email envoyé à : rh@cni.tn | Sujet : ⚠️ Alerte Budget Formation - Département Infrastructure & Réseaux (80%)
[2026-04-21 13:37:21] INFO: ✉️ Email envoyé à : manager.inf@cni.tn | Sujet : ⚠️ Alerte Budget Formation - Département Infrastructure & Réseaux (80%)
[2026-04-21 13:37:23] INFO: ✉️ Email envoyé à : rh@cni.tn | Sujet : ⚠️ Alerte Budget Formation - Département Cybersécurité (92%)
[2026-04-21 13:37:25] INFO: ✉️ Email envoyé à : rh@cni.tn | Sujet : ⚠️ Alerte Budget Formation - Département Cybersécurité (92%)
[2026-04-21 13:37:26] INFO: ✉️ Email envoyé à : rh@cni.tn | Sujet : ⚠️ Alerte Budget Formation - Département Cybersécurité (92%)
[2026-04-21 13:37:27] INFO: ✉️ Email envoyé à : youssef@cni.tn | Sujet : 🎓 Inscription confirmée - Management & Leadership - Gestion d'Équipe
[2026-04-21 13:37:33] INFO: 👋 Déconnexion : utilisateur ID 1
[2026-04-21 13:37:38] INFO: ✅ Connexion réussie : manager.dev@cni.tn (Manager)
[2026-04-21 13:38:55] INFO: 👋 Déconnexion : utilisateur ID 2
[2026-04-21 13:39:01] INFO: ✅ Connexion réussie : ahmed@cni.tn (Employe)
[2026-04-21 13:45:08] INFO: 📦 Connexion MySQL réussie
[2026-04-21 13:45:09] INFO: 🔄 Tables Sequelize vérifiées (création si absentes ; alter désactivé).
[2026-04-21 13:45:09] INFO: ✅ Connexion MySQL établie
[2026-04-21 13:45:09] INFO: 🚀 Serveur CNI démarré sur le port 5000
[2026-04-21 13:45:09] INFO: 📡 Environnement : development
[2026-04-21 13:45:09] INFO: 🌐 URL : http://localhost:5000
[2026-04-21 13:45:09] INFO: 📊 API Health : http://localhost:5000/api/health
[2026-04-21 13:45:09] INFO: 💬 Socket.IO : path /socket.io
[2026-04-21 13:45:25] INFO: 📦 Connexion MySQL réussie
[2026-04-21 13:45:26] INFO: 🔄 Tables Sequelize vérifiées (création si absentes ; alter désactivé).
[2026-04-21 13:45:26] INFO: ✅ Connexion MySQL établie
[2026-04-21 13:45:26] INFO: 🚀 Serveur CNI démarré sur le port 5000
[2026-04-21 13:45:26] INFO: 📡 Environnement : development
[2026-04-21 13:45:26] INFO: 🌐 URL : http://localhost:5000
[2026-04-21 13:45:26] INFO: 📊 API Health : http://localhost:5000/api/health
[2026-04-21 13:45:26] INFO: 💬 Socket.IO : path /socket.io
[2026-04-21 13:45:50] INFO: 📦 Connexion MySQL réussie
[2026-04-21 13:45:52] INFO: 🔄 Tables Sequelize vérifiées (création si absentes ; alter désactivé).
[2026-04-21 13:45:52] INFO: ✅ Connexion MySQL établie
[2026-04-21 13:45:52] INFO: 🚀 Serveur CNI démarré sur le port 5000
[2026-04-21 13:45:52] INFO: 📡 Environnement : development
[2026-04-21 13:45:52] INFO: 🌐 URL : http://localhost:5000
[2026-04-21 13:45:52] INFO: 📊 API Health : http://localhost:5000/api/health
[2026-04-21 13:45:52] INFO: 💬 Socket.IO : path /socket.io
[2026-04-21 13:46:15] INFO: 📦 Connexion MySQL réussie
[2026-04-21 13:46:17] INFO: 🔄 Tables Sequelize vérifiées (création si absentes ; alter désactivé).
[2026-04-21 13:46:17] INFO: ✅ Connexion MySQL établie
[2026-04-21 13:46:17] INFO: 🚀 Serveur CNI démarré sur le port 5000
[2026-04-21 13:46:17] INFO: 📡 Environnement : development
[2026-04-21 13:46:17] INFO: 🌐 URL : http://localhost:5000
[2026-04-21 13:46:17] INFO: 📊 API Health : http://localhost:5000/api/health
[2026-04-21 13:46:17] INFO: 💬 Socket.IO : path /socket.io
[2026-04-21 13:46:43] INFO: 📦 Connexion MySQL réussie
[2026-04-21 13:46:45] INFO: 🔄 Tables Sequelize vérifiées (création si absentes ; alter désactivé).
[2026-04-21 13:46:45] INFO: ✅ Connexion MySQL établie
[2026-04-21 13:46:45] INFO: 🚀 Serveur CNI démarré sur le port 5000
[2026-04-21 13:46:45] INFO: 📡 Environnement : development
[2026-04-21 13:46:45] INFO: 🌐 URL : http://localhost:5000
[2026-04-21 13:46:45] INFO: 📊 API Health : http://localhost:5000/api/health
[2026-04-21 13:46:45] INFO: 💬 Socket.IO : path /socket.io
[2026-04-21 13:47:06] INFO: 📦 Connexion MySQL réussie
[2026-04-21 13:47:13] INFO: 🔄 Tables Sequelize vérifiées (création si absentes ; alter désactivé).
[2026-04-21 13:47:13] INFO: ✅ Connexion MySQL établie
[2026-04-21 13:47:13] INFO: 🚀 Serveur CNI démarré sur le port 5000
[2026-04-21 13:47:13] INFO: 📡 Environnement : development
[2026-04-21 13:47:13] INFO: 🌐 URL : http://localhost:5000
[2026-04-21 13:47:13] INFO: 📊 API Health : http://localhost:5000/api/health
[2026-04-21 13:47:13] INFO: 💬 Socket.IO : path /socket.io
[2026-04-21 13:51:09] INFO: 📦 Connexion MySQL réussie
[2026-04-21 13:51:09] ERROR: Error: 
    at Query.run (C:\Users\Adem\OneDrive\Bureau\test\backend\node_modules\sequelize\src\dialects\mysql\query.js:46:25)
    at C:\Users\Adem\OneDrive\Bureau\test\backend\node_modules\sequelize\src\sequelize.js:650:28
    at processTicksAndRejections (node:internal/process/task_queues:95:5)
    at Function.sync (C:\Users\Adem\OneDrive\Bureau\test\backend\node_modules\sequelize\src\model.js:1408:11)
    at Sequelize._syncModelsWithCyclicReferences (C:\Users\Adem\OneDrive\Bureau\test\backend\node_modules\sequelize\src\sequelize.js:861:7)
    at connectDB (C:\Users\Adem\OneDrive\Bureau\test\backend\src\config\database.ts:57:9)
    at startServer (C:\Users\Adem\OneDrive\Bureau\test\backend\src\server.ts:132:5)
[2026-04-21 14:16:06] INFO: 📦 Connexion MySQL réussie
[2026-04-21 14:16:07] INFO: 🔄 Tables Sequelize vérifiées (création si absentes ; alter désactivé).
[2026-04-21 14:16:07] INFO: 🌱 Début du seeding...
[2026-04-21 14:16:07] INFO: ✅ 5 départements créés
[2026-04-21 14:16:10] INFO: ✅ 7 employés créés
[2026-04-21 14:16:10] INFO: ✅ 5 formations créées
[2026-04-21 14:16:10] INFO: ✅ 4 stagiaires créés
[2026-04-21 14:16:10] INFO: ✅ Inscriptions créées
[2026-04-21 14:16:20] INFO: 📦 Connexion MySQL réussie
[2026-04-21 14:16:21] INFO: 🔄 Tables Sequelize vérifiées (création si absentes ; alter désactivé).
[2026-04-21 14:16:21] INFO: ✅ Connexion MySQL établie
[2026-04-21 14:16:21] INFO: 🚀 Serveur CNI démarré sur le port 5000
[2026-04-21 14:16:21] INFO: 📡 Environnement : development
[2026-04-21 14:16:21] INFO: 🌐 URL : http://localhost:5000
[2026-04-21 14:16:21] INFO: 📊 API Health : http://localhost:5000/api/health
[2026-04-21 14:16:21] INFO: 💬 Socket.IO : path /socket.io
[2026-04-21 14:16:30] WARN: Token JWT invalide ou expiré
[2026-04-21 14:16:30] WARN: Tentative d'accès avec token invalide depuis ::1
[2026-04-21 14:16:30] WARN: Token JWT invalide ou expiré
[2026-04-21 14:16:30] WARN: Tentative d'accès avec token invalide depuis ::1
[2026-04-21 14:16:38] INFO: ✅ Connexion réussie : ahmed@cni.tn (Employe)
[2026-04-21 14:16:45] INFO: 📦 Connexion MySQL réussie
[2026-04-21 14:16:46] INFO: 🔄 Tables Sequelize vérifiées (création si absentes ; alter désactivé).
[2026-04-21 14:16:46] INFO: ✅ Connexion MySQL établie
[2026-04-21 14:16:46] INFO: 🚀 Serveur CNI démarré sur le port 5000
[2026-04-21 14:16:46] INFO: 📡 Environnement : development
[2026-04-21 14:16:46] INFO: 🌐 URL : http://localhost:5000
[2026-04-21 14:16:46] INFO: 📊 API Health : http://localhost:5000/api/health
[2026-04-21 14:16:46] INFO: 💬 Socket.IO : path /socket.io
[2026-04-21 14:16:55] WARN: Accès refusé - Utilisateur ahmed@cni.tn (rôle: Employe) a tenté d'accéder à /
[2026-04-21 14:17:05] INFO: 📦 Connexion MySQL réussie
[2026-04-21 14:17:06] INFO: 🔄 Tables Sequelize vérifiées (création si absentes ; alter désactivé).
[2026-04-21 14:17:06] INFO: ✅ Connexion MySQL établie
[2026-04-21 14:17:06] INFO: 🚀 Serveur CNI démarré sur le port 5000
[2026-04-21 14:17:06] INFO: 📡 Environnement : development
[2026-04-21 14:17:06] INFO: 🌐 URL : http://localhost:5000
[2026-04-21 14:17:06] INFO: 📊 API Health : http://localhost:5000/api/health
[2026-04-21 14:17:06] INFO: 💬 Socket.IO : path /socket.io
[2026-04-21 14:17:14] WARN: Accès refusé - Utilisateur ahmed@cni.tn (rôle: Employe) a tenté d'accéder à /
[2026-04-21 14:17:22] WARN: Accès refusé - Utilisateur ahmed@cni.tn (rôle: Employe) a tenté d'accéder à /
[2026-04-21 14:17:29] INFO: 📦 Connexion MySQL réussie
[2026-04-21 14:17:32] INFO: 🔄 Tables Sequelize vérifiées (création si absentes ; alter désactivé).
[2026-04-21 14:17:32] INFO: ✅ Connexion MySQL établie
[2026-04-21 14:17:32] INFO: 🚀 Serveur CNI démarré sur le port 5000
[2026-04-21 14:17:32] INFO: 📡 Environnement : development
[2026-04-21 14:17:32] INFO: 🌐 URL : http://localhost:5000
[2026-04-21 14:17:32] INFO: 📊 API Health : http://localhost:5000/api/health
[2026-04-21 14:17:32] INFO: 💬 Socket.IO : path /socket.io
[2026-04-21 14:17:49] INFO: 📦 Connexion MySQL réussie
[2026-04-21 14:17:50] INFO: 🔄 Tables Sequelize vérifiées (création si absentes ; alter désactivé).
[2026-04-21 14:17:50] INFO: ✅ Connexion MySQL établie
[2026-04-21 14:17:50] INFO: 🚀 Serveur CNI démarré sur le port 5000
[2026-04-21 14:17:50] INFO: 📡 Environnement : development
[2026-04-21 14:17:50] INFO: 🌐 URL : http://localhost:5000
[2026-04-21 14:17:50] INFO: 📊 API Health : http://localhost:5000/api/health
[2026-04-21 14:17:50] INFO: 💬 Socket.IO : path /socket.io
[2026-04-21 14:18:10] INFO: 📦 Connexion MySQL réussie
[2026-04-21 14:18:11] INFO: 🔄 Tables Sequelize vérifiées (création si absentes ; alter désactivé).
[2026-04-21 14:18:11] INFO: ✅ Connexion MySQL établie
[2026-04-21 14:18:11] INFO: 🚀 Serveur CNI démarré sur le port 5000
[2026-04-21 14:18:11] INFO: 📡 Environnement : development
[2026-04-21 14:18:11] INFO: 🌐 URL : http://localhost:5000
[2026-04-21 14:18:11] INFO: 📊 API Health : http://localhost:5000/api/health
[2026-04-21 14:18:11] INFO: 💬 Socket.IO : path /socket.io
[2026-04-21 14:18:29] INFO: 📦 Connexion MySQL réussie
[2026-04-21 14:18:30] INFO: 🔄 Tables Sequelize vérifiées (création si absentes ; alter désactivé).
[2026-04-21 14:18:30] INFO: ✅ Connexion MySQL établie
[2026-04-21 14:18:30] INFO: 🚀 Serveur CNI démarré sur le port 5000
[2026-04-21 14:18:30] INFO: 📡 Environnement : development
[2026-04-21 14:18:30] INFO: 🌐 URL : http://localhost:5000
[2026-04-21 14:18:30] INFO: 📊 API Health : http://localhost:5000/api/health
[2026-04-21 14:18:30] INFO: 💬 Socket.IO : path /socket.io
[2026-04-21 14:18:49] INFO: 📦 Connexion MySQL réussie
[2026-04-21 14:18:51] INFO: 🔄 Tables Sequelize vérifiées (création si absentes ; alter désactivé).
[2026-04-21 14:18:51] INFO: ✅ Connexion MySQL établie
[2026-04-21 14:18:51] INFO: 🚀 Serveur CNI démarré sur le port 5000
[2026-04-21 14:18:51] INFO: 📡 Environnement : development
[2026-04-21 14:18:51] INFO: 🌐 URL : http://localhost:5000
[2026-04-21 14:18:51] INFO: 📊 API Health : http://localhost:5000/api/health
[2026-04-21 14:18:51] INFO: 💬 Socket.IO : path /socket.io
[2026-04-21 14:20:22] INFO: 📦 Connexion MySQL réussie
[2026-04-21 14:20:23] INFO: 🔄 Tables Sequelize vérifiées (création si absentes ; alter désactivé).
[2026-04-21 14:20:23] INFO: ✅ Connexion MySQL établie
[2026-04-21 14:20:23] INFO: 🚀 Serveur CNI démarré sur le port 5000
[2026-04-21 14:20:23] INFO: 📡 Environnement : development
[2026-04-21 14:20:23] INFO: 🌐 URL : http://localhost:5000
[2026-04-21 14:20:23] INFO: 📊 API Health : http://localhost:5000/api/health
[2026-04-21 14:20:23] INFO: 💬 Socket.IO : path /socket.io
[2026-04-21 14:20:42] INFO: 📦 Connexion MySQL réussie
[2026-04-21 14:20:44] INFO: 🔄 Tables Sequelize vérifiées (création si absentes ; alter désactivé).
[2026-04-21 14:20:44] INFO: ✅ Connexion MySQL établie
[2026-04-21 14:20:44] INFO: 🚀 Serveur CNI démarré sur le port 5000
[2026-04-21 14:20:44] INFO: 📡 Environnement : development
[2026-04-21 14:20:44] INFO: 🌐 URL : http://localhost:5000
[2026-04-21 14:20:44] INFO: 📊 API Health : http://localhost:5000/api/health
[2026-04-21 14:20:44] INFO: 💬 Socket.IO : path /socket.io
[2026-04-21 14:21:02] INFO: 📦 Connexion MySQL réussie
[2026-04-21 14:21:04] INFO: 🔄 Tables Sequelize vérifiées (création si absentes ; alter désactivé).
[2026-04-21 14:21:04] INFO: ✅ Connexion MySQL établie
[2026-04-21 14:21:04] INFO: 🚀 Serveur CNI démarré sur le port 5000
[2026-04-21 14:21:04] INFO: 📡 Environnement : development
[2026-04-21 14:21:04] INFO: 🌐 URL : http://localhost:5000
[2026-04-21 14:21:04] INFO: 📊 API Health : http://localhost:5000/api/health
[2026-04-21 14:21:04] INFO: 💬 Socket.IO : path /socket.io
[2026-04-21 14:24:49] INFO: 📦 Connexion MySQL réussie
[2026-04-21 14:24:51] INFO: 🔄 Tables Sequelize vérifiées (création si absentes ; alter désactivé).
[2026-04-21 14:24:51] INFO: ✅ Connexion MySQL établie
[2026-04-21 14:24:51] INFO: 🚀 Serveur CNI démarré sur le port 5000
[2026-04-21 14:24:51] INFO: 📡 Environnement : development
[2026-04-21 14:24:51] INFO: 🌐 URL : http://localhost:5000
[2026-04-21 14:24:51] INFO: 📊 API Health : http://localhost:5000/api/health
[2026-04-21 14:24:51] INFO: 💬 Socket.IO : path /socket.io
[2026-04-21 14:25:15] INFO: 📦 Connexion MySQL réussie
[2026-04-21 14:25:17] INFO: 🔄 Tables Sequelize vérifiées (création si absentes ; alter désactivé).
[2026-04-21 14:25:17] INFO: ✅ Connexion MySQL établie
[2026-04-21 14:25:17] INFO: 🚀 Serveur CNI démarré sur le port 5000
[2026-04-21 14:25:17] INFO: 📡 Environnement : development
[2026-04-21 14:25:17] INFO: 🌐 URL : http://localhost:5000
[2026-04-21 14:25:17] INFO: 📊 API Health : http://localhost:5000/api/health
[2026-04-21 14:25:17] INFO: 💬 Socket.IO : path /socket.io
[2026-04-21 14:27:58] INFO: 📦 Connexion MySQL réussie
[2026-04-21 14:27:59] INFO: 🔄 Tables Sequelize vérifiées (création si absentes ; alter désactivé).
[2026-04-21 14:27:59] INFO: ✅ Connexion MySQL établie
[2026-04-21 14:27:59] INFO: 🚀 Serveur CNI démarré sur le port 5000
[2026-04-21 14:27:59] INFO: 📡 Environnement : development
[2026-04-21 14:27:59] INFO: 🌐 URL : http://localhost:5000
[2026-04-21 14:27:59] INFO: 📊 API Health : http://localhost:5000/api/health
[2026-04-21 14:27:59] INFO: 💬 Socket.IO : path /socket.io
[2026-04-21 14:31:12] WARN: Accès refusé - Utilisateur ahmed@cni.tn (rôle: Employe) a tenté d'accéder à /
[2026-04-21 14:31:23] WARN: Accès refusé - Utilisateur ahmed@cni.tn (rôle: Employe) a tenté d'accéder à /
[2026-04-21 14:31:33] WARN: Accès refusé - Utilisateur ahmed@cni.tn (rôle: Employe) a tenté d'accéder à /
[2026-04-21 14:31:42] INFO: 📦 Connexion MySQL réussie
[2026-04-21 14:31:44] INFO: 🔄 Tables Sequelize vérifiées (création si absentes ; alter désactivé).
[2026-04-21 14:31:44] INFO: ✅ Connexion MySQL établie
[2026-04-21 14:31:44] INFO: 🚀 Serveur CNI démarré sur le port 5000
[2026-04-21 14:31:44] INFO: 📡 Environnement : development
[2026-04-21 14:31:44] INFO: 🌐 URL : http://localhost:5000
[2026-04-21 14:31:44] INFO: 📊 API Health : http://localhost:5000/api/health
[2026-04-21 14:31:44] INFO: 💬 Socket.IO : path /socket.io
[2026-04-21 14:33:07] WARN: Token JWT invalide ou expiré
[2026-04-21 14:33:07] WARN: Tentative d'accès avec token invalide depuis ::1
[2026-04-21 14:49:40] WARN: Token JWT invalide ou expiré
[2026-04-21 14:49:40] WARN: Tentative d'accès avec token invalide depuis ::1
[2026-04-21 14:51:09] WARN: Accès refusé - Utilisateur ahmed@cni.tn (rôle: Employe) a tenté d'accéder à /
[2026-04-21 14:52:02] WARN: Accès refusé - Utilisateur ahmed@cni.tn (rôle: Employe) a tenté d'accéder à /
[2026-04-21 14:53:38] WARN: Accès refusé - Utilisateur ahmed@cni.tn (rôle: Employe) a tenté d'accéder à /
[2026-04-21 14:55:17] WARN: Accès refusé - Utilisateur ahmed@cni.tn (rôle: Employe) a tenté d'accéder à /
[2026-04-21 14:55:35] WARN: Accès refusé - Utilisateur ahmed@cni.tn (rôle: Employe) a tenté d'accéder à /
[2026-04-21 14:55:44] INFO: 📝 Demande inscription formation #1 par employé #4
[2026-04-21 14:55:44] INFO: [WORKFLOW] formation-demande | inscription#4 | soumise_manager
[2026-04-21 14:55:44] INFO: 📧 SMTP actif et vérifié : smtp.gmail.com:587 (ademghanmi19@gmail.com)
[2026-04-21 14:55:46] INFO: ✉️ Email envoyé à : manager.dev@cni.tn | Sujet : ✅ Validation requise - Demande formation de Ahmed Chaabane
[2026-04-21 14:55:56] INFO: 📝 Demande inscription formation #3 par employé #4
[2026-04-21 14:55:56] INFO: [WORKFLOW] formation-demande | inscription#5 | soumise_manager
[2026-04-21 14:55:58] INFO: ✉️ Email envoyé à : manager.dev@cni.tn | Sujet : ✅ Validation requise - Demande formation de Ahmed Chaabane
[2026-04-21 14:55:59] INFO: 📝 Demande inscription formation #4 par employé #4
[2026-04-21 14:55:59] INFO: [WORKFLOW] formation-demande | inscription#6 | soumise_manager
[2026-04-21 14:56:00] INFO: ✉️ Email envoyé à : manager.dev@cni.tn | Sujet : ✅ Validation requise - Demande formation de Ahmed Chaabane
[2026-04-21 14:58:13] INFO: 📦 Connexion MySQL réussie
[2026-04-21 14:58:14] INFO: 🔄 Tables Sequelize vérifiées (création si absentes ; alter désactivé).
[2026-04-21 14:58:14] INFO: ✅ Connexion MySQL établie
[2026-04-21 14:58:14] INFO: 🚀 Serveur CNI démarré sur le port 5000
[2026-04-21 14:58:14] INFO: 📡 Environnement : development
[2026-04-21 14:58:14] INFO: 🌐 URL : http://localhost:5000
[2026-04-21 14:58:14] INFO: 📊 API Health : http://localhost:5000/api/health
[2026-04-21 14:58:14] INFO: 💬 Socket.IO : path /socket.io
[2026-04-21 14:58:34] INFO: 📦 Connexion MySQL réussie
[2026-04-21 14:58:35] INFO: 🔄 Tables Sequelize vérifiées (création si absentes ; alter désactivé).
[2026-04-21 14:58:35] INFO: ✅ Connexion MySQL établie
[2026-04-21 14:58:35] INFO: 🚀 Serveur CNI démarré sur le port 5000
[2026-04-21 14:58:35] INFO: 📡 Environnement : development
[2026-04-21 14:58:35] INFO: 🌐 URL : http://localhost:5000
[2026-04-21 14:58:35] INFO: 📊 API Health : http://localhost:5000/api/health
[2026-04-21 14:58:35] INFO: 💬 Socket.IO : path /socket.io
[2026-04-21 14:58:50] INFO: 📦 Connexion MySQL réussie
[2026-04-21 14:58:51] INFO: 🔄 Tables Sequelize vérifiées (création si absentes ; alter désactivé).
[2026-04-21 14:58:51] INFO: ✅ Connexion MySQL établie
[2026-04-21 14:58:51] INFO: 🚀 Serveur CNI démarré sur le port 5000
[2026-04-21 14:58:51] INFO: 📡 Environnement : development
[2026-04-21 14:58:51] INFO: 🌐 URL : http://localhost:5000
[2026-04-21 14:58:51] INFO: 📊 API Health : http://localhost:5000/api/health
[2026-04-21 14:58:51] INFO: 💬 Socket.IO : path /socket.io
[2026-04-21 14:59:15] INFO: 📦 Connexion MySQL réussie
[2026-04-21 14:59:16] INFO: 🔄 Tables Sequelize vérifiées (création si absentes ; alter désactivé).
[2026-04-21 14:59:16] INFO: ✅ Connexion MySQL établie
[2026-04-21 14:59:16] INFO: 🚀 Serveur CNI démarré sur le port 5000
[2026-04-21 14:59:16] INFO: 📡 Environnement : development
[2026-04-21 14:59:16] INFO: 🌐 URL : http://localhost:5000
[2026-04-21 14:59:16] INFO: 📊 API Health : http://localhost:5000/api/health
[2026-04-21 14:59:16] INFO: 💬 Socket.IO : path /socket.io
[2026-04-21 15:04:51] WARN: Token JWT invalide ou expiré
[2026-04-21 15:04:51] WARN: Tentative d'accès avec token invalide depuis ::1
[2026-04-21 15:04:51] WARN: Token JWT invalide ou expiré
[2026-04-21 15:04:51] WARN: Tentative d'accès avec token invalide depuis ::1
[2026-04-21 15:05:26] WARN: Accès refusé - Utilisateur ahmed@cni.tn (rôle: Employe) a tenté d'accéder à /
[2026-04-21 15:14:04] INFO: 👋 Déconnexion : utilisateur ID 4
[2026-04-21 15:14:09] INFO: ✅ Connexion réussie : rh@cni.tn (Direction_RH)
[2026-04-21 15:14:36] INFO: 👋 Déconnexion : utilisateur ID 1
[2026-04-21 15:14:41] INFO: ✅ Connexion réussie : manager.dev@cni.tn (Manager)
[2026-04-21 15:14:51] INFO: 👋 Déconnexion : utilisateur ID 2
[2026-04-21 15:14:57] INFO: ✅ Connexion réussie : rh@cni.tn (Direction_RH)
[2026-04-21 15:15:48] INFO: 📅 Rappels envoyés : 0
[2026-04-21 15:15:48] INFO: 📅 Rappels formations envoyés : 0
[2026-04-21 15:17:10] INFO: 👋 Déconnexion : utilisateur ID 1
[2026-04-21 15:17:15] INFO: ✅ Connexion réussie : manager.dev@cni.tn (Manager)
[2026-04-21 15:17:33] INFO: 👋 Déconnexion : utilisateur ID 2
[2026-04-21 15:17:38] INFO: ✅ Connexion réussie : rh@cni.tn (Direction_RH)
[2026-04-21 15:19:31] INFO: 👋 Déconnexion : utilisateur ID 1
[2026-04-21 15:19:43] INFO: ✅ Connexion réussie : ahmed@cni.tn (Employe)
[2026-04-21 15:19:59] INFO: 👋 Déconnexion : utilisateur ID 4
[2026-04-21 15:22:13] INFO: ✅ Connexion réussie : manager.dev@cni.tn (Manager)
[2026-04-21 15:23:42] INFO: 👋 Déconnexion : utilisateur ID 2
[2026-04-21 15:23:46] INFO: ✅ Connexion réussie : ahmed@cni.tn (Employe)
[2026-04-21 15:35:51] INFO: 👋 Déconnexion : utilisateur ID 4
[2026-04-21 15:35:56] INFO: ✅ Connexion réussie : rh@cni.tn (Direction_RH)
[2026-04-21 15:36:03] INFO: 👋 Déconnexion : utilisateur ID 1
[2026-04-21 15:36:07] INFO: ✅ Connexion réussie : manager.dev@cni.tn (Manager)
[2026-04-21 15:36:13] INFO: 👋 Déconnexion : utilisateur ID 2
[2026-04-21 15:36:17] INFO: ✅ Connexion réussie : ahmed@cni.tn (Employe)
[2026-04-21 15:40:47] INFO: 👋 Déconnexion : utilisateur ID 4
[2026-04-21 15:40:51] INFO: ✅ Connexion réussie : rh@cni.tn (Direction_RH)
[2026-04-21 15:42:11] INFO: 👋 Déconnexion : utilisateur ID 1
[2026-04-21 15:42:16] INFO: ✅ Connexion réussie : ahmed@cni.tn (Employe)
[2026-04-21 15:42:24] INFO: 👋 Déconnexion : utilisateur ID 4
[2026-04-21 15:47:20] INFO: ✅ Connexion réussie : rh@cni.tn (Direction_RH)
[2026-04-21 15:54:47] INFO: 📦 Connexion MySQL réussie
[2026-04-21 15:54:49] INFO: 🔄 Tables Sequelize vérifiées (création si absentes ; alter désactivé).
[2026-04-21 15:54:49] INFO: ✅ Connexion MySQL établie
[2026-04-21 15:54:49] INFO: 🚀 Serveur CNI démarré sur le port 5000
[2026-04-21 15:54:49] INFO: 📡 Environnement : development
[2026-04-21 15:54:49] INFO: 🌐 URL : http://localhost:5000
[2026-04-21 15:54:49] INFO: 📊 API Health : http://localhost:5000/api/health
[2026-04-21 15:54:49] INFO: 💬 Socket.IO : path /socket.io
[2026-04-21 15:58:41] INFO: 📦 Connexion MySQL réussie
[2026-04-21 15:58:43] INFO: 🔄 Tables Sequelize vérifiées (création si absentes ; alter désactivé).
[2026-04-21 15:58:43] INFO: ✅ Connexion MySQL établie
[2026-04-21 15:58:43] INFO: 🚀 Serveur CNI démarré sur le port 5000
[2026-04-21 15:58:43] INFO: 📡 Environnement : development
[2026-04-21 15:58:43] INFO: 🌐 URL : http://localhost:5000
[2026-04-21 15:58:43] INFO: 📊 API Health : http://localhost:5000/api/health
[2026-04-21 15:58:43] INFO: 💬 Socket.IO : path /socket.io
[2026-04-21 15:58:54] INFO: 📄 Fiche projet générée : uploads/projets_stage/projet_1_1776783534406.pdf
[2026-04-21 15:58:55] INFO: 📧 SMTP actif et vérifié : smtp.gmail.com:587 (ademghanmi19@gmail.com)
[2026-04-21 15:58:57] INFO: ✉️ Email envoyé à : sara.benamor@esprit.tn | Sujet : 📌 Votre projet de stage — CNI
[2026-04-21 15:58:57] INFO: [WORKFLOW] stage-automation | stagiaire#1 | assign_project
[2026-04-21 15:58:57] INFO: 📌 Projet assigné stagiaire #1
[2026-04-21 15:58:58] INFO: ✉️ Email envoyé à : youssef@cni.tn | Sujet : 👨‍🏫 Encadrement projet stagiaire — Sara Ben Amor
[2026-04-21 15:59:13] INFO: 📦 Connexion MySQL réussie
[2026-04-21 15:59:15] INFO: 🔄 Tables Sequelize vérifiées (création si absentes ; alter désactivé).
[2026-04-21 15:59:15] INFO: ✅ Connexion MySQL établie
[2026-04-21 15:59:15] INFO: 🚀 Serveur CNI démarré sur le port 5000
[2026-04-21 15:59:15] INFO: 📡 Environnement : development
[2026-04-21 15:59:15] INFO: 🌐 URL : http://localhost:5000
[2026-04-21 15:59:15] INFO: 📊 API Health : http://localhost:5000/api/health
[2026-04-21 15:59:15] INFO: 💬 Socket.IO : path /socket.io
[2026-04-21 15:59:53] INFO: 📦 Connexion MySQL réussie
[2026-04-21 15:59:55] INFO: 🔄 Tables Sequelize vérifiées (création si absentes ; alter désactivé).
[2026-04-21 15:59:55] INFO: ✅ Connexion MySQL établie
[2026-04-21 15:59:55] INFO: 🚀 Serveur CNI démarré sur le port 5000
[2026-04-21 15:59:55] INFO: 📡 Environnement : development
[2026-04-21 15:59:55] INFO: 🌐 URL : http://localhost:5000
[2026-04-21 15:59:55] INFO: 📊 API Health : http://localhost:5000/api/health
[2026-04-21 15:59:55] INFO: 💬 Socket.IO : path /socket.io
[2026-04-21 16:00:29] INFO: 📦 Connexion MySQL réussie
[2026-04-21 16:00:31] INFO: 🔄 Tables Sequelize vérifiées (création si absentes ; alter désactivé).
[2026-04-21 16:00:31] INFO: ✅ Connexion MySQL établie
[2026-04-21 16:00:31] INFO: 🚀 Serveur CNI démarré sur le port 5000
[2026-04-21 16:00:31] INFO: 📡 Environnement : development
[2026-04-21 16:00:31] INFO: 🌐 URL : http://localhost:5000
[2026-04-21 16:00:31] INFO: 📊 API Health : http://localhost:5000/api/health
[2026-04-21 16:00:31] INFO: 💬 Socket.IO : path /socket.io
[2026-04-21 16:02:26] WARN: Token JWT invalide ou expiré
[2026-04-21 16:02:26] WARN: Tentative d'accès avec token invalide depuis ::1
[2026-04-21 16:03:52] INFO: 📦 Connexion MySQL réussie
[2026-04-21 16:03:53] INFO: 🔄 Tables Sequelize vérifiées (création si absentes ; alter désactivé).
[2026-04-21 16:03:53] INFO: ✅ Connexion MySQL établie
[2026-04-21 16:03:53] INFO: 🚀 Serveur CNI démarré sur le port 5000
[2026-04-21 16:03:53] INFO: 📡 Environnement : development
[2026-04-21 16:03:53] INFO: 🌐 URL : http://localhost:5000
[2026-04-21 16:03:53] INFO: 📊 API Health : http://localhost:5000/api/health
[2026-04-21 16:03:53] INFO: 💬 Socket.IO : path /socket.io
[2026-04-21 16:06:00] INFO: 👋 Déconnexion : utilisateur ID 1
[2026-04-21 16:06:04] INFO: ✅ Connexion réussie : manager.dev@cni.tn (Manager)
[2026-04-21 16:06:31] INFO: 📦 Connexion MySQL réussie
[2026-04-21 16:06:33] INFO: 🔄 Tables Sequelize vérifiées (création si absentes ; alter désactivé).
[2026-04-21 16:06:33] INFO: ✅ Connexion MySQL établie
[2026-04-21 16:06:33] INFO: 🚀 Serveur CNI démarré sur le port 5000
[2026-04-21 16:06:33] INFO: 📡 Environnement : development
[2026-04-21 16:06:33] INFO: 🌐 URL : http://localhost:5000
[2026-04-21 16:06:33] INFO: 📊 API Health : http://localhost:5000/api/health
[2026-04-21 16:06:33] INFO: 💬 Socket.IO : path /socket.io
[2026-04-21 16:06:54] INFO: 📦 Connexion MySQL réussie
[2026-04-21 16:06:56] INFO: 🔄 Tables Sequelize vérifiées (création si absentes ; alter désactivé).
[2026-04-21 16:06:56] INFO: ✅ Connexion MySQL établie
[2026-04-21 16:06:56] INFO: 🚀 Serveur CNI démarré sur le port 5000
[2026-04-21 16:06:56] INFO: 📡 Environnement : development
[2026-04-21 16:06:56] INFO: 🌐 URL : http://localhost:5000
[2026-04-21 16:06:56] INFO: 📊 API Health : http://localhost:5000/api/health
[2026-04-21 16:06:56] INFO: 💬 Socket.IO : path /socket.io
[2026-04-21 16:07:20] INFO: 📦 Connexion MySQL réussie
[2026-04-21 16:07:21] INFO: 🔄 Tables Sequelize vérifiées (création si absentes ; alter désactivé).
[2026-04-21 16:07:21] INFO: ✅ Connexion MySQL établie
[2026-04-21 16:07:21] INFO: 🚀 Serveur CNI démarré sur le port 5000
[2026-04-21 16:07:21] INFO: 📡 Environnement : development
[2026-04-21 16:07:21] INFO: 🌐 URL : http://localhost:5000
[2026-04-21 16:07:21] INFO: 📊 API Health : http://localhost:5000/api/health
[2026-04-21 16:07:21] INFO: 💬 Socket.IO : path /socket.io
[2026-04-21 16:16:55] INFO: 👋 Déconnexion : utilisateur ID 2
[2026-04-21 16:17:00] INFO: ✅ Connexion réussie : rh@cni.tn (Direction_RH)
[2026-04-21 16:20:27] INFO: 📦 Connexion MySQL réussie
[2026-04-21 16:20:30] INFO: 🔄 Tables Sequelize vérifiées (création si absentes ; alter désactivé).
[2026-04-21 16:20:30] INFO: ✅ Connexion MySQL établie
[2026-04-21 16:20:30] INFO: 🚀 Serveur CNI démarré sur le port 5000
[2026-04-21 16:20:30] INFO: 📡 Environnement : development
[2026-04-21 16:20:30] INFO: 🌐 URL : http://localhost:5000
[2026-04-21 16:20:30] INFO: 📊 API Health : http://localhost:5000/api/health
[2026-04-21 16:20:30] INFO: 💬 Socket.IO : path /socket.io
[2026-04-21 16:21:35] INFO: 📦 Connexion MySQL réussie
[2026-04-21 16:21:35] ERROR: Error: 
    at Query.run (C:\Users\Adem\OneDrive\Bureau\test\backend\node_modules\sequelize\src\dialects\mysql\query.js:46:25)
    at C:\Users\Adem\OneDrive\Bureau\test\backend\node_modules\sequelize\src\sequelize.js:650:28
    at processTicksAndRejections (node:internal/process/task_queues:95:5)
    at Function.sync (C:\Users\Adem\OneDrive\Bureau\test\backend\node_modules\sequelize\src\model.js:1408:11)
    at Sequelize._syncModelsWithCyclicReferences (C:\Users\Adem\OneDrive\Bureau\test\backend\node_modules\sequelize\src\sequelize.js:861:7)
    at connectDB (C:\Users\Adem\OneDrive\Bureau\test\backend\src\config\database.ts:57:9)
    at startServer (C:\Users\Adem\OneDrive\Bureau\test\backend\src\server.ts:132:5)
[2026-04-21 16:26:28] INFO: 📦 Connexion MySQL réussie
[2026-04-21 16:26:30] INFO: 🔄 Tables Sequelize vérifiées (création si absentes ; alter désactivé).
[2026-04-21 16:26:30] INFO: 🌱 Début du seeding...
[2026-04-21 16:26:30] INFO: ✅ 5 départements créés
[2026-04-21 16:26:33] INFO: ✅ 7 employés créés
[2026-04-21 16:26:33] INFO: ✅ 5 formations créées
[2026-04-21 16:26:33] INFO: ✅ 4 stagiaires créés
[2026-04-21 16:26:33] INFO: ✅ Inscriptions créées
[2026-04-21 16:26:43] INFO: 📦 Connexion MySQL réussie
[2026-04-21 16:26:45] INFO: 🔄 Tables Sequelize vérifiées (création si absentes ; alter désactivé).
[2026-04-21 16:26:45] INFO: ✅ Connexion MySQL établie
[2026-04-21 16:26:45] INFO: 🚀 Serveur CNI démarré sur le port 5000
[2026-04-21 16:26:45] INFO: 📡 Environnement : development
[2026-04-21 16:26:45] INFO: 🌐 URL : http://localhost:5000
[2026-04-21 16:26:45] INFO: 📊 API Health : http://localhost:5000/api/health
[2026-04-21 16:26:45] INFO: 💬 Socket.IO : path /socket.io
[2026-04-21 16:27:01] INFO: 👋 Déconnexion : utilisateur ID 1
[2026-04-21 16:28:26] INFO: 📧 SMTP actif et vérifié : smtp.gmail.com:587 (ademghanmi19@gmail.com)
[2026-04-21 16:28:27] INFO: ✉️ Email envoyé à : ademghanmi19@gmail.com | Sujet : Code de vérification 15 min — CNI Stages
[2026-04-21 16:28:27] INFO: OTP envoyé à ademghanmi19@gmail.com (candidature)
[2026-04-21 16:29:07] INFO: ✉️ Email envoyé à : ademghanmifr@gmail.com | Sujet : Code de vérification 15 min — CNI Stages
[2026-04-21 16:29:07] INFO: OTP envoyé à ademghanmifr@gmail.com (candidature)
[2026-04-21 16:29:19] WARN: Analyse IA CV échouée pour stagiaire #5: DOMMatrix is not defined
[2026-04-21 16:29:19] INFO: 📝 Nouvelle candidature créée : ghanmi adem (#5)
[2026-04-21 16:29:19] INFO: [WORKFLOW] stage-candidature-reception | stagiaire#5 | soumission
[2026-04-21 16:29:20] INFO: ✉️ Email envoyé à : ademghanmifr@gmail.com | Sujet : ✅ Candidature reçue - CNI Stages
[2026-04-21 16:29:22] INFO: ✉️ Email envoyé à : rh@cni.tn | Sujet : 📋 Nouvelle candidature de stage - ghanmi adem
[2026-04-21 16:29:24] INFO: ✉️ Email envoyé à : manager.dev@cni.tn | Sujet : 📋 Nouvelle candidature pour votre département - ghanmi adem
[2026-04-21 16:29:29] INFO: ✅ Connexion réussie : rh@cni.tn (Direction_RH)
[2026-04-21 16:35:16] INFO: 📦 Connexion MySQL réussie
[2026-04-21 16:35:17] INFO: 🔄 Tables Sequelize vérifiées (création si absentes ; alter désactivé).
[2026-04-21 16:35:17] INFO: ✅ Connexion MySQL établie
[2026-04-21 16:35:17] INFO: 🚀 Serveur CNI démarré sur le port 5000
[2026-04-21 16:35:17] INFO: 📡 Environnement : development
[2026-04-21 16:35:17] INFO: 🌐 URL : http://localhost:5000
[2026-04-21 16:35:17] INFO: 📊 API Health : http://localhost:5000/api/health
[2026-04-21 16:35:17] INFO: 💬 Socket.IO : path /socket.io
[2026-04-21 16:36:34] INFO: 📦 Connexion MySQL réussie
[2026-04-21 16:36:35] INFO: 🔄 Tables Sequelize vérifiées (création si absentes ; alter désactivé).
[2026-04-21 16:36:35] INFO: ✅ Connexion MySQL établie
[2026-04-21 16:36:35] INFO: 🚀 Serveur CNI démarré sur le port 5000
[2026-04-21 16:36:35] INFO: 📡 Environnement : development
[2026-04-21 16:36:35] INFO: 🌐 URL : http://localhost:5000
[2026-04-21 16:36:35] INFO: 📊 API Health : http://localhost:5000/api/health
[2026-04-21 16:36:35] INFO: 💬 Socket.IO : path /socket.io
[2026-04-21 16:37:57] INFO: 📦 Connexion MySQL réussie
[2026-04-21 16:37:59] INFO: 🔄 Tables Sequelize vérifiées (création si absentes ; alter désactivé).
[2026-04-21 16:37:59] INFO: ✅ Connexion MySQL établie
[2026-04-21 16:37:59] INFO: 🚀 Serveur CNI démarré sur le port 5000
[2026-04-21 16:37:59] INFO: 📡 Environnement : development
[2026-04-21 16:37:59] INFO: 🌐 URL : http://localhost:5000
[2026-04-21 16:37:59] INFO: 📊 API Health : http://localhost:5000/api/health
[2026-04-21 16:37:59] INFO: 💬 Socket.IO : path /socket.io
[2026-04-21 16:40:42] INFO: 📦 Connexion MySQL réussie
[2026-04-21 16:40:44] INFO: 🔄 Tables Sequelize vérifiées (création si absentes ; alter désactivé).
[2026-04-21 16:40:44] INFO: ✅ Connexion MySQL établie
[2026-04-21 16:40:44] INFO: 🚀 Serveur CNI démarré sur le port 5000
[2026-04-21 16:40:44] INFO: 📡 Environnement : development
[2026-04-21 16:40:44] INFO: 🌐 URL : http://localhost:5000
[2026-04-21 16:40:44] INFO: 📊 API Health : http://localhost:5000/api/health
[2026-04-21 16:40:44] INFO: 💬 Socket.IO : path /socket.io
[2026-04-21 16:44:21] INFO: 📦 Connexion MySQL réussie
[2026-04-21 16:44:23] INFO: 🔄 Tables Sequelize vérifiées (création si absentes ; alter désactivé).
[2026-04-21 16:44:23] INFO: ✅ Connexion MySQL établie
[2026-04-21 16:44:23] INFO: 🚀 Serveur CNI démarré sur le port 5000
[2026-04-21 16:44:23] INFO: 📡 Environnement : development
[2026-04-21 16:44:23] INFO: 🌐 URL : http://localhost:5000
[2026-04-21 16:44:23] INFO: 📊 API Health : http://localhost:5000/api/health
[2026-04-21 16:44:23] INFO: 💬 Socket.IO : path /socket.io
[2026-04-21 16:44:40] INFO: 📦 Connexion MySQL réussie
[2026-04-21 16:44:42] INFO: 📦 Connexion MySQL réussie
[2026-04-21 16:44:44] INFO: 🔄 Tables Sequelize vérifiées (création si absentes ; alter désactivé).
[2026-04-21 16:44:44] INFO: ✅ Connexion MySQL établie
[2026-04-21 16:44:44] INFO: 🚀 Serveur CNI démarré sur le port 5000
[2026-04-21 16:44:44] INFO: 📡 Environnement : development
[2026-04-21 16:44:44] INFO: 🌐 URL : http://localhost:5000
[2026-04-21 16:44:44] INFO: 📊 API Health : http://localhost:5000/api/health
[2026-04-21 16:44:44] INFO: 💬 Socket.IO : path /socket.io
[2026-04-21 16:45:03] WARN: Token JWT invalide ou expiré
[2026-04-21 16:45:03] WARN: Tentative d'accès avec token invalide depuis ::1
[2026-04-21 16:45:03] WARN: Token JWT invalide ou expiré
[2026-04-21 16:45:03] WARN: Tentative d'accès avec token invalide depuis ::1
[2026-04-21 16:45:34] INFO: 📦 Connexion MySQL réussie
[2026-04-21 16:45:35] INFO: 🔄 Tables Sequelize vérifiées (création si absentes ; alter désactivé).
[2026-04-21 16:45:35] INFO: ✅ Connexion MySQL établie
[2026-04-21 16:45:35] INFO: 🚀 Serveur CNI démarré sur le port 5000
[2026-04-21 16:45:35] INFO: 📡 Environnement : development
[2026-04-21 16:45:35] INFO: 🌐 URL : http://localhost:5000
[2026-04-21 16:45:35] INFO: 📊 API Health : http://localhost:5000/api/health
[2026-04-21 16:45:35] INFO: 💬 Socket.IO : path /socket.io
[2026-04-21 16:48:14] INFO: 📦 Connexion MySQL réussie
[2026-04-21 16:48:15] INFO: 🔄 Tables Sequelize vérifiées (création si absentes ; alter désactivé).
[2026-04-21 16:48:15] INFO: ✅ Connexion MySQL établie
[2026-04-21 16:48:15] INFO: 🚀 Serveur CNI démarré sur le port 5000
[2026-04-21 16:48:15] INFO: 📡 Environnement : development
[2026-04-21 16:48:15] INFO: 🌐 URL : http://localhost:5000
[2026-04-21 16:48:15] INFO: 📊 API Health : http://localhost:5000/api/health
[2026-04-21 16:48:15] INFO: 💬 Socket.IO : path /socket.io
[2026-04-21 16:48:28] INFO: 📦 Connexion MySQL réussie
[2026-04-21 16:48:29] INFO: 🔄 Tables Sequelize vérifiées (création si absentes ; alter désactivé).
[2026-04-21 16:48:29] INFO: ✅ Connexion MySQL établie
[2026-04-21 16:48:29] INFO: 🚀 Serveur CNI démarré sur le port 5000
[2026-04-21 16:48:29] INFO: 📡 Environnement : development
[2026-04-21 16:48:29] INFO: 🌐 URL : http://localhost:5000
[2026-04-21 16:48:29] INFO: 📊 API Health : http://localhost:5000/api/health
[2026-04-21 16:48:29] INFO: 💬 Socket.IO : path /socket.io
[2026-04-21 16:50:29] INFO: 📦 Connexion MySQL réussie
[2026-04-21 16:50:30] INFO: 🔄 Tables Sequelize vérifiées (création si absentes ; alter désactivé).
[2026-04-21 16:50:30] INFO: ✅ Connexion MySQL établie
[2026-04-21 16:50:30] INFO: 🚀 Serveur CNI démarré sur le port 5000
[2026-04-21 16:50:30] INFO: 📡 Environnement : development
[2026-04-21 16:50:30] INFO: 🌐 URL : http://localhost:5000
[2026-04-21 16:50:30] INFO: 📊 API Health : http://localhost:5000/api/health
[2026-04-21 16:50:30] INFO: 💬 Socket.IO : path /socket.io
[2026-04-21 16:50:54] INFO: 📦 Connexion MySQL réussie
[2026-04-21 16:50:55] INFO: 🔄 Tables Sequelize vérifiées (création si absentes ; alter désactivé).
[2026-04-21 16:50:55] INFO: ✅ Connexion MySQL établie
[2026-04-21 16:50:55] INFO: 🚀 Serveur CNI démarré sur le port 5000
[2026-04-21 16:50:55] INFO: 📡 Environnement : development
[2026-04-21 16:50:55] INFO: 🌐 URL : http://localhost:5000
[2026-04-21 16:50:55] INFO: 📊 API Health : http://localhost:5000/api/health
[2026-04-21 16:50:55] INFO: 💬 Socket.IO : path /socket.io
[2026-04-21 16:51:09] INFO: 📦 Connexion MySQL réussie
[2026-04-21 16:51:11] INFO: 🔄 Tables Sequelize vérifiées (création si absentes ; alter désactivé).
[2026-04-21 16:51:11] INFO: ✅ Connexion MySQL établie
[2026-04-21 16:51:11] INFO: 🚀 Serveur CNI démarré sur le port 5000
[2026-04-21 16:51:11] INFO: 📡 Environnement : development
[2026-04-21 16:51:11] INFO: 🌐 URL : http://localhost:5000
[2026-04-21 16:51:11] INFO: 📊 API Health : http://localhost:5000/api/health
[2026-04-21 16:51:11] INFO: 💬 Socket.IO : path /socket.io
[2026-04-21 16:51:28] INFO: 📦 Connexion MySQL réussie
[2026-04-21 16:51:30] INFO: 🔄 Tables Sequelize vérifiées (création si absentes ; alter désactivé).
[2026-04-21 16:51:30] INFO: ✅ Connexion MySQL établie
[2026-04-21 16:51:30] INFO: 🚀 Serveur CNI démarré sur le port 5000
[2026-04-21 16:51:30] INFO: 📡 Environnement : development
[2026-04-21 16:51:30] INFO: 🌐 URL : http://localhost:5000
[2026-04-21 16:51:30] INFO: 📊 API Health : http://localhost:5000/api/health
[2026-04-21 16:51:30] INFO: 💬 Socket.IO : path /socket.io
[2026-04-21 16:51:47] INFO: 📦 Connexion MySQL réussie
[2026-04-21 16:51:50] INFO: 🔄 Tables Sequelize vérifiées (création si absentes ; alter désactivé).
[2026-04-21 16:51:50] INFO: ✅ Connexion MySQL établie
[2026-04-21 16:51:50] INFO: 🚀 Serveur CNI démarré sur le port 5000
[2026-04-21 16:51:50] INFO: 📡 Environnement : development
[2026-04-21 16:51:50] INFO: 🌐 URL : http://localhost:5000
[2026-04-21 16:51:50] INFO: 📊 API Health : http://localhost:5000/api/health
[2026-04-21 16:51:50] INFO: 💬 Socket.IO : path /socket.io
[2026-04-21 16:52:27] INFO: 📦 Connexion MySQL réussie
[2026-04-21 16:52:30] INFO: 🔄 Tables Sequelize vérifiées (création si absentes ; alter désactivé).
[2026-04-21 16:52:30] INFO: ✅ Connexion MySQL établie
[2026-04-21 16:52:30] INFO: 🚀 Serveur CNI démarré sur le port 5000
[2026-04-21 16:52:30] INFO: 📡 Environnement : development
[2026-04-21 16:52:30] INFO: 🌐 URL : http://localhost:5000
[2026-04-21 16:52:30] INFO: 📊 API Health : http://localhost:5000/api/health
[2026-04-21 16:52:30] INFO: 💬 Socket.IO : path /socket.io
[2026-04-21 16:52:48] INFO: 📦 Connexion MySQL réussie
[2026-04-21 16:52:50] INFO: 🔄 Tables Sequelize vérifiées (création si absentes ; alter désactivé).
[2026-04-21 16:52:50] INFO: ✅ Connexion MySQL établie
[2026-04-21 16:52:50] INFO: 🚀 Serveur CNI démarré sur le port 5000
[2026-04-21 16:52:50] INFO: 📡 Environnement : development
[2026-04-21 16:52:50] INFO: 🌐 URL : http://localhost:5000
[2026-04-21 16:52:50] INFO: 📊 API Health : http://localhost:5000/api/health
[2026-04-21 16:52:50] INFO: 💬 Socket.IO : path /socket.io
[2026-04-21 16:53:09] INFO: 📦 Connexion MySQL réussie
[2026-04-21 16:53:10] INFO: 🔄 Tables Sequelize vérifiées (création si absentes ; alter désactivé).
[2026-04-21 16:53:10] INFO: ✅ Connexion MySQL établie
[2026-04-21 16:53:10] INFO: 🚀 Serveur CNI démarré sur le port 5000
[2026-04-21 16:53:10] INFO: 📡 Environnement : development
[2026-04-21 16:53:10] INFO: 🌐 URL : http://localhost:5000
[2026-04-21 16:53:10] INFO: 📊 API Health : http://localhost:5000/api/health
[2026-04-21 16:53:10] INFO: 💬 Socket.IO : path /socket.io
[2026-04-21 16:55:40] WARN: Gemini PDF API erreur: Modèle « gemini-1.5-flash » : models/gemini-1.5-flash is not found for API version v1beta, or is not supported for generateContent. Call ListModels to see the list of available models and their supported methods.
[2026-04-21 16:55:41] WARN: Gemini PDF API erreur: Modèle « gemini-1.5-flash-latest » : models/gemini-1.5-flash-latest is not found for API version v1beta, or is not supported for generateContent. Call ListModels to see the list of available models and their supported methods.
[2026-04-21 16:55:42] WARN: Gemini PDF API erreur: Modèle « gemini-1.5-pro » : models/gemini-1.5-pro is not found for API version v1beta, or is not supported for generateContent. Call ListModels to see the list of available models and their supported methods.
[2026-04-21 16:58:03] INFO: 📦 Connexion MySQL réussie
[2026-04-21 16:58:05] INFO: 🔄 Tables Sequelize vérifiées (création si absentes ; alter désactivé).
[2026-04-21 16:58:05] INFO: ✅ Connexion MySQL établie
[2026-04-21 16:58:05] INFO: 🚀 Serveur CNI démarré sur le port 5000
[2026-04-21 16:58:05] INFO: 📡 Environnement : development
[2026-04-21 16:58:05] INFO: 🌐 URL : http://localhost:5000
[2026-04-21 16:58:05] INFO: 📊 API Health : http://localhost:5000/api/health
[2026-04-21 16:58:05] INFO: 💬 Socket.IO : path /socket.io
[2026-04-21 16:58:26] INFO: 📦 Connexion MySQL réussie
[2026-04-21 16:58:27] INFO: 🔄 Tables Sequelize vérifiées (création si absentes ; alter désactivé).
[2026-04-21 16:58:27] INFO: ✅ Connexion MySQL établie
[2026-04-21 16:58:27] INFO: 🚀 Serveur CNI démarré sur le port 5000
[2026-04-21 16:58:27] INFO: 📡 Environnement : development
[2026-04-21 16:58:27] INFO: 🌐 URL : http://localhost:5000
[2026-04-21 16:58:27] INFO: 📊 API Health : http://localhost:5000/api/health
[2026-04-21 16:58:27] INFO: 💬 Socket.IO : path /socket.io
[2026-04-21 16:58:47] INFO: 📦 Connexion MySQL réussie
[2026-04-21 16:58:51] INFO: 🔄 Tables Sequelize vérifiées (création si absentes ; alter désactivé).
[2026-04-21 16:58:51] INFO: ✅ Connexion MySQL établie
[2026-04-21 16:58:51] INFO: 🚀 Serveur CNI démarré sur le port 5000
[2026-04-21 16:58:51] INFO: 📡 Environnement : development
[2026-04-21 16:58:51] INFO: 🌐 URL : http://localhost:5000
[2026-04-21 16:58:51] INFO: 📊 API Health : http://localhost:5000/api/health
[2026-04-21 16:58:51] INFO: 💬 Socket.IO : path /socket.io
[2026-04-21 17:00:06] WARN: Gemini PDF API erreur: Modèle « gemini-1.5-flash » : models/gemini-1.5-flash is not found for API version v1beta, or is not supported for generateContent. Call ListModels to see the list of available models and their supported methods.
[2026-04-21 17:00:07] WARN: Gemini PDF API erreur: Modèle « gemini-2.0-flash » : You exceeded your current quota, please check your plan and billing details. For more information on this error, head to: https://ai.google.dev/gemini-api/docs/rate-limits. To monitor your current usage, head to: https://ai.dev/rate-limit. 
* Quota exceeded for metric: generativelanguage.googleapis.com/generate_content_free_tier_requests, limit: 0, model: gemini-2.0-flash
* Quota exceeded for metric: generativelanguage.googleapis.com/generate_content_free_tier_requests, limit: 0, model: gemini-2.0-flash
* Quota exceeded for metric: generativelanguage.googleapis.com/generate_content_free_tier_input_token_count, limit: 0, model: gemini-2.0-flash
Please retry in 40.13598281s.
[2026-04-21 17:00:08] WARN: Gemini PDF API erreur: Modèle « gemini-2.0-flash » : You exceeded your current quota, please check your plan and billing details. For more information on this error, head to: https://ai.google.dev/gemini-api/docs/rate-limits. To monitor your current usage, head to: https://ai.dev/rate-limit. 
* Quota exceeded for metric: generativelanguage.googleapis.com/generate_content_free_tier_requests, limit: 0, model: gemini-2.0-flash
* Quota exceeded for metric: generativelanguage.googleapis.com/generate_content_free_tier_requests, limit: 0, model: gemini-2.0-flash
* Quota exceeded for metric: generativelanguage.googleapis.com/generate_content_free_tier_input_token_count, limit: 0, model: gemini-2.0-flash
Please retry in 39.125725204s.
[2026-04-21 17:01:41] INFO: 📦 Connexion MySQL réussie
[2026-04-21 17:01:42] INFO: 🔄 Tables Sequelize vérifiées (création si absentes ; alter désactivé).
[2026-04-21 17:01:42] INFO: ✅ Connexion MySQL établie
[2026-04-21 17:01:42] INFO: 🚀 Serveur CNI démarré sur le port 5000
[2026-04-21 17:01:42] INFO: 📡 Environnement : development
[2026-04-21 17:01:42] INFO: 🌐 URL : http://localhost:5000
[2026-04-21 17:01:42] INFO: 📊 API Health : http://localhost:5000/api/health
[2026-04-21 17:01:42] INFO: 💬 Socket.IO : path /socket.io
[2026-04-21 17:02:01] INFO: 📦 Connexion MySQL réussie
[2026-04-21 17:02:03] INFO: 🔄 Tables Sequelize vérifiées (création si absentes ; alter désactivé).
[2026-04-21 17:02:03] INFO: ✅ Connexion MySQL établie
[2026-04-21 17:02:03] INFO: 🚀 Serveur CNI démarré sur le port 5000
[2026-04-21 17:02:03] INFO: 📡 Environnement : development
[2026-04-21 17:02:03] INFO: 🌐 URL : http://localhost:5000
[2026-04-21 17:02:03] INFO: 📊 API Health : http://localhost:5000/api/health
[2026-04-21 17:02:03] INFO: 💬 Socket.IO : path /socket.io
[2026-04-21 17:02:45] INFO: 📦 Connexion MySQL réussie
[2026-04-21 17:02:47] INFO: 🔄 Tables Sequelize vérifiées (création si absentes ; alter désactivé).
[2026-04-21 17:02:47] INFO: ✅ Connexion MySQL établie
[2026-04-21 17:02:47] INFO: 🚀 Serveur CNI démarré sur le port 5000
[2026-04-21 17:02:47] INFO: 📡 Environnement : development
[2026-04-21 17:02:47] INFO: 🌐 URL : http://localhost:5000
[2026-04-21 17:02:47] INFO: 📊 API Health : http://localhost:5000/api/health
[2026-04-21 17:02:47] INFO: 💬 Socket.IO : path /socket.io
[2026-04-21 17:03:05] WARN: Token JWT invalide ou expiré
[2026-04-21 17:03:05] WARN: Tentative d'accès avec token invalide depuis ::1
[2026-04-21 17:03:05] WARN: Token JWT invalide ou expiré
[2026-04-21 17:03:05] WARN: Tentative d'accès avec token invalide depuis ::1
[2026-04-21 17:03:05] WARN: Token JWT invalide ou expiré
[2026-04-21 17:03:05] WARN: Tentative d'accès avec token invalide depuis ::1
[2026-04-21 17:03:14] WARN: Gemini PDF API erreur: Modèle « gemini-1.5-flash » : models/gemini-1.5-flash is not found for API version v1beta, or is not supported for generateContent. Call ListModels to see the list of available models and their supported methods.
[2026-04-21 17:03:15] WARN: Gemini PDF API erreur: Modèle « gemini-2.0-flash » : HTTP 429 — You exceeded your current quota, please check your plan and billing details. For more information on this error, head to: https://ai.google.dev/gemini-api/docs/rate-limits. To monitor your current usage, head to: https://ai.dev/rate-limit. 
* Quota exceeded for metric: generativelanguage.googleapis.com/generate_content_free_tier_input_token_count, limit: 0, model: gemini-2.0-flash
* Quota exceeded for metric: generativelanguage.googleapis.com/generate_content_free_tier_requests, limit: 0, model: gemini-2.0-flash
* Quota exceeded for metric: generativelanguage.googleapis.com/generate_content_free_tier_requests, limit: 0, model: gemini-2.0-flash
Please retry in 32.797439302s.
[2026-04-21 17:03:16] WARN: Gemini PDF API erreur: Modèle « gemini-2.0-flash » : HTTP 429 — You exceeded your current quota, please check your plan and billing details. For more information on this error, head to: https://ai.google.dev/gemini-api/docs/rate-limits. To monitor your current usage, head to: https://ai.dev/rate-limit. 
* Quota exceeded for metric: generativelanguage.googleapis.com/generate_content_free_tier_input_token_count, limit: 0, model: gemini-2.0-flash
* Quota exceeded for metric: generativelanguage.googleapis.com/generate_content_free_tier_requests, limit: 0, model: gemini-2.0-flash
* Quota exceeded for metric: generativelanguage.googleapis.com/generate_content_free_tier_requests, limit: 0, model: gemini-2.0-flash
Please retry in 31.899291929s.
[2026-04-21 17:03:16] WARN: Gemini PDF: quota / limite — analyse dégradée sans vision (Modèle « gemini-2.0-flash » : HTTP 429 — You exceeded your current quota, please check your plan and billing details. For more information on this error, head to: https://ai.google.dev/gemini-api/docs)
[2026-04-21 17:03:16] INFO: [WORKFLOW] stage-automation | stagiaire#5 | reanalyze_cv_ai
[2026-04-21 17:03:25] WARN: Gemini PDF API erreur: Modèle « gemini-1.5-flash » : models/gemini-1.5-flash is not found for API version v1beta, or is not supported for generateContent. Call ListModels to see the list of available models and their supported methods.
[2026-04-21 17:03:26] WARN: Gemini PDF API erreur: Modèle « gemini-2.0-flash » : HTTP 429 — You exceeded your current quota, please check your plan and billing details. For more information on this error, head to: https://ai.google.dev/gemini-api/docs/rate-limits. To monitor your current usage, head to: https://ai.dev/rate-limit. 
* Quota exceeded for metric: generativelanguage.googleapis.com/generate_content_free_tier_input_token_count, limit: 0, model: gemini-2.0-flash
* Quota exceeded for metric: generativelanguage.googleapis.com/generate_content_free_tier_requests, limit: 0, model: gemini-2.0-flash
* Quota exceeded for metric: generativelanguage.googleapis.com/generate_content_free_tier_requests, limit: 0, model: gemini-2.0-flash
Please retry in 21.745660066s.
[2026-04-21 17:03:27] WARN: Gemini PDF API erreur: Modèle « gemini-2.0-flash » : HTTP 429 — You exceeded your current quota, please check your plan and billing details. For more information on this error, head to: https://ai.google.dev/gemini-api/docs/rate-limits. To monitor your current usage, head to: https://ai.dev/rate-limit. 
* Quota exceeded for metric: generativelanguage.googleapis.com/generate_content_free_tier_input_token_count, limit: 0, model: gemini-2.0-flash
* Quota exceeded for metric: generativelanguage.googleapis.com/generate_content_free_tier_requests, limit: 0, model: gemini-2.0-flash
* Quota exceeded for metric: generativelanguage.googleapis.com/generate_content_free_tier_requests, limit: 0, model: gemini-2.0-flash
Please retry in 20.848884944s.
[2026-04-21 17:03:27] WARN: Gemini PDF: quota / limite — analyse dégradée sans vision (Modèle « gemini-2.0-flash » : HTTP 429 — You exceeded your current quota, please check your plan and billing details. For more information on this error, head to: https://ai.google.dev/gemini-api/docs)
[2026-04-21 17:03:27] INFO: [WORKFLOW] stage-automation | stagiaire#5 | reanalyze_cv_ai
[2026-04-21 17:04:41] WARN: Gemini PDF API erreur: Modèle « gemini-1.5-flash » : models/gemini-1.5-flash is not found for API version v1beta, or is not supported for generateContent. Call ListModels to see the list of available models and their supported methods.
[2026-04-21 17:04:42] WARN: Gemini PDF API erreur: Modèle « gemini-2.0-flash » : HTTP 429 — You exceeded your current quota, please check your plan and billing details. For more information on this error, head to: https://ai.google.dev/gemini-api/docs/rate-limits. To monitor your current usage, head to: https://ai.dev/rate-limit. 
* Quota exceeded for metric: generativelanguage.googleapis.com/generate_content_free_tier_input_token_count, limit: 0, model: gemini-2.0-flash
* Quota exceeded for metric: generativelanguage.googleapis.com/generate_content_free_tier_requests, limit: 0, model: gemini-2.0-flash
* Quota exceeded for metric: generativelanguage.googleapis.com/generate_content_free_tier_requests, limit: 0, model: gemini-2.0-flash
Please retry in 5.681981261s.
[2026-04-21 17:04:43] WARN: Gemini PDF API erreur: Modèle « gemini-2.0-flash » : HTTP 429 — You exceeded your current quota, please check your plan and billing details. For more information on this error, head to: https://ai.google.dev/gemini-api/docs/rate-limits. To monitor your current usage, head to: https://ai.dev/rate-limit. 
* Quota exceeded for metric: generativelanguage.googleapis.com/generate_content_free_tier_requests, limit: 0, model: gemini-2.0-flash
* Quota exceeded for metric: generativelanguage.googleapis.com/generate_content_free_tier_requests, limit: 0, model: gemini-2.0-flash
* Quota exceeded for metric: generativelanguage.googleapis.com/generate_content_free_tier_input_token_count, limit: 0, model: gemini-2.0-flash
Please retry in 4.794138203s.
[2026-04-21 17:04:43] WARN: Gemini PDF: quota / limite — analyse dégradée sans vision (Modèle « gemini-2.0-flash » : HTTP 429 — You exceeded your current quota, please check your plan and billing details. For more information on this error, head to: https://ai.google.dev/gemini-api/docs)
[2026-04-21 17:04:43] INFO: [WORKFLOW] stage-automation | stagiaire#5 | reanalyze_cv_ai
[2026-04-21 17:05:25] INFO: 📦 Connexion MySQL réussie
[2026-04-21 17:05:26] INFO: 🔄 Tables Sequelize vérifiées (création si absentes ; alter désactivé).
[2026-04-21 17:05:26] INFO: ✅ Connexion MySQL établie
[2026-04-21 17:05:26] INFO: 🚀 Serveur CNI démarré sur le port 5000
[2026-04-21 17:05:26] INFO: 📡 Environnement : development
[2026-04-21 17:05:26] INFO: 🌐 URL : http://localhost:5000
[2026-04-21 17:05:26] INFO: 📊 API Health : http://localhost:5000/api/health
[2026-04-21 17:05:26] INFO: 💬 Socket.IO : path /socket.io
[2026-04-21 17:05:30] INFO: 📦 Connexion MySQL réussie
[2026-04-21 17:05:32] INFO: 🔄 Tables Sequelize vérifiées (création si absentes ; alter désactivé).
[2026-04-21 17:05:32] INFO: ✅ Connexion MySQL établie
[2026-04-21 17:05:32] INFO: 🚀 Serveur CNI démarré sur le port 5000
[2026-04-21 17:05:32] INFO: 📡 Environnement : development
[2026-04-21 17:05:32] INFO: 🌐 URL : http://localhost:5000
[2026-04-21 17:05:32] INFO: 📊 API Health : http://localhost:5000/api/health
[2026-04-21 17:05:32] INFO: 💬 Socket.IO : path /socket.io
[2026-04-21 17:06:08] INFO: 📦 Connexion MySQL réussie
[2026-04-21 17:06:10] INFO: 🔄 Tables Sequelize vérifiées (création si absentes ; alter désactivé).
[2026-04-21 17:06:10] INFO: ✅ Connexion MySQL établie
[2026-04-21 17:06:10] INFO: 🚀 Serveur CNI démarré sur le port 5000
[2026-04-21 17:06:10] INFO: 📡 Environnement : development
[2026-04-21 17:06:10] INFO: 🌐 URL : http://localhost:5000
[2026-04-21 17:06:10] INFO: 📊 API Health : http://localhost:5000/api/health
[2026-04-21 17:06:10] INFO: 💬 Socket.IO : path /socket.io
[2026-04-21 17:07:52] WARN: Gemini PDF API erreur: Modèle « gemini-1.5-flash » : models/gemini-1.5-flash is not found for API version v1beta, or is not supported for generateContent. Call ListModels to see the list of available models and their supported methods.
[2026-04-21 17:07:53] WARN: Gemini PDF API erreur: Modèle « gemini-2.0-flash » : HTTP 429 — You exceeded your current quota, please check your plan and billing details. For more information on this error, head to: https://ai.google.dev/gemini-api/docs/rate-limits. To monitor your current usage, head to: https://ai.dev/rate-limit. 
* Quota exceeded for metric: generativelanguage.googleapis.com/generate_content_free_tier_requests, limit: 0, model: gemini-2.0-flash
* Quota exceeded for metric: generativelanguage.googleapis.com/generate_content_free_tier_requests, limit: 0, model: gemini-2.0-flash
* Quota exceeded for metric: generativelanguage.googleapis.com/generate_content_free_tier_input_token_count, limit: 0, model: gemini-2.0-flash
Please retry in 54.54741422s.
[2026-04-21 17:07:54] WARN: Gemini PDF API erreur: Modèle « gemini-2.0-flash » : HTTP 429 — You exceeded your current quota, please check your plan and billing details. For more information on this error, head to: https://ai.google.dev/gemini-api/docs/rate-limits. To monitor your current usage, head to: https://ai.dev/rate-limit. 
* Quota exceeded for metric: generativelanguage.googleapis.com/generate_content_free_tier_input_token_count, limit: 0, model: gemini-2.0-flash
* Quota exceeded for metric: generativelanguage.googleapis.com/generate_content_free_tier_requests, limit: 0, model: gemini-2.0-flash
* Quota exceeded for metric: generativelanguage.googleapis.com/generate_content_free_tier_requests, limit: 0, model: gemini-2.0-flash
Please retry in 53.655477644s.
[2026-04-21 17:07:54] WARN: Gemini PDF: quota / limite — analyse dégradée sans vision (Modèle « gemini-2.0-flash » : HTTP 429 — You exceeded your current quota, please check your plan and billing details. For more information on this error, head to: https://ai.google.dev/gemini-api/docs)
[2026-04-21 17:07:54] INFO: [WORKFLOW] stage-automation | stagiaire#5 | reanalyze_cv_ai
[2026-04-21 17:08:42] INFO: 📦 Connexion MySQL réussie
[2026-04-21 17:08:44] INFO: 🔄 Tables Sequelize vérifiées (création si absentes ; alter désactivé).
[2026-04-21 17:08:44] INFO: ✅ Connexion MySQL établie
[2026-04-21 17:08:44] INFO: 🚀 Serveur CNI démarré sur le port 5000
[2026-04-21 17:08:44] INFO: 📡 Environnement : development
[2026-04-21 17:08:44] INFO: 🌐 URL : http://localhost:5000
[2026-04-21 17:08:44] INFO: 📊 API Health : http://localhost:5000/api/health
[2026-04-21 17:08:44] INFO: 💬 Socket.IO : path /socket.io
[2026-04-21 17:10:59] WARN: Gemini PDF API erreur: Modèle « gemini-1.5-flash » : models/gemini-1.5-flash is not found for API version v1beta, or is not supported for generateContent. Call ListModels to see the list of available models and their supported methods.
[2026-04-21 17:11:00] WARN: Gemini PDF API erreur: Modèle « gemini-2.0-flash » : HTTP 429 — You exceeded your current quota, please check your plan and billing details. For more information on this error, head to: https://ai.google.dev/gemini-api/docs/rate-limits. To monitor your current usage, head to: https://ai.dev/rate-limit. 
* Quota exceeded for metric: generativelanguage.googleapis.com/generate_content_free_tier_requests, limit: 0, model: gemini-2.0-flash
* Quota exceeded for metric: generativelanguage.googleapis.com/generate_content_free_tier_requests, limit: 0, model: gemini-2.0-flash
* Quota exceeded for metric: generativelanguage.googleapis.com/generate_content_free_tier_input_token_count, limit: 0, model: gemini-2.0-flash
Please retry in 47.471416891s.
[2026-04-21 17:11:01] WARN: Gemini PDF API erreur: Modèle « gemini-2.0-flash » : HTTP 429 — You exceeded your current quota, please check your plan and billing details. For more information on this error, head to: https://ai.google.dev/gemini-api/docs/rate-limits. To monitor your current usage, head to: https://ai.dev/rate-limit. 
* Quota exceeded for metric: generativelanguage.googleapis.com/generate_content_free_tier_requests, limit: 0, model: gemini-2.0-flash
* Quota exceeded for metric: generativelanguage.googleapis.com/generate_content_free_tier_requests, limit: 0, model: gemini-2.0-flash
* Quota exceeded for metric: generativelanguage.googleapis.com/generate_content_free_tier_input_token_count, limit: 0, model: gemini-2.0-flash
Please retry in 46.585902142s.
[2026-04-21 17:11:01] WARN: Gemini PDF: quota / limite — analyse dégradée sans vision (Modèle « gemini-2.0-flash » : HTTP 429 — You exceeded your current quota, please check your plan and billing details. For more information on this error, head to: https://ai.google.dev/gemini-api/docs)
[2026-04-21 17:11:01] INFO: [WORKFLOW] stage-automation | stagiaire#5 | reanalyze_cv_ai
[2026-04-21 17:17:24] INFO: 📦 Connexion MySQL réussie
[2026-04-21 17:17:24] ERROR: Error: 
    at Query.run (C:\Users\Adem\OneDrive\Bureau\test\backend\node_modules\sequelize\src\dialects\mysql\query.js:46:25)
    at C:\Users\Adem\OneDrive\Bureau\test\backend\node_modules\sequelize\src\sequelize.js:650:28
    at processTicksAndRejections (node:internal/process/task_queues:95:5)
    at Function.sync (C:\Users\Adem\OneDrive\Bureau\test\backend\node_modules\sequelize\src\model.js:1408:11)
    at Sequelize._syncModelsWithCyclicReferences (C:\Users\Adem\OneDrive\Bureau\test\backend\node_modules\sequelize\src\sequelize.js:861:7)
    at connectDB (C:\Users\Adem\OneDrive\Bureau\test\backend\src\config\database.ts:57:9)
    at startServer (C:\Users\Adem\OneDrive\Bureau\test\backend\src\server.ts:132:5)
[2026-04-21 17:17:45] INFO: 📦 Connexion MySQL réussie
[2026-04-21 17:17:45] ERROR: Error: 
    at Query.run (C:\Users\Adem\OneDrive\Bureau\test\backend\node_modules\sequelize\src\dialects\mysql\query.js:46:25)
    at C:\Users\Adem\OneDrive\Bureau\test\backend\node_modules\sequelize\src\sequelize.js:650:28
    at processTicksAndRejections (node:internal/process/task_queues:95:5)
    at Function.sync (C:\Users\Adem\OneDrive\Bureau\test\backend\node_modules\sequelize\src\model.js:1408:11)
    at Sequelize._syncModelsWithCyclicReferences (C:\Users\Adem\OneDrive\Bureau\test\backend\node_modules\sequelize\src\sequelize.js:861:7)
    at connectDB (C:\Users\Adem\OneDrive\Bureau\test\backend\src\config\database.ts:57:9)
    at startServer (C:\Users\Adem\OneDrive\Bureau\test\backend\src\server.ts:132:5)
[2026-04-21 17:18:26] INFO: 📦 Connexion MySQL réussie
[2026-04-21 17:18:26] ERROR: Error: 
    at Query.run (C:\Users\Adem\OneDrive\Bureau\test\backend\node_modules\sequelize\src\dialects\mysql\query.js:46:25)
    at C:\Users\Adem\OneDrive\Bureau\test\backend\node_modules\sequelize\src\sequelize.js:650:28
    at processTicksAndRejections (node:internal/process/task_queues:95:5)
    at Function.sync (C:\Users\Adem\OneDrive\Bureau\test\backend\node_modules\sequelize\src\model.js:1408:11)
    at Sequelize._syncModelsWithCyclicReferences (C:\Users\Adem\OneDrive\Bureau\test\backend\node_modules\sequelize\src\sequelize.js:861:7)
    at connectDB (C:\Users\Adem\OneDrive\Bureau\test\backend\src\config\database.ts:57:9)
    at startServer (C:\Users\Adem\OneDrive\Bureau\test\backend\src\server.ts:132:5)
[2026-04-21 17:18:51] INFO: 📦 Connexion MySQL réussie
[2026-04-21 17:18:52] ERROR: Error: 
    at Query.run (C:\Users\Adem\OneDrive\Bureau\test\backend\node_modules\sequelize\src\dialects\mysql\query.js:46:25)
    at C:\Users\Adem\OneDrive\Bureau\test\backend\node_modules\sequelize\src\sequelize.js:650:28
    at processTicksAndRejections (node:internal/process/task_queues:95:5)
    at Function.sync (C:\Users\Adem\OneDrive\Bureau\test\backend\node_modules\sequelize\src\model.js:1408:11)
    at Sequelize._syncModelsWithCyclicReferences (C:\Users\Adem\OneDrive\Bureau\test\backend\node_modules\sequelize\src\sequelize.js:861:7)
    at connectDB (C:\Users\Adem\OneDrive\Bureau\test\backend\src\config\database.ts:57:9)
    at startServer (C:\Users\Adem\OneDrive\Bureau\test\backend\src\server.ts:132:5)
[2026-04-21 17:20:19] INFO: 📦 Connexion MySQL réussie
[2026-04-21 17:20:19] ERROR: Error: 
    at Query.run (C:\Users\Adem\OneDrive\Bureau\test\backend\node_modules\sequelize\src\dialects\mysql\query.js:46:25)
    at C:\Users\Adem\OneDrive\Bureau\test\backend\node_modules\sequelize\src\sequelize.js:650:28
    at processTicksAndRejections (node:internal/process/task_queues:95:5)
    at Function.sync (C:\Users\Adem\OneDrive\Bureau\test\backend\node_modules\sequelize\src\model.js:1408:11)
    at Sequelize._syncModelsWithCyclicReferences (C:\Users\Adem\OneDrive\Bureau\test\backend\node_modules\sequelize\src\sequelize.js:861:7)
    at connectDB (C:\Users\Adem\OneDrive\Bureau\test\backend\src\config\database.ts:57:9)
    at startServer (C:\Users\Adem\OneDrive\Bureau\test\backend\src\server.ts:132:5)
[2026-04-21 17:21:38] INFO: 📦 Connexion MySQL réussie
[2026-04-21 17:21:39] INFO: 🔄 Tables Sequelize vérifiées (création si absentes ; alter désactivé).
[2026-04-21 17:21:39] INFO: 🌱 Début du seeding...
[2026-04-21 17:21:39] INFO: ✅ 5 départements créés
[2026-04-21 17:21:42] INFO: ✅ 7 employés créés
[2026-04-21 17:21:42] INFO: ✅ 5 formations créées
[2026-04-21 17:21:42] INFO: ✅ 4 stagiaires créés
[2026-04-21 17:21:42] INFO: ✅ Inscriptions créées
[2026-04-21 17:21:51] INFO: 📦 Connexion MySQL réussie
[2026-04-21 17:21:52] INFO: 🔄 Tables Sequelize vérifiées (création si absentes ; alter désactivé).
[2026-04-21 17:21:52] INFO: ✅ Connexion MySQL établie
[2026-04-21 17:21:52] INFO: 🚀 Serveur CNI démarré sur le port 5000
[2026-04-21 17:21:52] INFO: 📡 Environnement : development
[2026-04-21 17:21:52] INFO: 🌐 URL : http://localhost:5000
[2026-04-21 17:21:52] INFO: 📊 API Health : http://localhost:5000/api/health
[2026-04-21 17:21:52] INFO: 💬 Socket.IO : path /socket.io
[2026-04-21 17:22:00] WARN: Token JWT invalide ou expiré
[2026-04-21 17:22:00] WARN: Tentative d'accès avec token invalide depuis ::1
[2026-04-21 17:22:00] WARN: Token JWT invalide ou expiré
[2026-04-21 17:22:00] WARN: Tentative d'accès avec token invalide depuis ::1
[2026-04-21 17:22:00] WARN: Token JWT invalide ou expiré
[2026-04-21 17:22:00] WARN: Tentative d'accès avec token invalide depuis ::1
[2026-04-21 17:22:00] WARN: Token JWT invalide ou expiré
[2026-04-21 17:22:00] WARN: Tentative d'accès avec token invalide depuis ::1
[2026-04-21 17:22:06] INFO: ✅ Connexion réussie : rh@cni.tn (Direction_RH)
[2026-04-21 17:22:24] INFO: 👋 Déconnexion : utilisateur ID 1
[2026-04-21 17:23:39] INFO: 📧 SMTP actif et vérifié : smtp.gmail.com:587 (ademghanmi19@gmail.com)
[2026-04-21 17:23:40] INFO: ✉️ Email envoyé à : ademghanmifr@gmail.com | Sujet : Code de vérification 15 min — CNI Stages
[2026-04-21 17:23:40] INFO: OTP envoyé à ademghanmifr@gmail.com (candidature)
[2026-04-21 17:23:58] WARN: pdfjs-dist extraction: require() of ES Module C:\Users\Adem\OneDrive\Bureau\test\backend\node_modules\pdfjs-dist\legacy\build\pdf.mjs not supported.
Instead change the require of C:\Users\Adem\OneDrive\Bureau\test\backend\node_modules\pdfjs-dist\legacy\build\pdf.mjs to a dynamic import() which is available in all CommonJS modules.
[2026-04-21 17:23:59] WARN: Gemini PDF API erreur: Modèle « gemini-1.5-flash » : models/gemini-1.5-flash is not found for API version v1beta, or is not supported for generateContent. Call ListModels to see the list of available models and their supported methods.
[2026-04-21 17:24:00] WARN: Gemini PDF API erreur: Modèle « gemini-2.0-flash » : HTTP 429 — You exceeded your current quota, please check your plan and billing details. For more information on this error, head to: https://ai.google.dev/gemini-api/docs/rate-limits. To monitor your current usage, head to: https://ai.dev/rate-limit. 
* Quota exceeded for metric: generativelanguage.googleapis.com/generate_content_free_tier_input_token_count, limit: 0, model: gemini-2.0-flash
* Quota exceeded for metric: generativelanguage.googleapis.com/generate_content_free_tier_requests, limit: 0, model: gemini-2.0-flash
* Quota exceeded for metric: generativelanguage.googleapis.com/generate_content_free_tier_requests, limit: 0, model: gemini-2.0-flash
Please retry in 47.274586128s.
[2026-04-21 17:24:01] WARN: Gemini PDF API erreur: Modèle « gemini-2.0-flash » : HTTP 429 — You exceeded your current quota, please check your plan and billing details. For more information on this error, head to: https://ai.google.dev/gemini-api/docs/rate-limits. To monitor your current usage, head to: https://ai.dev/rate-limit. 
* Quota exceeded for metric: generativelanguage.googleapis.com/generate_content_free_tier_requests, limit: 0, model: gemini-2.0-flash
* Quota exceeded for metric: generativelanguage.googleapis.com/generate_content_free_tier_requests, limit: 0, model: gemini-2.0-flash
* Quota exceeded for metric: generativelanguage.googleapis.com/generate_content_free_tier_input_token_count, limit: 0, model: gemini-2.0-flash
Please retry in 46.384623073s.
[2026-04-21 17:24:01] WARN: Gemini PDF: quota / limite — analyse dégradée sans vision (Modèle « gemini-2.0-flash » : HTTP 429 — You exceeded your current quota, please check your plan and billing details. For more information on this error, head to: https://ai.google.dev/gemini-api/docs)
[2026-04-21 17:24:01] INFO: 📝 Nouvelle candidature créée : Ghanmi Adem (#5)
[2026-04-21 17:24:01] INFO: [WORKFLOW] stage-candidature-reception | stagiaire#5 | soumission
[2026-04-21 17:24:03] INFO: ✉️ Email envoyé à : ademghanmifr@gmail.com | Sujet : ✅ Candidature reçue - CNI Stages
[2026-04-21 17:24:04] INFO: ✉️ Email envoyé à : rh@cni.tn | Sujet : 📋 Nouvelle candidature de stage - Ghanmi Adem
[2026-04-21 17:24:05] INFO: ✉️ Email envoyé à : manager.dev@cni.tn | Sujet : 📋 Nouvelle candidature pour votre département - Ghanmi Adem
[2026-04-21 17:24:11] INFO: ✅ Connexion réussie : rh@cni.tn (Direction_RH)
[2026-04-21 17:24:33] WARN: pdfjs-dist extraction: require() of ES Module C:\Users\Adem\OneDrive\Bureau\test\backend\node_modules\pdfjs-dist\legacy\build\pdf.mjs not supported.
Instead change the require of C:\Users\Adem\OneDrive\Bureau\test\backend\node_modules\pdfjs-dist\legacy\build\pdf.mjs to a dynamic import() which is available in all CommonJS modules.
[2026-04-21 17:24:34] WARN: Gemini PDF API erreur: Modèle « gemini-1.5-flash » : models/gemini-1.5-flash is not found for API version v1beta, or is not supported for generateContent. Call ListModels to see the list of available models and their supported methods.
[2026-04-21 17:24:35] WARN: Gemini PDF API erreur: Modèle « gemini-2.0-flash » : HTTP 429 — You exceeded your current quota, please check your plan and billing details. For more information on this error, head to: https://ai.google.dev/gemini-api/docs/rate-limits. To monitor your current usage, head to: https://ai.dev/rate-limit. 
* Quota exceeded for metric: generativelanguage.googleapis.com/generate_content_free_tier_input_token_count, limit: 0, model: gemini-2.0-flash
* Quota exceeded for metric: generativelanguage.googleapis.com/generate_content_free_tier_requests, limit: 0, model: gemini-2.0-flash
* Quota exceeded for metric: generativelanguage.googleapis.com/generate_content_free_tier_requests, limit: 0, model: gemini-2.0-flash
Please retry in 12.234001457s.
[2026-04-21 17:24:36] WARN: Gemini PDF API erreur: Modèle « gemini-2.0-flash » : HTTP 429 — You exceeded your current quota, please check your plan and billing details. For more information on this error, head to: https://ai.google.dev/gemini-api/docs/rate-limits. To monitor your current usage, head to: https://ai.dev/rate-limit. 
* Quota exceeded for metric: generativelanguage.googleapis.com/generate_content_free_tier_requests, limit: 0, model: gemini-2.0-flash
* Quota exceeded for metric: generativelanguage.googleapis.com/generate_content_free_tier_requests, limit: 0, model: gemini-2.0-flash
* Quota exceeded for metric: generativelanguage.googleapis.com/generate_content_free_tier_input_token_count, limit: 0, model: gemini-2.0-flash
Please retry in 11.354457188s.
[2026-04-21 17:24:36] WARN: Gemini PDF: quota / limite — analyse dégradée sans vision (Modèle « gemini-2.0-flash » : HTTP 429 — You exceeded your current quota, please check your plan and billing details. For more information on this error, head to: https://ai.google.dev/gemini-api/docs)
[2026-04-21 17:24:36] INFO: [WORKFLOW] stage-automation | stagiaire#5 | reanalyze_cv_ai
[2026-04-21 17:27:51] INFO: 📦 Connexion MySQL réussie
[2026-04-21 17:27:52] INFO: 🔄 Tables Sequelize vérifiées (création si absentes ; alter désactivé).
[2026-04-21 17:27:52] INFO: ✅ Connexion MySQL établie
[2026-04-21 17:27:52] INFO: 🚀 Serveur CNI démarré sur le port 5000
[2026-04-21 17:27:52] INFO: 📡 Environnement : development
[2026-04-21 17:27:52] INFO: 🌐 URL : http://localhost:5000
[2026-04-21 17:27:52] INFO: 📊 API Health : http://localhost:5000/api/health
[2026-04-21 17:27:52] INFO: 💬 Socket.IO : path /socket.io
[2026-04-21 17:28:11] INFO: 📦 Connexion MySQL réussie
[2026-04-21 17:28:13] INFO: 🔄 Tables Sequelize vérifiées (création si absentes ; alter désactivé).
[2026-04-21 17:28:13] INFO: ✅ Connexion MySQL établie
[2026-04-21 17:28:13] INFO: 🚀 Serveur CNI démarré sur le port 5000
[2026-04-21 17:28:13] INFO: 📡 Environnement : development
[2026-04-21 17:28:13] INFO: 🌐 URL : http://localhost:5000
[2026-04-21 17:28:13] INFO: 📊 API Health : http://localhost:5000/api/health
[2026-04-21 17:28:13] INFO: 💬 Socket.IO : path /socket.io
[2026-04-21 17:28:32] INFO: 📦 Connexion MySQL réussie
[2026-04-21 17:28:34] INFO: 🔄 Tables Sequelize vérifiées (création si absentes ; alter désactivé).
[2026-04-21 17:28:34] INFO: ✅ Connexion MySQL établie
[2026-04-21 17:28:34] INFO: 🚀 Serveur CNI démarré sur le port 5000
[2026-04-21 17:28:34] INFO: 📡 Environnement : development
[2026-04-21 17:28:34] INFO: 🌐 URL : http://localhost:5000
[2026-04-21 17:28:34] INFO: 📊 API Health : http://localhost:5000/api/health
[2026-04-21 17:28:34] INFO: 💬 Socket.IO : path /socket.io
[2026-04-21 17:29:30] INFO: 📦 Connexion MySQL réussie
[2026-04-21 17:29:32] INFO: 🔄 Tables Sequelize vérifiées (création si absentes ; alter désactivé).
[2026-04-21 17:29:32] INFO: ✅ Connexion MySQL établie
[2026-04-21 17:29:32] INFO: 🚀 Serveur CNI démarré sur le port 5000
[2026-04-21 17:29:32] INFO: 📡 Environnement : development
[2026-04-21 17:29:32] INFO: 🌐 URL : http://localhost:5000
[2026-04-21 17:29:32] INFO: 📊 API Health : http://localhost:5000/api/health
[2026-04-21 17:29:32] INFO: 💬 Socket.IO : path /socket.io
[2026-04-21 17:30:31] WARN: pdfjs-dist extraction: require() of ES Module C:\Users\Adem\OneDrive\Bureau\test\backend\node_modules\pdfjs-dist\legacy\build\pdf.mjs not supported.
Instead change the require of C:\Users\Adem\OneDrive\Bureau\test\backend\node_modules\pdfjs-dist\legacy\build\pdf.mjs to a dynamic import() which is available in all CommonJS modules.
[2026-04-21 17:30:32] WARN: Gemini PDF API erreur: Modèle « gemini-1.5-flash » : models/gemini-1.5-flash is not found for API version v1beta, or is not supported for generateContent. Call ListModels to see the list of available models and their supported methods.
[2026-04-21 17:30:33] WARN: Gemini PDF API erreur: Modèle « gemini-2.0-flash » : HTTP 429 — You exceeded your current quota, please check your plan and billing details. For more information on this error, head to: https://ai.google.dev/gemini-api/docs/rate-limits. To monitor your current usage, head to: https://ai.dev/rate-limit. 
* Quota exceeded for metric: generativelanguage.googleapis.com/generate_content_free_tier_input_token_count, limit: 0, model: gemini-2.0-flash
* Quota exceeded for metric: generativelanguage.googleapis.com/generate_content_free_tier_requests, limit: 0, model: gemini-2.0-flash
* Quota exceeded for metric: generativelanguage.googleapis.com/generate_content_free_tier_requests, limit: 0, model: gemini-2.0-flash
Please retry in 14.419910238s.
[2026-04-21 17:30:34] WARN: Gemini PDF API erreur: Modèle « gemini-2.0-flash » : HTTP 429 — You exceeded your current quota, please check your plan and billing details. For more information on this error, head to: https://ai.google.dev/gemini-api/docs/rate-limits. To monitor your current usage, head to: https://ai.dev/rate-limit. 
* Quota exceeded for metric: generativelanguage.googleapis.com/generate_content_free_tier_input_token_count, limit: 0, model: gemini-2.0-flash
* Quota exceeded for metric: generativelanguage.googleapis.com/generate_content_free_tier_requests, limit: 0, model: gemini-2.0-flash
* Quota exceeded for metric: generativelanguage.googleapis.com/generate_content_free_tier_requests, limit: 0, model: gemini-2.0-flash
Please retry in 13.517302868s.
[2026-04-21 17:30:34] WARN: Gemini PDF: quota / limite — analyse dégradée sans vision (Modèle « gemini-2.0-flash » : HTTP 429 — You exceeded your current quota, please check your plan and billing details. For more information on this error, head to: https://ai.google.dev/gemini-api/docs)
[2026-04-21 17:30:34] INFO: [WORKFLOW] stage-automation | stagiaire#5 | reanalyze_cv_ai
[2026-04-21 17:37:54] WARN: pdfjs-dist extraction: require() of ES Module C:\Users\Adem\OneDrive\Bureau\test\backend\node_modules\pdfjs-dist\legacy\build\pdf.mjs not supported.
Instead change the require of C:\Users\Adem\OneDrive\Bureau\test\backend\node_modules\pdfjs-dist\legacy\build\pdf.mjs to a dynamic import() which is available in all CommonJS modules.
[2026-04-21 17:37:55] WARN: Gemini PDF API erreur: Modèle « gemini-1.5-flash » : models/gemini-1.5-flash is not found for API version v1beta, or is not supported for generateContent. Call ListModels to see the list of available models and their supported methods.
[2026-04-21 17:37:56] WARN: Gemini PDF API erreur: Modèle « gemini-2.0-flash » : HTTP 429 — You exceeded your current quota, please check your plan and billing details. For more information on this error, head to: https://ai.google.dev/gemini-api/docs/rate-limits. To monitor your current usage, head to: https://ai.dev/rate-limit. 
* Quota exceeded for metric: generativelanguage.googleapis.com/generate_content_free_tier_input_token_count, limit: 0, model: gemini-2.0-flash
* Quota exceeded for metric: generativelanguage.googleapis.com/generate_content_free_tier_requests, limit: 0, model: gemini-2.0-flash
* Quota exceeded for metric: generativelanguage.googleapis.com/generate_content_free_tier_requests, limit: 0, model: gemini-2.0-flash
Please retry in 51.939055043s.
[2026-04-21 17:37:57] WARN: Gemini PDF API erreur: Modèle « gemini-2.0-flash » : HTTP 429 — You exceeded your current quota, please check your plan and billing details. For more information on this error, head to: https://ai.google.dev/gemini-api/docs/rate-limits. To monitor your current usage, head to: https://ai.dev/rate-limit. 
* Quota exceeded for metric: generativelanguage.googleapis.com/generate_content_free_tier_requests, limit: 0, model: gemini-2.0-flash
* Quota exceeded for metric: generativelanguage.googleapis.com/generate_content_free_tier_requests, limit: 0, model: gemini-2.0-flash
* Quota exceeded for metric: generativelanguage.googleapis.com/generate_content_free_tier_input_token_count, limit: 0, model: gemini-2.0-flash
Please retry in 51.034586301s.
[2026-04-21 17:37:57] WARN: Gemini PDF: quota / limite — analyse dégradée sans vision (Modèle « gemini-2.0-flash » : HTTP 429 — You exceeded your current quota, please check your plan and billing details. For more information on this error, head to: https://ai.google.dev/gemini-api/docs)
[2026-04-21 17:37:57] INFO: [WORKFLOW] stage-automation | stagiaire#5 | reanalyze_cv_ai
[2026-04-21 17:39:48] WARN: Token JWT invalide ou expiré
[2026-04-21 17:39:48] WARN: Tentative d'accès avec token invalide depuis ::1
[2026-04-21 17:39:48] WARN: Token JWT invalide ou expiré
[2026-04-21 17:39:48] WARN: Tentative d'accès avec token invalide depuis ::1
[2026-04-21 17:40:39] INFO: 📦 Connexion MySQL réussie
[2026-04-21 17:40:40] INFO: 🔄 Tables Sequelize vérifiées (création si absentes ; alter désactivé).
[2026-04-21 17:40:40] INFO: ✅ Connexion MySQL établie
[2026-04-21 17:40:40] INFO: 🚀 Serveur CNI démarré sur le port 5000
[2026-04-21 17:40:40] INFO: 📡 Environnement : development
[2026-04-21 17:40:40] INFO: 🌐 URL : http://localhost:5000
[2026-04-21 17:40:40] INFO: 📊 API Health : http://localhost:5000/api/health
[2026-04-21 17:40:40] INFO: 💬 Socket.IO : path /socket.io
[2026-04-21 17:41:00] INFO: 📦 Connexion MySQL réussie
[2026-04-21 17:41:01] INFO: 🔄 Tables Sequelize vérifiées (création si absentes ; alter désactivé).
[2026-04-21 17:41:01] INFO: ✅ Connexion MySQL établie
[2026-04-21 17:41:01] INFO: 🚀 Serveur CNI démarré sur le port 5000
[2026-04-21 17:41:01] INFO: 📡 Environnement : development
[2026-04-21 17:41:01] INFO: 🌐 URL : http://localhost:5000
[2026-04-21 17:41:01] INFO: 📊 API Health : http://localhost:5000/api/health
[2026-04-21 17:41:01] INFO: 💬 Socket.IO : path /socket.io
[2026-04-21 17:41:21] INFO: 📦 Connexion MySQL réussie
[2026-04-21 17:41:22] INFO: 🔄 Tables Sequelize vérifiées (création si absentes ; alter désactivé).
[2026-04-21 17:41:22] INFO: ✅ Connexion MySQL établie
[2026-04-21 17:41:22] INFO: 🚀 Serveur CNI démarré sur le port 5000
[2026-04-21 17:41:22] INFO: 📡 Environnement : development
[2026-04-21 17:41:22] INFO: 🌐 URL : http://localhost:5000
[2026-04-21 17:41:22] INFO: 📊 API Health : http://localhost:5000/api/health
[2026-04-21 17:41:22] INFO: 💬 Socket.IO : path /socket.io
[2026-04-21 17:41:41] INFO: 📦 Connexion MySQL réussie
[2026-04-21 17:41:43] INFO: 🔄 Tables Sequelize vérifiées (création si absentes ; alter désactivé).
[2026-04-21 17:41:43] INFO: ✅ Connexion MySQL établie
[2026-04-21 17:41:43] INFO: 🚀 Serveur CNI démarré sur le port 5000
[2026-04-21 17:41:43] INFO: 📡 Environnement : development
[2026-04-21 17:41:43] INFO: 🌐 URL : http://localhost:5000
[2026-04-21 17:41:43] INFO: 📊 API Health : http://localhost:5000/api/health
[2026-04-21 17:41:43] INFO: 💬 Socket.IO : path /socket.io
[2026-04-21 17:42:06] INFO: 📦 Connexion MySQL réussie
[2026-04-21 17:42:08] INFO: 🔄 Tables Sequelize vérifiées (création si absentes ; alter désactivé).
[2026-04-21 17:42:08] INFO: ✅ Connexion MySQL établie
[2026-04-21 17:42:08] INFO: 🚀 Serveur CNI démarré sur le port 5000
[2026-04-21 17:42:08] INFO: 📡 Environnement : development
[2026-04-21 17:42:08] INFO: 🌐 URL : http://localhost:5000
[2026-04-21 17:42:08] INFO: 📊 API Health : http://localhost:5000/api/health
[2026-04-21 17:42:08] INFO: 💬 Socket.IO : path /socket.io
[2026-04-21 17:42:51] INFO: 📦 Connexion MySQL réussie
[2026-04-21 17:42:55] INFO: 🔄 Tables Sequelize vérifiées (création si absentes ; alter désactivé).
[2026-04-21 17:42:55] INFO: ✅ Connexion MySQL établie
[2026-04-21 17:42:55] INFO: 🚀 Serveur CNI démarré sur le port 5000
[2026-04-21 17:42:55] INFO: 📡 Environnement : development
[2026-04-21 17:42:55] INFO: 🌐 URL : http://localhost:5000
[2026-04-21 17:42:55] INFO: 📊 API Health : http://localhost:5000/api/health
[2026-04-21 17:42:55] INFO: 💬 Socket.IO : path /socket.io
[2026-04-21 17:43:47] INFO: 📦 Connexion MySQL réussie
[2026-04-21 17:43:48] INFO: 🔄 Tables Sequelize vérifiées (création si absentes ; alter désactivé).
[2026-04-21 17:43:48] INFO: ✅ Connexion MySQL établie
[2026-04-21 17:43:48] INFO: 🚀 Serveur CNI démarré sur le port 5000
[2026-04-21 17:43:48] INFO: 📡 Environnement : development
[2026-04-21 17:43:48] INFO: 🌐 URL : http://localhost:5000
[2026-04-21 17:43:48] INFO: 📊 API Health : http://localhost:5000/api/health
[2026-04-21 17:43:48] INFO: 💬 Socket.IO : path /socket.io
[2026-04-21 17:44:08] INFO: 📦 Connexion MySQL réussie
[2026-04-21 17:44:10] INFO: 🔄 Tables Sequelize vérifiées (création si absentes ; alter désactivé).
[2026-04-21 17:44:10] INFO: ✅ Connexion MySQL établie
[2026-04-21 17:44:10] INFO: 🚀 Serveur CNI démarré sur le port 5000
[2026-04-21 17:44:10] INFO: 📡 Environnement : development
[2026-04-21 17:44:10] INFO: 🌐 URL : http://localhost:5000
[2026-04-21 17:44:10] INFO: 📊 API Health : http://localhost:5000/api/health
[2026-04-21 17:44:10] INFO: 💬 Socket.IO : path /socket.io
[2026-04-21 17:45:02] INFO: 📦 Connexion MySQL réussie
[2026-04-21 17:45:03] INFO: 🔄 Tables Sequelize vérifiées (création si absentes ; alter désactivé).
[2026-04-21 17:45:03] INFO: ✅ Connexion MySQL établie
[2026-04-21 17:45:03] INFO: 🚀 Serveur CNI démarré sur le port 5000
[2026-04-21 17:45:03] INFO: 📡 Environnement : development
[2026-04-21 17:45:03] INFO: 🌐 URL : http://localhost:5000
[2026-04-21 17:45:03] INFO: 📊 API Health : http://localhost:5000/api/health
[2026-04-21 17:45:03] INFO: 💬 Socket.IO : path /socket.io
[2026-04-21 17:45:23] INFO: 📦 Connexion MySQL réussie
[2026-04-21 17:45:24] INFO: 🔄 Tables Sequelize vérifiées (création si absentes ; alter désactivé).
[2026-04-21 17:45:24] INFO: ✅ Connexion MySQL établie
[2026-04-21 17:45:24] INFO: 🚀 Serveur CNI démarré sur le port 5000
[2026-04-21 17:45:24] INFO: 📡 Environnement : development
[2026-04-21 17:45:24] INFO: 🌐 URL : http://localhost:5000
[2026-04-21 17:45:24] INFO: 📊 API Health : http://localhost:5000/api/health
[2026-04-21 17:45:24] INFO: 💬 Socket.IO : path /socket.io
[2026-04-21 17:45:46] INFO: 📦 Connexion MySQL réussie
[2026-04-21 17:45:48] INFO: 🔄 Tables Sequelize vérifiées (création si absentes ; alter désactivé).
[2026-04-21 17:45:48] INFO: ✅ Connexion MySQL établie
[2026-04-21 17:45:48] INFO: 🚀 Serveur CNI démarré sur le port 5000
[2026-04-21 17:45:48] INFO: 📡 Environnement : development
[2026-04-21 17:45:48] INFO: 🌐 URL : http://localhost:5000
[2026-04-21 17:45:48] INFO: 📊 API Health : http://localhost:5000/api/health
[2026-04-21 17:45:48] INFO: 💬 Socket.IO : path /socket.io
[2026-04-21 17:46:35] INFO: 📦 Connexion MySQL réussie
[2026-04-21 17:46:37] INFO: 🔄 Tables Sequelize vérifiées (création si absentes ; alter désactivé).
[2026-04-21 17:46:37] INFO: ✅ Connexion MySQL établie
[2026-04-21 17:46:37] INFO: 🚀 Serveur CNI démarré sur le port 5000
[2026-04-21 17:46:37] INFO: 📡 Environnement : development
[2026-04-21 17:46:37] INFO: 🌐 URL : http://localhost:5000
[2026-04-21 17:46:37] INFO: 📊 API Health : http://localhost:5000/api/health
[2026-04-21 17:46:37] INFO: 💬 Socket.IO : path /socket.io
[2026-04-21 17:47:42] INFO: 📦 Connexion MySQL réussie
[2026-04-21 17:47:44] INFO: 🔄 Tables Sequelize vérifiées (création si absentes ; alter désactivé).
[2026-04-21 17:47:44] INFO: ✅ Connexion MySQL établie
[2026-04-21 17:47:44] INFO: 🚀 Serveur CNI démarré sur le port 5000
[2026-04-21 17:47:44] INFO: 📡 Environnement : development
[2026-04-21 17:47:44] INFO: 🌐 URL : http://localhost:5000
[2026-04-21 17:47:44] INFO: 📊 API Health : http://localhost:5000/api/health
[2026-04-21 17:47:44] INFO: 💬 Socket.IO : path /socket.io
[2026-04-21 17:48:08] INFO: 📦 Connexion MySQL réussie
[2026-04-21 17:48:11] INFO: 🔄 Tables Sequelize vérifiées (création si absentes ; alter désactivé).
[2026-04-21 17:48:11] INFO: ✅ Connexion MySQL établie
[2026-04-21 17:48:11] INFO: 🚀 Serveur CNI démarré sur le port 5000
[2026-04-21 17:48:11] INFO: 📡 Environnement : development
[2026-04-21 17:48:11] INFO: 🌐 URL : http://localhost:5000
[2026-04-21 17:48:11] INFO: 📊 API Health : http://localhost:5000/api/health
[2026-04-21 17:48:11] INFO: 💬 Socket.IO : path /socket.io
[2026-04-21 17:48:17] WARN: pdfjs-dist extraction: require() of ES Module C:\Users\Adem\OneDrive\Bureau\test\backend\node_modules\pdfjs-dist\legacy\build\pdf.mjs not supported.
Instead change the require of C:\Users\Adem\OneDrive\Bureau\test\backend\node_modules\pdfjs-dist\legacy\build\pdf.mjs to a dynamic import() which is available in all CommonJS modules.
[2026-04-21 17:48:19] WARN: OCR PDF (canvas): require() of ES Module C:\Users\Adem\OneDrive\Bureau\test\backend\node_modules\pdfjs-dist\legacy\build\pdf.mjs not supported.
Instead change the require of C:\Users\Adem\OneDrive\Bureau\test\backend\node_modules\pdfjs-dist\legacy\build\pdf.mjs to a dynamic import() which is available in all CommonJS modules.
[2026-04-21 17:48:19] INFO: CV PDF: couches=aucune longueur=0
[2026-04-21 17:48:20] WARN: Gemini PDF API erreur: Modèle « gemini-1.5-flash » : models/gemini-1.5-flash is not found for API version v1beta, or is not supported for generateContent. Call ListModels to see the list of available models and their supported methods.
[2026-04-21 17:48:21] WARN: Gemini: HTTP 429, nouvel essai après 2,5 s…
[2026-04-21 17:48:24] WARN: Gemini PDF API erreur: Modèle « gemini-2.0-flash » : HTTP 429 — You exceeded your current quota, please check your plan and billing details. For more information on this error, head to: https://ai.google.dev/gemini-api/docs/rate-limits. To monitor your current usage, head to: https://ai.dev/rate-limit. 
* Quota exceeded for metric: generativelanguage.googleapis.com/generate_content_free_tier_requests, limit: 0, model: gemini-2.0-flash
* Quota exceeded for metric: generativelanguage.googleapis.com/generate_content_free_tier_requests, limit: 0, model: gemini-2.0-flash
* Quota exceeded for metric: generativelanguage.googleapis.com/generate_content_free_tier_input_token_count, limit: 0, model: gemini-2.0-flash
Please retry in 23.381242896s.
[2026-04-21 17:48:25] WARN: Gemini: HTTP 429, nouvel essai après 2,5 s…
[2026-04-21 17:48:28] WARN: Gemini PDF API erreur: Modèle « gemini-2.0-flash » : HTTP 429 — You exceeded your current quota, please check your plan and billing details. For more information on this error, head to: https://ai.google.dev/gemini-api/docs/rate-limits. To monitor your current usage, head to: https://ai.dev/rate-limit. 
* Quota exceeded for metric: generativelanguage.googleapis.com/generate_content_free_tier_input_token_count, limit: 0, model: gemini-2.0-flash
* Quota exceeded for metric: generativelanguage.googleapis.com/generate_content_free_tier_requests, limit: 0, model: gemini-2.0-flash
* Quota exceeded for metric: generativelanguage.googleapis.com/generate_content_free_tier_requests, limit: 0, model: gemini-2.0-flash
Please retry in 19.125046926s.
[2026-04-21 17:48:28] WARN: Gemini PDF: quota / limite (Modèle « gemini-2.0-flash » : HTTP 429 — You exceeded your current quota, please check your plan and billing details. For more information on this error, head to: https://ai.google.dev/gemini-api/docs)
[2026-04-21 17:48:28] INFO: [WORKFLOW] stage-automation | stagiaire#5 | reanalyze_cv_ai
[2026-04-21 17:48:35] INFO: 📦 Connexion MySQL réussie
[2026-04-21 17:48:36] INFO: 🔄 Tables Sequelize vérifiées (création si absentes ; alter désactivé).
[2026-04-21 17:48:36] INFO: ✅ Connexion MySQL établie
[2026-04-21 17:48:36] INFO: 🚀 Serveur CNI démarré sur le port 5000
[2026-04-21 17:48:36] INFO: 📡 Environnement : development
[2026-04-21 17:48:36] INFO: 🌐 URL : http://localhost:5000
[2026-04-21 17:48:36] INFO: 📊 API Health : http://localhost:5000/api/health
[2026-04-21 17:48:36] INFO: 💬 Socket.IO : path /socket.io
[2026-04-21 17:48:46] WARN: pdfjs-dist extraction: require() of ES Module C:\Users\Adem\OneDrive\Bureau\test\backend\node_modules\pdfjs-dist\legacy\build\pdf.mjs not supported.
Instead change the require of C:\Users\Adem\OneDrive\Bureau\test\backend\node_modules\pdfjs-dist\legacy\build\pdf.mjs to a dynamic import() which is available in all CommonJS modules.
[2026-04-21 17:48:46] WARN: OCR PDF (canvas): require() of ES Module C:\Users\Adem\OneDrive\Bureau\test\backend\node_modules\pdfjs-dist\legacy\build\pdf.mjs not supported.
Instead change the require of C:\Users\Adem\OneDrive\Bureau\test\backend\node_modules\pdfjs-dist\legacy\build\pdf.mjs to a dynamic import() which is available in all CommonJS modules.
[2026-04-21 17:48:46] INFO: CV PDF: couches=aucune longueur=0
[2026-04-21 17:48:47] WARN: Gemini PDF API erreur: Modèle « gemini-1.5-flash » : models/gemini-1.5-flash is not found for API version v1beta, or is not supported for generateContent. Call ListModels to see the list of available models and their supported methods.
[2026-04-21 17:48:48] WARN: Gemini: HTTP 429, nouvel essai après 2,5 s…
[2026-04-21 17:48:51] WARN: Gemini PDF API erreur: Modèle « gemini-2.0-flash » : HTTP 429 — You exceeded your current quota, please check your plan and billing details. For more information on this error, head to: https://ai.google.dev/gemini-api/docs/rate-limits. To monitor your current usage, head to: https://ai.dev/rate-limit. 
* Quota exceeded for metric: generativelanguage.googleapis.com/generate_content_free_tier_input_token_count, limit: 0, model: gemini-2.0-flash
* Quota exceeded for metric: generativelanguage.googleapis.com/generate_content_free_tier_requests, limit: 0, model: gemini-2.0-flash
* Quota exceeded for metric: generativelanguage.googleapis.com/generate_content_free_tier_requests, limit: 0, model: gemini-2.0-flash
Please retry in 56.459282933s.
[2026-04-21 17:48:52] WARN: Gemini: HTTP 429, nouvel essai après 2,5 s…
[2026-04-21 17:48:55] WARN: Gemini PDF API erreur: Modèle « gemini-2.0-flash » : HTTP 429 — You exceeded your current quota, please check your plan and billing details. For more information on this error, head to: https://ai.google.dev/gemini-api/docs/rate-limits. To monitor your current usage, head to: https://ai.dev/rate-limit. 
* Quota exceeded for metric: generativelanguage.googleapis.com/generate_content_free_tier_input_token_count, limit: 0, model: gemini-2.0-flash
* Quota exceeded for metric: generativelanguage.googleapis.com/generate_content_free_tier_requests, limit: 0, model: gemini-2.0-flash
* Quota exceeded for metric: generativelanguage.googleapis.com/generate_content_free_tier_requests, limit: 0, model: gemini-2.0-flash
Please retry in 52.167945437s.
[2026-04-21 17:48:55] WARN: Gemini PDF: quota / limite (Modèle « gemini-2.0-flash » : HTTP 429 — You exceeded your current quota, please check your plan and billing details. For more information on this error, head to: https://ai.google.dev/gemini-api/docs)
[2026-04-21 17:48:55] INFO: [WORKFLOW] stage-automation | stagiaire#5 | reanalyze_cv_ai
[2026-04-21 17:49:42] INFO: 📦 Connexion MySQL réussie
[2026-04-21 17:49:44] INFO: 🔄 Tables Sequelize vérifiées (création si absentes ; alter désactivé).
[2026-04-21 17:49:44] INFO: ✅ Connexion MySQL établie
[2026-04-21 17:49:44] INFO: 🚀 Serveur CNI démarré sur le port 5000
[2026-04-21 17:49:44] INFO: 📡 Environnement : development
[2026-04-21 17:49:44] INFO: 🌐 URL : http://localhost:5000
[2026-04-21 17:49:44] INFO: 📊 API Health : http://localhost:5000/api/health
[2026-04-21 17:49:44] INFO: 💬 Socket.IO : path /socket.io
[2026-04-21 17:50:07] INFO: 📦 Connexion MySQL réussie
[2026-04-21 17:50:08] INFO: 🔄 Tables Sequelize vérifiées (création si absentes ; alter désactivé).
[2026-04-21 17:50:08] INFO: ✅ Connexion MySQL établie
[2026-04-21 17:50:08] INFO: 🚀 Serveur CNI démarré sur le port 5000
[2026-04-21 17:50:08] INFO: 📡 Environnement : development
[2026-04-21 17:50:08] INFO: 🌐 URL : http://localhost:5000
[2026-04-21 17:50:08] INFO: 📊 API Health : http://localhost:5000/api/health
[2026-04-21 17:50:08] INFO: 💬 Socket.IO : path /socket.io
[2026-04-21 17:50:33] INFO: 📦 Connexion MySQL réussie
[2026-04-21 17:50:34] INFO: 🔄 Tables Sequelize vérifiées (création si absentes ; alter désactivé).
[2026-04-21 17:50:34] INFO: ✅ Connexion MySQL établie
[2026-04-21 17:50:34] INFO: 🚀 Serveur CNI démarré sur le port 5000
[2026-04-21 17:50:34] INFO: 📡 Environnement : development
[2026-04-21 17:50:34] INFO: 🌐 URL : http://localhost:5000
[2026-04-21 17:50:34] INFO: 📊 API Health : http://localhost:5000/api/health
[2026-04-21 17:50:34] INFO: 💬 Socket.IO : path /socket.io
[2026-04-21 17:51:19] INFO: 📦 Connexion MySQL réussie
[2026-04-21 17:51:21] INFO: 🔄 Tables Sequelize vérifiées (création si absentes ; alter désactivé).
[2026-04-21 17:51:21] INFO: ✅ Connexion MySQL établie
[2026-04-21 17:51:21] INFO: 🚀 Serveur CNI démarré sur le port 5000
[2026-04-21 17:51:21] INFO: 📡 Environnement : development
[2026-04-21 17:51:21] INFO: 🌐 URL : http://localhost:5000
[2026-04-21 17:51:21] INFO: 📊 API Health : http://localhost:5000/api/health
[2026-04-21 17:51:21] INFO: 💬 Socket.IO : path /socket.io
[2026-04-21 17:51:45] INFO: 📦 Connexion MySQL réussie
[2026-04-21 17:51:47] INFO: 🔄 Tables Sequelize vérifiées (création si absentes ; alter désactivé).
[2026-04-21 17:51:47] INFO: ✅ Connexion MySQL établie
[2026-04-21 17:51:47] INFO: 🚀 Serveur CNI démarré sur le port 5000
[2026-04-21 17:51:47] INFO: 📡 Environnement : development
[2026-04-21 17:51:47] INFO: 🌐 URL : http://localhost:5000
[2026-04-21 17:51:47] INFO: 📊 API Health : http://localhost:5000/api/health
[2026-04-21 17:51:47] INFO: 💬 Socket.IO : path /socket.io
[2026-04-21 17:56:00] WARN: Token JWT invalide ou expiré
[2026-04-21 17:56:00] WARN: Tentative d'accès avec token invalide depuis ::1
[2026-04-21 17:56:00] WARN: Token JWT invalide ou expiré
[2026-04-21 17:56:00] WARN: Tentative d'accès avec token invalide depuis ::1
[2026-04-21 17:56:00] WARN: Token JWT invalide ou expiré
[2026-04-21 17:56:00] WARN: Tentative d'accès avec token invalide depuis ::1
[2026-04-21 17:56:07] WARN: pdfjs-dist extraction: require() of ES Module C:\Users\Adem\OneDrive\Bureau\test\backend\node_modules\pdfjs-dist\legacy\build\pdf.mjs not supported.
Instead change the require of C:\Users\Adem\OneDrive\Bureau\test\backend\node_modules\pdfjs-dist\legacy\build\pdf.mjs to a dynamic import() which is available in all CommonJS modules.
[2026-04-21 17:56:07] WARN: OCR PDF (canvas): require() of ES Module C:\Users\Adem\OneDrive\Bureau\test\backend\node_modules\pdfjs-dist\legacy\build\pdf.mjs not supported.
Instead change the require of C:\Users\Adem\OneDrive\Bureau\test\backend\node_modules\pdfjs-dist\legacy\build\pdf.mjs to a dynamic import() which is available in all CommonJS modules.
[2026-04-21 17:56:07] INFO: CV PDF: couches=aucune longueur=0
[2026-04-21 17:56:08] WARN: Gemini PDF API erreur: Modèle « gemini-1.5-flash » : models/gemini-1.5-flash is not found for API version v1beta, or is not supported for generateContent. Call ListModels to see the list of available models and their supported methods.
[2026-04-21 17:56:09] WARN: Gemini: HTTP 429, nouvel essai après 2,5 s…
[2026-04-21 17:56:12] WARN: Gemini PDF API erreur: Modèle « gemini-2.0-flash » : HTTP 429 — You exceeded your current quota, please check your plan and billing details. For more information on this error, head to: https://ai.google.dev/gemini-api/docs/rate-limits. To monitor your current usage, head to: https://ai.dev/rate-limit. 
* Quota exceeded for metric: generativelanguage.googleapis.com/generate_content_free_tier_input_token_count, limit: 0, model: gemini-2.0-flash
* Quota exceeded for metric: generativelanguage.googleapis.com/generate_content_free_tier_requests, limit: 0, model: gemini-2.0-flash
* Quota exceeded for metric: generativelanguage.googleapis.com/generate_content_free_tier_requests, limit: 0, model: gemini-2.0-flash
Please retry in 35.22958535s.
[2026-04-21 17:56:13] WARN: Gemini: HTTP 429, nouvel essai après 2,5 s…
[2026-04-21 17:56:17] WARN: Gemini PDF API erreur: Modèle « gemini-2.0-flash » : HTTP 429 — You exceeded your current quota, please check your plan and billing details. For more information on this error, head to: https://ai.google.dev/gemini-api/docs/rate-limits. To monitor your current usage, head to: https://ai.dev/rate-limit. 
* Quota exceeded for metric: generativelanguage.googleapis.com/generate_content_free_tier_input_token_count, limit: 0, model: gemini-2.0-flash
* Quota exceeded for metric: generativelanguage.googleapis.com/generate_content_free_tier_requests, limit: 0, model: gemini-2.0-flash
* Quota exceeded for metric: generativelanguage.googleapis.com/generate_content_free_tier_requests, limit: 0, model: gemini-2.0-flash
Please retry in 30.90777627s.
[2026-04-21 17:56:17] WARN: Gemini PDF: quota / limite (Modèle « gemini-2.0-flash » : HTTP 429 — You exceeded your current quota, please check your plan and billing details. For more information on this error, head to: https://ai.google.dev/gemini-api/docs)
[2026-04-21 17:56:17] INFO: [WORKFLOW] stage-automation | stagiaire#5 | reanalyze_cv_ai
[2026-04-21 17:56:38] WARN: pdfjs-dist extraction: require() of ES Module C:\Users\Adem\OneDrive\Bureau\test\backend\node_modules\pdfjs-dist\legacy\build\pdf.mjs not supported.
Instead change the require of C:\Users\Adem\OneDrive\Bureau\test\backend\node_modules\pdfjs-dist\legacy\build\pdf.mjs to a dynamic import() which is available in all CommonJS modules.
[2026-04-21 17:56:38] WARN: OCR PDF (canvas): require() of ES Module C:\Users\Adem\OneDrive\Bureau\test\backend\node_modules\pdfjs-dist\legacy\build\pdf.mjs not supported.
Instead change the require of C:\Users\Adem\OneDrive\Bureau\test\backend\node_modules\pdfjs-dist\legacy\build\pdf.mjs to a dynamic import() which is available in all CommonJS modules.
[2026-04-21 17:56:38] INFO: CV PDF: couches=aucune longueur=0
[2026-04-21 17:56:39] WARN: Gemini PDF API erreur: Modèle « gemini-1.5-flash » : models/gemini-1.5-flash is not found for API version v1beta, or is not supported for generateContent. Call ListModels to see the list of available models and their supported methods.
[2026-04-21 17:56:40] WARN: Gemini: HTTP 429, nouvel essai après 2,5 s…
[2026-04-21 17:56:43] WARN: Gemini PDF API erreur: Modèle « gemini-2.0-flash » : HTTP 429 — You exceeded your current quota, please check your plan and billing details. For more information on this error, head to: https://ai.google.dev/gemini-api/docs/rate-limits. To monitor your current usage, head to: https://ai.dev/rate-limit. 
* Quota exceeded for metric: generativelanguage.googleapis.com/generate_content_free_tier_input_token_count, limit: 0, model: gemini-2.0-flash
* Quota exceeded for metric: generativelanguage.googleapis.com/generate_content_free_tier_requests, limit: 0, model: gemini-2.0-flash
* Quota exceeded for metric: generativelanguage.googleapis.com/generate_content_free_tier_requests, limit: 0, model: gemini-2.0-flash
Please retry in 4.588328385s.
[2026-04-21 17:56:44] WARN: Gemini: HTTP 429, nouvel essai après 2,5 s…
[2026-04-21 17:56:47] WARN: Gemini PDF API erreur: Modèle « gemini-2.0-flash » : HTTP 429 — You exceeded your current quota, please check your plan and billing details. For more information on this error, head to: https://ai.google.dev/gemini-api/docs/rate-limits. To monitor your current usage, head to: https://ai.dev/rate-limit. 
* Quota exceeded for metric: generativelanguage.googleapis.com/generate_content_free_tier_input_token_count, limit: 0, model: gemini-2.0-flash
* Quota exceeded for metric: generativelanguage.googleapis.com/generate_content_free_tier_requests, limit: 0, model: gemini-2.0-flash
* Quota exceeded for metric: generativelanguage.googleapis.com/generate_content_free_tier_requests, limit: 0, model: gemini-2.0-flash
Please retry in 299.248916ms.
[2026-04-21 17:56:47] WARN: Gemini PDF: quota / limite (Modèle « gemini-2.0-flash » : HTTP 429 — You exceeded your current quota, please check your plan and billing details. For more information on this error, head to: https://ai.google.dev/gemini-api/docs)
[2026-04-21 17:56:47] INFO: [WORKFLOW] stage-automation | stagiaire#5 | reanalyze_cv_ai
[2026-04-21 17:57:46] WARN: pdfjs-dist extraction: require() of ES Module C:\Users\Adem\OneDrive\Bureau\test\backend\node_modules\pdfjs-dist\legacy\build\pdf.mjs not supported.
Instead change the require of C:\Users\Adem\OneDrive\Bureau\test\backend\node_modules\pdfjs-dist\legacy\build\pdf.mjs to a dynamic import() which is available in all CommonJS modules.
[2026-04-21 17:57:46] WARN: OCR PDF (canvas): require() of ES Module C:\Users\Adem\OneDrive\Bureau\test\backend\node_modules\pdfjs-dist\legacy\build\pdf.mjs not supported.
Instead change the require of C:\Users\Adem\OneDrive\Bureau\test\backend\node_modules\pdfjs-dist\legacy\build\pdf.mjs to a dynamic import() which is available in all CommonJS modules.
[2026-04-21 17:57:46] INFO: CV PDF: couches=aucune longueur=0
[2026-04-21 17:57:47] WARN: Gemini PDF API erreur: Modèle « gemini-1.5-flash » : models/gemini-1.5-flash is not found for API version v1beta, or is not supported for generateContent. Call ListModels to see the list of available models and their supported methods.
[2026-04-21 17:57:48] WARN: Gemini: HTTP 429, nouvel essai après 2,5 s…
[2026-04-21 17:57:51] WARN: Gemini PDF API erreur: Modèle « gemini-2.0-flash » : HTTP 429 — You exceeded your current quota, please check your plan and billing details. For more information on this error, head to: https://ai.google.dev/gemini-api/docs/rate-limits. To monitor your current usage, head to: https://ai.dev/rate-limit. 
* Quota exceeded for metric: generativelanguage.googleapis.com/generate_content_free_tier_input_token_count, limit: 0, model: gemini-2.0-flash
* Quota exceeded for metric: generativelanguage.googleapis.com/generate_content_free_tier_requests, limit: 0, model: gemini-2.0-flash
* Quota exceeded for metric: generativelanguage.googleapis.com/generate_content_free_tier_requests, limit: 0, model: gemini-2.0-flash
Please retry in 56.262949528s.
[2026-04-21 17:57:52] WARN: Gemini: HTTP 429, nouvel essai après 2,5 s…
[2026-04-21 17:57:56] WARN: Gemini PDF API erreur: Modèle « gemini-2.0-flash » : HTTP 429 — You exceeded your current quota, please check your plan and billing details. For more information on this error, head to: https://ai.google.dev/gemini-api/docs/rate-limits. To monitor your current usage, head to: https://ai.dev/rate-limit. 
* Quota exceeded for metric: generativelanguage.googleapis.com/generate_content_free_tier_input_token_count, limit: 0, model: gemini-2.0-flash
* Quota exceeded for metric: generativelanguage.googleapis.com/generate_content_free_tier_requests, limit: 0, model: gemini-2.0-flash
* Quota exceeded for metric: generativelanguage.googleapis.com/generate_content_free_tier_requests, limit: 0, model: gemini-2.0-flash
Please retry in 52.000513975s.
[2026-04-21 17:57:56] WARN: Gemini PDF: quota / limite (Modèle « gemini-2.0-flash » : HTTP 429 — You exceeded your current quota, please check your plan and billing details. For more information on this error, head to: https://ai.google.dev/gemini-api/docs)
[2026-04-21 17:57:56] INFO: [WORKFLOW] stage-automation | stagiaire#5 | reanalyze_cv_ai
[2026-04-21 17:59:49] INFO: 📦 Connexion MySQL réussie
[2026-04-21 17:59:51] INFO: 🔄 Tables Sequelize vérifiées (création si absentes ; alter désactivé).
[2026-04-21 17:59:51] INFO: ✅ Connexion MySQL établie
[2026-04-21 17:59:51] INFO: 🚀 Serveur CNI démarré sur le port 5000
[2026-04-21 17:59:51] INFO: 📡 Environnement : development
[2026-04-21 17:59:51] INFO: 🌐 URL : http://localhost:5000
[2026-04-21 17:59:51] INFO: 📊 API Health : http://localhost:5000/api/health
[2026-04-21 17:59:51] INFO: 💬 Socket.IO : path /socket.io
[2026-04-21 18:00:14] INFO: 📦 Connexion MySQL réussie
[2026-04-21 18:00:16] INFO: 🔄 Tables Sequelize vérifiées (création si absentes ; alter désactivé).
[2026-04-21 18:00:16] INFO: ✅ Connexion MySQL établie
[2026-04-21 18:00:16] INFO: 🚀 Serveur CNI démarré sur le port 5000
[2026-04-21 18:00:16] INFO: 📡 Environnement : development
[2026-04-21 18:00:16] INFO: 🌐 URL : http://localhost:5000
[2026-04-21 18:00:16] INFO: 📊 API Health : http://localhost:5000/api/health
[2026-04-21 18:00:16] INFO: 💬 Socket.IO : path /socket.io
[2026-04-21 18:01:09] INFO: 📦 Connexion MySQL réussie
[2026-04-21 18:01:15] INFO: 🔄 Tables Sequelize vérifiées (création si absentes ; alter désactivé).
[2026-04-21 18:01:15] INFO: ✅ Connexion MySQL établie
[2026-04-21 18:01:15] INFO: 🚀 Serveur CNI démarré sur le port 5000
[2026-04-21 18:01:15] INFO: 📡 Environnement : development
[2026-04-21 18:01:15] INFO: 🌐 URL : http://localhost:5000
[2026-04-21 18:01:15] INFO: 📊 API Health : http://localhost:5000/api/health
[2026-04-21 18:01:15] INFO: 💬 Socket.IO : path /socket.io
[2026-04-21 18:01:59] INFO: 📦 Connexion MySQL réussie
[2026-04-21 18:02:01] INFO: 🔄 Tables Sequelize vérifiées (création si absentes ; alter désactivé).
[2026-04-21 18:02:01] INFO: ✅ Connexion MySQL établie
[2026-04-21 18:02:01] INFO: 🚀 Serveur CNI démarré sur le port 5000
[2026-04-21 18:02:01] INFO: 📡 Environnement : development
[2026-04-21 18:02:01] INFO: 🌐 URL : http://localhost:5000
[2026-04-21 18:02:01] INFO: 📊 API Health : http://localhost:5000/api/health
[2026-04-21 18:02:01] INFO: 💬 Socket.IO : path /socket.io
[2026-04-21 18:02:23] INFO: 📦 Connexion MySQL réussie
[2026-04-21 18:02:23] ERROR: Error: 
    at Query.run (C:\Users\Adem\OneDrive\Bureau\test\backend\node_modules\sequelize\src\dialects\mysql\query.js:46:25)
    at C:\Users\Adem\OneDrive\Bureau\test\backend\node_modules\sequelize\src\sequelize.js:650:28
    at processTicksAndRejections (node:internal/process/task_queues:95:5)
    at Function.sync (C:\Users\Adem\OneDrive\Bureau\test\backend\node_modules\sequelize\src\model.js:1408:11)
    at Sequelize._syncModelsWithCyclicReferences (C:\Users\Adem\OneDrive\Bureau\test\backend\node_modules\sequelize\src\sequelize.js:861:7)
    at connectDB (C:\Users\Adem\OneDrive\Bureau\test\backend\src\config\database.ts:57:9)
    at startServer (C:\Users\Adem\OneDrive\Bureau\test\backend\src\server.ts:132:5)
[2026-04-21 18:02:48] INFO: 📦 Connexion MySQL réussie
[2026-04-21 18:02:48] ERROR: Error: 
    at Query.run (C:\Users\Adem\OneDrive\Bureau\test\backend\node_modules\sequelize\src\dialects\mysql\query.js:46:25)
    at C:\Users\Adem\OneDrive\Bureau\test\backend\node_modules\sequelize\src\sequelize.js:650:28
    at processTicksAndRejections (node:internal/process/task_queues:95:5)
    at Function.sync (C:\Users\Adem\OneDrive\Bureau\test\backend\node_modules\sequelize\src\model.js:1408:11)
    at Sequelize._syncModelsWithCyclicReferences (C:\Users\Adem\OneDrive\Bureau\test\backend\node_modules\sequelize\src\sequelize.js:861:7)
    at connectDB (C:\Users\Adem\OneDrive\Bureau\test\backend\src\config\database.ts:57:9)
    at startServer (C:\Users\Adem\OneDrive\Bureau\test\backend\src\server.ts:132:5)
[2026-04-21 18:03:32] INFO: 📦 Connexion MySQL réussie
[2026-04-21 18:03:32] ERROR: Error: 
    at Query.run (C:\Users\Adem\OneDrive\Bureau\test\backend\node_modules\sequelize\src\dialects\mysql\query.js:46:25)
    at C:\Users\Adem\OneDrive\Bureau\test\backend\node_modules\sequelize\src\sequelize.js:650:28
    at processTicksAndRejections (node:internal/process/task_queues:95:5)
    at Function.sync (C:\Users\Adem\OneDrive\Bureau\test\backend\node_modules\sequelize\src\model.js:1408:11)
    at Sequelize._syncModelsWithCyclicReferences (C:\Users\Adem\OneDrive\Bureau\test\backend\node_modules\sequelize\src\sequelize.js:861:7)
    at connectDB (C:\Users\Adem\OneDrive\Bureau\test\backend\src\config\database.ts:57:9)
    at startServer (C:\Users\Adem\OneDrive\Bureau\test\backend\src\server.ts:132:5)
[2026-04-21 18:05:03] INFO: 📦 Connexion MySQL réussie
[2026-04-21 18:05:03] ERROR: Error: 
    at Query.run (C:\Users\Adem\OneDrive\Bureau\test\backend\node_modules\sequelize\src\dialects\mysql\query.js:46:25)
    at C:\Users\Adem\OneDrive\Bureau\test\backend\node_modules\sequelize\src\sequelize.js:650:28
    at processTicksAndRejections (node:internal/process/task_queues:95:5)
    at Function.sync (C:\Users\Adem\OneDrive\Bureau\test\backend\node_modules\sequelize\src\model.js:1408:11)
    at Sequelize._syncModelsWithCyclicReferences (C:\Users\Adem\OneDrive\Bureau\test\backend\node_modules\sequelize\src\sequelize.js:861:7)
    at connectDB (C:\Users\Adem\OneDrive\Bureau\test\backend\src\config\database.ts:57:9)
    at startServer (C:\Users\Adem\OneDrive\Bureau\test\backend\src\server.ts:132:5)
[2026-04-22 09:04:17] INFO: 📦 Connexion MySQL réussie
[2026-04-22 09:04:18] INFO: 🔄 Tables Sequelize vérifiées (création si absentes ; alter désactivé).
[2026-04-22 09:04:18] INFO: 🌱 Début du seeding...
[2026-04-22 09:04:18] INFO: ✅ 5 départements créés
[2026-04-22 09:04:20] INFO: ✅ 7 employés créés
[2026-04-22 09:04:20] INFO: ✅ 5 formations créées
[2026-04-22 09:04:20] INFO: ✅ 4 stagiaires créés
[2026-04-22 09:04:20] INFO: ✅ Inscriptions créées
[2026-04-22 09:04:35] INFO: 📦 Connexion MySQL réussie
[2026-04-22 09:04:39] INFO: 🔄 Tables Sequelize vérifiées (création si absentes ; alter désactivé).
[2026-04-22 09:04:39] INFO: ✅ Connexion MySQL établie
[2026-04-22 09:04:39] INFO: 🚀 Serveur CNI démarré sur le port 5000
[2026-04-22 09:04:39] INFO: 📡 Environnement : development
[2026-04-22 09:04:39] INFO: 🌐 URL : http://localhost:5000
[2026-04-22 09:04:39] INFO: 📊 API Health : http://localhost:5000/api/health
[2026-04-22 09:04:39] INFO: 💬 Socket.IO : path /socket.io
[2026-04-22 09:04:42] WARN: Token JWT invalide ou expiré
[2026-04-22 09:04:42] WARN: Tentative d'accès avec token invalide depuis ::1
[2026-04-22 09:04:42] WARN: Token JWT invalide ou expiré
[2026-04-22 09:04:42] WARN: Tentative d'accès avec token invalide depuis ::1
[2026-04-22 09:04:42] WARN: Token JWT invalide ou expiré
[2026-04-22 09:04:42] WARN: Tentative d'accès avec token invalide depuis ::1
[2026-04-22 09:04:42] WARN: Token JWT invalide ou expiré
[2026-04-22 09:04:42] WARN: Tentative d'accès avec token invalide depuis ::1
[2026-04-22 09:06:05] INFO: 📧 SMTP actif et vérifié : smtp.gmail.com:587 (ademghanmi19@gmail.com)
[2026-04-22 09:06:06] INFO: ✉️ Email envoyé à : ademghanmifr@gmail.com | Sujet : Code de vérification 15 min — CNI Stages
[2026-04-22 09:06:06] INFO: OTP envoyé à ademghanmifr@gmail.com (candidature)
[2026-04-22 09:06:21] WARN: pdfjs-dist extraction: require() of ES Module C:\Users\Adem\OneDrive\Bureau\test\backend\node_modules\pdfjs-dist\legacy\build\pdf.mjs not supported.
Instead change the require of C:\Users\Adem\OneDrive\Bureau\test\backend\node_modules\pdfjs-dist\legacy\build\pdf.mjs to a dynamic import() which is available in all CommonJS modules.
[2026-04-22 09:06:22] WARN: OCR PDF (canvas): require() of ES Module C:\Users\Adem\OneDrive\Bureau\test\backend\node_modules\pdfjs-dist\legacy\build\pdf.mjs not supported.
Instead change the require of C:\Users\Adem\OneDrive\Bureau\test\backend\node_modules\pdfjs-dist\legacy\build\pdf.mjs to a dynamic import() which is available in all CommonJS modules.
[2026-04-22 09:06:22] INFO: pdftoppm: binaire absent ou erreur (spawnSync pdftoppm ENOENT)
[2026-04-22 09:06:22] INFO: CV PDF: couches=aucune longueur=0
[2026-04-22 09:06:23] WARN: Gemini PDF API erreur: Modèle « gemini-1.5-flash » : models/gemini-1.5-flash is not found for API version v1beta, or is not supported for generateContent. Call ListModels to see the list of available models and their supported methods.
[2026-04-22 09:06:24] WARN: Gemini: HTTP 429, nouvel essai après 2,5 s…
[2026-04-22 09:06:28] WARN: Gemini PDF API erreur: Modèle « gemini-2.0-flash » : HTTP 429 — You exceeded your current quota, please check your plan and billing details. For more information on this error, head to: https://ai.google.dev/gemini-api/docs/rate-limits. To monitor your current usage, head to: https://ai.dev/rate-limit. 
* Quota exceeded for metric: generativelanguage.googleapis.com/generate_content_free_tier_input_token_count, limit: 0, model: gemini-2.0-flash
* Quota exceeded for metric: generativelanguage.googleapis.com/generate_content_free_tier_requests, limit: 0, model: gemini-2.0-flash
* Quota exceeded for metric: generativelanguage.googleapis.com/generate_content_free_tier_requests, limit: 0, model: gemini-2.0-flash
Please retry in 20.591398523s.
[2026-04-22 09:06:29] WARN: Gemini: HTTP 429, nouvel essai après 2,5 s…
[2026-04-22 09:06:32] WARN: Gemini PDF API erreur: Modèle « gemini-2.0-flash » : HTTP 429 — You exceeded your current quota, please check your plan and billing details. For more information on this error, head to: https://ai.google.dev/gemini-api/docs/rate-limits. To monitor your current usage, head to: https://ai.dev/rate-limit. 
* Quota exceeded for metric: generativelanguage.googleapis.com/generate_content_free_tier_requests, limit: 0, model: gemini-2.0-flash
* Quota exceeded for metric: generativelanguage.googleapis.com/generate_content_free_tier_requests, limit: 0, model: gemini-2.0-flash
* Quota exceeded for metric: generativelanguage.googleapis.com/generate_content_free_tier_input_token_count, limit: 0, model: gemini-2.0-flash
Please retry in 16.258842941s.
[2026-04-22 09:06:32] WARN: Gemini PDF: quota / limite (Modèle « gemini-2.0-flash » : HTTP 429 — You exceeded your current quota, please check your plan and billing details. For more information on this error, head to: https://ai.google.dev/gemini-api/docs)
[2026-04-22 09:06:32] INFO: 📝 Nouvelle candidature créée : Ghanmi Adem (#5)
[2026-04-22 09:06:32] INFO: [WORKFLOW] stage-candidature-reception | stagiaire#5 | soumission
[2026-04-22 09:06:34] INFO: ✉️ Email envoyé à : ademghanmifr@gmail.com | Sujet : ✅ Candidature reçue - CNI Stages
[2026-04-22 09:06:35] INFO: ✉️ Email envoyé à : rh@cni.tn | Sujet : 📋 Nouvelle candidature de stage - Ghanmi Adem
[2026-04-22 09:06:37] INFO: ✉️ Email envoyé à : manager.dev@cni.tn | Sujet : 📋 Nouvelle candidature pour votre département - Ghanmi Adem
[2026-04-22 09:06:46] INFO: ✅ Connexion réussie : rh@cni.tn (Direction_RH)
[2026-04-22 09:07:09] WARN: pdfjs-dist extraction: require() of ES Module C:\Users\Adem\OneDrive\Bureau\test\backend\node_modules\pdfjs-dist\legacy\build\pdf.mjs not supported.
Instead change the require of C:\Users\Adem\OneDrive\Bureau\test\backend\node_modules\pdfjs-dist\legacy\build\pdf.mjs to a dynamic import() which is available in all CommonJS modules.
[2026-04-22 09:07:09] WARN: OCR PDF (canvas): require() of ES Module C:\Users\Adem\OneDrive\Bureau\test\backend\node_modules\pdfjs-dist\legacy\build\pdf.mjs not supported.
Instead change the require of C:\Users\Adem\OneDrive\Bureau\test\backend\node_modules\pdfjs-dist\legacy\build\pdf.mjs to a dynamic import() which is available in all CommonJS modules.
[2026-04-22 09:07:09] INFO: pdftoppm: binaire absent ou erreur (spawnSync pdftoppm ENOENT)
[2026-04-22 09:07:09] INFO: CV PDF: couches=aucune longueur=0
[2026-04-22 09:07:10] WARN: Gemini PDF API erreur: Modèle « gemini-1.5-flash » : models/gemini-1.5-flash is not found for API version v1beta, or is not supported for generateContent. Call ListModels to see the list of available models and their supported methods.
[2026-04-22 09:07:11] WARN: Gemini: HTTP 429, nouvel essai après 2,5 s…
[2026-04-22 09:07:14] WARN: Gemini PDF API erreur: Modèle « gemini-2.0-flash » : HTTP 429 — You exceeded your current quota, please check your plan and billing details. For more information on this error, head to: https://ai.google.dev/gemini-api/docs/rate-limits. To monitor your current usage, head to: https://ai.dev/rate-limit. 
* Quota exceeded for metric: generativelanguage.googleapis.com/generate_content_free_tier_input_token_count, limit: 0, model: gemini-2.0-flash
* Quota exceeded for metric: generativelanguage.googleapis.com/generate_content_free_tier_requests, limit: 0, model: gemini-2.0-flash
* Quota exceeded for metric: generativelanguage.googleapis.com/generate_content_free_tier_requests, limit: 0, model: gemini-2.0-flash
Please retry in 34.053429235s.
[2026-04-22 09:07:15] WARN: Gemini: HTTP 429, nouvel essai après 2,5 s…
[2026-04-22 09:07:19] WARN: Gemini PDF API erreur: Modèle « gemini-2.0-flash » : HTTP 429 — You exceeded your current quota, please check your plan and billing details. For more information on this error, head to: https://ai.google.dev/gemini-api/docs/rate-limits. To monitor your current usage, head to: https://ai.dev/rate-limit. 
* Quota exceeded for metric: generativelanguage.googleapis.com/generate_content_free_tier_input_token_count, limit: 0, model: gemini-2.0-flash
* Quota exceeded for metric: generativelanguage.googleapis.com/generate_content_free_tier_requests, limit: 0, model: gemini-2.0-flash
* Quota exceeded for metric: generativelanguage.googleapis.com/generate_content_free_tier_requests, limit: 0, model: gemini-2.0-flash
Please retry in 29.679863614s.
[2026-04-22 09:07:19] WARN: Gemini PDF: quota / limite (Modèle « gemini-2.0-flash » : HTTP 429 — You exceeded your current quota, please check your plan and billing details. For more information on this error, head to: https://ai.google.dev/gemini-api/docs)
[2026-04-22 09:07:19] INFO: [WORKFLOW] stage-automation | stagiaire#5 | reanalyze_cv_ai
[2026-04-22 09:18:28] INFO: 📦 Connexion MySQL réussie
[2026-04-22 09:18:30] INFO: 🔄 Tables Sequelize vérifiées (création si absentes ; alter désactivé).
[2026-04-22 09:18:30] INFO: ✅ Connexion MySQL établie
[2026-04-22 09:18:30] INFO: 🚀 Serveur CNI démarré sur le port 5000
[2026-04-22 09:18:30] INFO: 📡 Environnement : development
[2026-04-22 09:18:30] INFO: 🌐 URL : http://localhost:5000
[2026-04-22 09:18:30] INFO: 📊 API Health : http://localhost:5000/api/health
[2026-04-22 09:18:30] INFO: 💬 Socket.IO : path /socket.io
[2026-04-22 09:19:03] INFO: 📦 Connexion MySQL réussie
[2026-04-22 09:19:04] INFO: 🔄 Tables Sequelize vérifiées (création si absentes ; alter désactivé).
[2026-04-22 09:19:04] INFO: ✅ Connexion MySQL établie
[2026-04-22 09:19:04] INFO: 🚀 Serveur CNI démarré sur le port 5000
[2026-04-22 09:19:04] INFO: 📡 Environnement : development
[2026-04-22 09:19:04] INFO: 🌐 URL : http://localhost:5000
[2026-04-22 09:19:04] INFO: 📊 API Health : http://localhost:5000/api/health
[2026-04-22 09:19:04] INFO: 💬 Socket.IO : path /socket.io
[2026-04-22 09:19:50] INFO: 📦 Connexion MySQL réussie
[2026-04-22 09:19:52] INFO: 🔄 Tables Sequelize vérifiées (création si absentes ; alter désactivé).
[2026-04-22 09:19:52] INFO: ✅ Connexion MySQL établie
[2026-04-22 09:19:52] INFO: 🚀 Serveur CNI démarré sur le port 5000
[2026-04-22 09:19:52] INFO: 📡 Environnement : development
[2026-04-22 09:19:52] INFO: 🌐 URL : http://localhost:5000
[2026-04-22 09:19:52] INFO: 📊 API Health : http://localhost:5000/api/health
[2026-04-22 09:19:52] INFO: 💬 Socket.IO : path /socket.io
[2026-04-22 09:20:19] INFO: 📦 Connexion MySQL réussie
[2026-04-22 09:20:20] INFO: 🔄 Tables Sequelize vérifiées (création si absentes ; alter désactivé).
[2026-04-22 09:20:20] INFO: ✅ Connexion MySQL établie
[2026-04-22 09:20:20] INFO: 🚀 Serveur CNI démarré sur le port 5000
[2026-04-22 09:20:20] INFO: 📡 Environnement : development
[2026-04-22 09:20:20] INFO: 🌐 URL : http://localhost:5000
[2026-04-22 09:20:20] INFO: 📊 API Health : http://localhost:5000/api/health
[2026-04-22 09:20:20] INFO: 💬 Socket.IO : path /socket.io
[2026-04-22 09:21:31] WARN: pdfjs-dist extraction: The API version "4.4.168" does not match the Worker version "4.5.136".
[2026-04-22 09:21:31] WARN: OCR PDF (canvas): The API version "4.4.168" does not match the Worker version "4.5.136".
[2026-04-22 09:21:31] INFO: pdftoppm: binaire absent ou erreur (spawnSync pdftoppm ENOENT)
[2026-04-22 09:21:31] INFO: CV PDF: couches=aucune longueur=0
[2026-04-22 09:21:32] WARN: Gemini: HTTP 429, nouvel essai après 2,5 s…
[2026-04-22 09:21:35] WARN: Gemini PDF API erreur: Modèle « gemini-2.0-flash » : HTTP 429 — You exceeded your current quota, please check your plan and billing details. For more information on this error, head to: https://ai.google.dev/gemini-api/docs/rate-limits. To monitor your current usage, head to: https://ai.dev/rate-limit. 
* Quota exceeded for metric: generativelanguage.googleapis.com/generate_content_free_tier_input_token_count, limit: 0, model: gemini-2.0-flash
* Quota exceeded for metric: generativelanguage.googleapis.com/generate_content_free_tier_requests, limit: 0, model: gemini-2.0-flash
* Quota exceeded for metric: generativelanguage.googleapis.com/generate_content_free_tier_requests, limit: 0, model: gemini-2.0-flash
Please retry in 12.990697097s.
[2026-04-22 09:21:36] WARN: Gemini: HTTP 429, nouvel essai après 2,5 s…
[2026-04-22 09:21:40] WARN: Gemini PDF API erreur: Modèle « gemini-2.0-flash » : HTTP 429 — You exceeded your current quota, please check your plan and billing details. For more information on this error, head to: https://ai.google.dev/gemini-api/docs/rate-limits. To monitor your current usage, head to: https://ai.dev/rate-limit. 
* Quota exceeded for metric: generativelanguage.googleapis.com/generate_content_free_tier_input_token_count, limit: 0, model: gemini-2.0-flash
* Quota exceeded for metric: generativelanguage.googleapis.com/generate_content_free_tier_requests, limit: 0, model: gemini-2.0-flash
* Quota exceeded for metric: generativelanguage.googleapis.com/generate_content_free_tier_requests, limit: 0, model: gemini-2.0-flash
Please retry in 8.705569216s.
[2026-04-22 09:21:40] WARN: Gemini PDF: quota / limite (Modèle « gemini-2.0-flash » : HTTP 429 — You exceeded your current quota, please check your plan and billing details. For more information on this error, head to: https://ai.google.dev/gemini-api/docs)
[2026-04-22 09:21:40] INFO: [WORKFLOW] stage-automation | stagiaire#5 | reanalyze_cv_ai
[2026-04-22 09:22:00] WARN: Token JWT invalide ou expiré
[2026-04-22 09:22:00] WARN: Tentative d'accès avec token invalide depuis ::1
[2026-04-22 09:22:00] WARN: Token JWT invalide ou expiré
[2026-04-22 09:22:00] WARN: Tentative d'accès avec token invalide depuis ::1
[2026-04-22 09:22:00] WARN: Token JWT invalide ou expiré
[2026-04-22 09:22:00] WARN: Tentative d'accès avec token invalide depuis ::1
[2026-04-22 09:22:04] WARN: pdfjs-dist extraction: The API version "4.4.168" does not match the Worker version "4.5.136".
[2026-04-22 09:22:04] WARN: OCR PDF (canvas): The API version "4.4.168" does not match the Worker version "4.5.136".
[2026-04-22 09:22:04] INFO: pdftoppm: binaire absent ou erreur (spawnSync pdftoppm ENOENT)
[2026-04-22 09:22:04] INFO: CV PDF: couches=aucune longueur=0
[2026-04-22 09:22:05] WARN: Gemini: HTTP 429, nouvel essai après 2,5 s…
[2026-04-22 09:22:09] WARN: Gemini PDF API erreur: Modèle « gemini-2.0-flash » : HTTP 429 — You exceeded your current quota, please check your plan and billing details. For more information on this error, head to: https://ai.google.dev/gemini-api/docs/rate-limits. To monitor your current usage, head to: https://ai.dev/rate-limit. 
* Quota exceeded for metric: generativelanguage.googleapis.com/generate_content_free_tier_input_token_count, limit: 0, model: gemini-2.0-flash
* Quota exceeded for metric: generativelanguage.googleapis.com/generate_content_free_tier_requests, limit: 0, model: gemini-2.0-flash
* Quota exceeded for metric: generativelanguage.googleapis.com/generate_content_free_tier_requests, limit: 0, model: gemini-2.0-flash
Please retry in 39.816756456s.
[2026-04-22 09:22:10] WARN: Gemini: HTTP 429, nouvel essai après 2,5 s…
[2026-04-22 09:22:13] WARN: Gemini PDF API erreur: Modèle « gemini-2.0-flash » : HTTP 429 — You exceeded your current quota, please check your plan and billing details. For more information on this error, head to: https://ai.google.dev/gemini-api/docs/rate-limits. To monitor your current usage, head to: https://ai.dev/rate-limit. 
* Quota exceeded for metric: generativelanguage.googleapis.com/generate_content_free_tier_requests, limit: 0, model: gemini-2.0-flash
* Quota exceeded for metric: generativelanguage.googleapis.com/generate_content_free_tier_requests, limit: 0, model: gemini-2.0-flash
* Quota exceeded for metric: generativelanguage.googleapis.com/generate_content_free_tier_input_token_count, limit: 0, model: gemini-2.0-flash
Please retry in 35.415941162s.
[2026-04-22 09:22:13] WARN: Gemini PDF: quota / limite (Modèle « gemini-2.0-flash » : HTTP 429 — You exceeded your current quota, please check your plan and billing details. For more information on this error, head to: https://ai.google.dev/gemini-api/docs)
[2026-04-22 09:22:13] INFO: [WORKFLOW] stage-automation | stagiaire#5 | reanalyze_cv_ai
[2026-04-22 09:28:08] INFO: 📦 Connexion MySQL réussie
[2026-04-22 09:28:10] INFO: 🔄 Tables Sequelize vérifiées (création si absentes ; alter désactivé).
[2026-04-22 09:28:10] INFO: ✅ Connexion MySQL établie
[2026-04-22 09:28:10] INFO: 🚀 Serveur CNI démarré sur le port 5000
[2026-04-22 09:28:10] INFO: 📡 Environnement : development
[2026-04-22 09:28:10] INFO: 🌐 URL : http://localhost:5000
[2026-04-22 09:28:10] INFO: 📊 API Health : http://localhost:5000/api/health
[2026-04-22 09:28:10] INFO: 💬 Socket.IO : path /socket.io
[2026-04-22 09:31:39] WARN: pdfjs-dist extraction: The API version "4.4.168" does not match the Worker version "4.5.136".
[2026-04-22 09:31:39] WARN: OCR PDF (canvas): The API version "4.4.168" does not match the Worker version "4.5.136".
[2026-04-22 09:31:39] INFO: pdftoppm: binaire absent ou erreur (spawnSync pdftoppm ENOENT)
[2026-04-22 09:31:39] INFO: CV PDF: couches=aucune longueur=0
[2026-04-22 09:31:40] WARN: Gemini: HTTP 429, retry 1/4 dans 1200 ms…
[2026-04-22 09:31:42] WARN: Gemini: HTTP 429, retry 2/4 dans 2400 ms…
[2026-04-22 09:31:46] WARN: Gemini: HTTP 429, retry 3/4 dans 4800 ms…
[2026-04-22 09:31:51] WARN: Gemini PDF API erreur: Modèle « gemini-2.0-flash » : HTTP 429 — You exceeded your current quota, please check your plan and billing details. For more information on this error, head to: https://ai.google.dev/gemini-api/docs/rate-limits. To monitor your current usage, head to: https://ai.dev/rate-limit. 
* Quota exceeded for metric: generativelanguage.googleapis.com/generate_content_free_tier_requests, limit: 0, model: gemini-2.0-flash
* Quota exceeded for metric: generativelanguage.googleapis.com/generate_content_free_tier_requests, limit: 0, model: gemini-2.0-flash
* Quota exceeded for metric: generativelanguage.googleapis.com/generate_content_free_tier_input_token_count, limit: 0, model: gemini-2.0-flash
Please retry in 56.983982542s.
[2026-04-22 09:31:52] WARN: Gemini: HTTP 429, retry 1/4 dans 1200 ms…
[2026-04-22 09:31:54] WARN: Gemini: HTTP 429, retry 2/4 dans 2400 ms…
[2026-04-22 09:31:58] WARN: Gemini: HTTP 429, retry 3/4 dans 4800 ms…
[2026-04-22 09:32:03] WARN: Gemini PDF API erreur: Modèle « gemini-2.0-flash » : HTTP 429 — You exceeded your current quota, please check your plan and billing details. For more information on this error, head to: https://ai.google.dev/gemini-api/docs/rate-limits. To monitor your current usage, head to: https://ai.dev/rate-limit. 
* Quota exceeded for metric: generativelanguage.googleapis.com/generate_content_free_tier_requests, limit: 0, model: gemini-2.0-flash
* Quota exceeded for metric: generativelanguage.googleapis.com/generate_content_free_tier_requests, limit: 0, model: gemini-2.0-flash
* Quota exceeded for metric: generativelanguage.googleapis.com/generate_content_free_tier_input_token_count, limit: 0, model: gemini-2.0-flash
Please retry in 44.981939437s.
[2026-04-22 09:32:03] WARN: Gemini PDF: quota / limite (Modèle « gemini-2.0-flash » : HTTP 429 — You exceeded your current quota, please check your plan and billing details. For more information on this error, head to: https://ai.google.dev/gemini-api/docs)
[2026-04-22 09:32:03] INFO: [WORKFLOW] stage-automation | stagiaire#5 | reanalyze_cv_ai
[2026-04-22 09:34:44] INFO: 📦 Connexion MySQL réussie
[2026-04-22 09:34:45] INFO: 🔄 Tables Sequelize vérifiées (création si absentes ; alter désactivé).
[2026-04-22 09:34:45] INFO: ✅ Connexion MySQL établie
[2026-04-22 09:34:45] INFO: 🚀 Serveur CNI démarré sur le port 5000
[2026-04-22 09:34:45] INFO: 📡 Environnement : development
[2026-04-22 09:34:45] INFO: 🌐 URL : http://localhost:5000
[2026-04-22 09:34:45] INFO: 📊 API Health : http://localhost:5000/api/health
[2026-04-22 09:34:45] INFO: 💬 Socket.IO : path /socket.io
[2026-04-22 09:35:59] INFO: 📦 Connexion MySQL réussie
[2026-04-22 09:36:00] INFO: 🔄 Tables Sequelize vérifiées (création si absentes ; alter désactivé).
[2026-04-22 09:36:00] INFO: ✅ Connexion MySQL établie
[2026-04-22 09:36:00] INFO: 🚀 Serveur CNI démarré sur le port 5000
[2026-04-22 09:36:00] INFO: 📡 Environnement : development
[2026-04-22 09:36:00] INFO: 🌐 URL : http://localhost:5000
[2026-04-22 09:36:00] INFO: 📊 API Health : http://localhost:5000/api/health
[2026-04-22 09:36:00] INFO: 💬 Socket.IO : path /socket.io
[2026-04-22 09:37:05] WARN: Token JWT invalide ou expiré
[2026-04-22 09:37:05] WARN: Tentative d'accès avec token invalide depuis ::1
[2026-04-22 09:37:05] WARN: Token JWT invalide ou expiré
[2026-04-22 09:37:05] WARN: Tentative d'accès avec token invalide depuis ::1
[2026-04-22 09:37:05] WARN: Token JWT invalide ou expiré
[2026-04-22 09:37:05] WARN: Tentative d'accès avec token invalide depuis ::1
[2026-04-22 09:37:12] WARN: pdfjs-dist extraction: The API version "4.4.168" does not match the Worker version "4.5.136".
[2026-04-22 09:37:12] WARN: OCR PDF (canvas): The API version "4.4.168" does not match the Worker version "4.5.136".
[2026-04-22 09:37:12] INFO: pdftoppm: binaire absent ou erreur (spawnSync pdftoppm ENOENT)
[2026-04-22 09:37:12] INFO: CV PDF: couches=aucune longueur=0
[2026-04-22 09:37:12] WARN: PDF sans texte après toutes les passes: arrêt pipeline (Unreadable scanned PDF).
[2026-04-22 09:37:12] INFO: [WORKFLOW] stage-automation | stagiaire#5 | reanalyze_cv_ai
[2026-04-22 09:38:21] INFO: 📦 Connexion MySQL réussie
[2026-04-22 09:38:22] INFO: 🔄 Tables Sequelize vérifiées (création si absentes ; alter désactivé).
[2026-04-22 09:38:22] INFO: 🌱 Début du seeding...
[2026-04-22 09:38:22] INFO: ✅ 5 départements créés
[2026-04-22 09:38:24] INFO: ✅ 7 employés créés
[2026-04-22 09:38:25] INFO: ✅ 5 formations créées
[2026-04-22 09:38:25] INFO: ✅ 4 stagiaires créés
[2026-04-22 09:38:25] INFO: ✅ Inscriptions créées
[2026-04-22 09:38:34] INFO: 📦 Connexion MySQL réussie
[2026-04-22 09:38:35] INFO: 🔄 Tables Sequelize vérifiées (création si absentes ; alter désactivé).
[2026-04-22 09:38:35] INFO: ✅ Connexion MySQL établie
[2026-04-22 09:38:35] INFO: 🚀 Serveur CNI démarré sur le port 5000
[2026-04-22 09:38:35] INFO: 📡 Environnement : development
[2026-04-22 09:38:35] INFO: 🌐 URL : http://localhost:5000
[2026-04-22 09:38:35] INFO: 📊 API Health : http://localhost:5000/api/health
[2026-04-22 09:38:35] INFO: 💬 Socket.IO : path /socket.io
[2026-04-22 09:38:42] WARN: pdfjs-dist extraction: The API version "4.4.168" does not match the Worker version "4.5.136".
[2026-04-22 09:38:42] WARN: OCR PDF (canvas): The API version "4.4.168" does not match the Worker version "4.5.136".
[2026-04-22 09:38:42] INFO: pdftoppm: binaire absent ou erreur (spawnSync pdftoppm ENOENT)
[2026-04-22 09:38:42] INFO: CV PDF: couches=aucune longueur=0
[2026-04-22 09:38:42] WARN: PDF sans texte après toutes les passes: arrêt pipeline (Unreadable scanned PDF).
[2026-04-22 09:38:42] INFO: [WORKFLOW] stage-automation | stagiaire#5 | reanalyze_cv_ai
[2026-04-22 09:38:56] WARN: pdfjs-dist extraction: The API version "4.4.168" does not match the Worker version "4.5.136".
[2026-04-22 09:38:56] WARN: OCR PDF (canvas): The API version "4.4.168" does not match the Worker version "4.5.136".
[2026-04-22 09:38:56] INFO: pdftoppm: binaire absent ou erreur (spawnSync pdftoppm ENOENT)
[2026-04-22 09:38:56] INFO: CV PDF: couches=aucune longueur=0
[2026-04-22 09:38:56] WARN: PDF sans texte après toutes les passes: arrêt pipeline (Unreadable scanned PDF).
[2026-04-22 09:38:56] INFO: [WORKFLOW] stage-automation | stagiaire#5 | reanalyze_cv_ai
[2026-04-22 09:46:53] WARN: pdfjs-dist extraction: The API version "4.4.168" does not match the Worker version "4.5.136".
[2026-04-22 09:46:53] WARN: OCR PDF (canvas): The API version "4.4.168" does not match the Worker version "4.5.136".
[2026-04-22 09:46:53] INFO: pdftoppm: binaire absent ou erreur (spawnSync pdftoppm ENOENT)
[2026-04-22 09:46:53] INFO: CV PDF: couches=aucune longueur=0
[2026-04-22 09:46:53] WARN: PDF sans texte après toutes les passes: arrêt pipeline (Unreadable scanned PDF).
[2026-04-22 09:46:53] INFO: [WORKFLOW] stage-automation | stagiaire#5 | reanalyze_cv_ai
[2026-04-22 09:46:54] WARN: pdfjs-dist extraction: The API version "4.4.168" does not match the Worker version "4.5.136".
[2026-04-22 09:46:54] WARN: OCR PDF (canvas): The API version "4.4.168" does not match the Worker version "4.5.136".
[2026-04-22 09:46:54] INFO: pdftoppm: binaire absent ou erreur (spawnSync pdftoppm ENOENT)
[2026-04-22 09:46:54] INFO: CV PDF: couches=aucune longueur=0
[2026-04-22 09:46:54] WARN: PDF sans texte après toutes les passes: arrêt pipeline (Unreadable scanned PDF).
[2026-04-22 09:46:54] INFO: [WORKFLOW] stage-automation | stagiaire#5 | reanalyze_cv_ai
[2026-04-22 09:46:55] WARN: pdfjs-dist extraction: The API version "4.4.168" does not match the Worker version "4.5.136".
[2026-04-22 09:46:55] WARN: OCR PDF (canvas): The API version "4.4.168" does not match the Worker version "4.5.136".
[2026-04-22 09:46:55] INFO: pdftoppm: binaire absent ou erreur (spawnSync pdftoppm ENOENT)
[2026-04-22 09:46:55] INFO: CV PDF: couches=aucune longueur=0
[2026-04-22 09:46:55] WARN: PDF sans texte après toutes les passes: arrêt pipeline (Unreadable scanned PDF).
[2026-04-22 09:46:55] INFO: [WORKFLOW] stage-automation | stagiaire#5 | reanalyze_cv_ai
[2026-04-22 09:46:55] WARN: pdfjs-dist extraction: The API version "4.4.168" does not match the Worker version "4.5.136".
[2026-04-22 09:46:55] WARN: OCR PDF (canvas): The API version "4.4.168" does not match the Worker version "4.5.136".
[2026-04-22 09:46:55] INFO: pdftoppm: binaire absent ou erreur (spawnSync pdftoppm ENOENT)
[2026-04-22 09:46:55] INFO: CV PDF: couches=aucune longueur=0
[2026-04-22 09:46:55] WARN: PDF sans texte après toutes les passes: arrêt pipeline (Unreadable scanned PDF).
[2026-04-22 09:46:55] INFO: [WORKFLOW] stage-automation | stagiaire#5 | reanalyze_cv_ai
[2026-04-22 09:46:56] WARN: pdfjs-dist extraction: The API version "4.4.168" does not match the Worker version "4.5.136".
[2026-04-22 09:46:56] WARN: OCR PDF (canvas): The API version "4.4.168" does not match the Worker version "4.5.136".
[2026-04-22 09:46:56] INFO: pdftoppm: binaire absent ou erreur (spawnSync pdftoppm ENOENT)
[2026-04-22 09:46:56] INFO: CV PDF: couches=aucune longueur=0
[2026-04-22 09:46:56] WARN: PDF sans texte après toutes les passes: arrêt pipeline (Unreadable scanned PDF).
[2026-04-22 09:46:56] INFO: [WORKFLOW] stage-automation | stagiaire#5 | reanalyze_cv_ai
[2026-04-22 09:46:56] WARN: pdfjs-dist extraction: The API version "4.4.168" does not match the Worker version "4.5.136".
[2026-04-22 09:46:56] WARN: OCR PDF (canvas): The API version "4.4.168" does not match the Worker version "4.5.136".
[2026-04-22 09:46:56] INFO: pdftoppm: binaire absent ou erreur (spawnSync pdftoppm ENOENT)
[2026-04-22 09:46:56] INFO: CV PDF: couches=aucune longueur=0
[2026-04-22 09:46:56] WARN: PDF sans texte après toutes les passes: arrêt pipeline (Unreadable scanned PDF).
[2026-04-22 09:46:56] INFO: [WORKFLOW] stage-automation | stagiaire#5 | reanalyze_cv_ai
[2026-04-22 09:46:56] WARN: pdfjs-dist extraction: The API version "4.4.168" does not match the Worker version "4.5.136".
[2026-04-22 09:46:56] WARN: OCR PDF (canvas): The API version "4.4.168" does not match the Worker version "4.5.136".
[2026-04-22 09:46:56] INFO: pdftoppm: binaire absent ou erreur (spawnSync pdftoppm ENOENT)
[2026-04-22 09:46:56] INFO: CV PDF: couches=aucune longueur=0
[2026-04-22 09:46:56] WARN: PDF sans texte après toutes les passes: arrêt pipeline (Unreadable scanned PDF).
[2026-04-22 09:46:56] INFO: [WORKFLOW] stage-automation | stagiaire#5 | reanalyze_cv_ai
[2026-04-22 09:46:57] WARN: pdfjs-dist extraction: The API version "4.4.168" does not match the Worker version "4.5.136".
[2026-04-22 09:46:57] WARN: OCR PDF (canvas): The API version "4.4.168" does not match the Worker version "4.5.136".
[2026-04-22 09:46:57] INFO: pdftoppm: binaire absent ou erreur (spawnSync pdftoppm ENOENT)
[2026-04-22 09:46:57] INFO: CV PDF: couches=aucune longueur=0
[2026-04-22 09:46:57] WARN: PDF sans texte après toutes les passes: arrêt pipeline (Unreadable scanned PDF).
[2026-04-22 09:46:57] INFO: [WORKFLOW] stage-automation | stagiaire#5 | reanalyze_cv_ai
[2026-04-22 09:46:58] WARN: pdfjs-dist extraction: The API version "4.4.168" does not match the Worker version "4.5.136".
[2026-04-22 09:46:58] WARN: OCR PDF (canvas): The API version "4.4.168" does not match the Worker version "4.5.136".
[2026-04-22 09:46:58] INFO: pdftoppm: binaire absent ou erreur (spawnSync pdftoppm ENOENT)
[2026-04-22 09:46:58] INFO: CV PDF: couches=aucune longueur=0
[2026-04-22 09:46:58] WARN: PDF sans texte après toutes les passes: arrêt pipeline (Unreadable scanned PDF).
[2026-04-22 09:46:58] INFO: [WORKFLOW] stage-automation | stagiaire#5 | reanalyze_cv_ai
[2026-04-22 09:47:05] INFO: 👋 Déconnexion : utilisateur ID 1
[2026-04-22 09:48:35] INFO: 📧 SMTP actif et vérifié : smtp.gmail.com:587 (ademghanmi19@gmail.com)
[2026-04-22 09:48:37] INFO: ✉️ Email envoyé à : cafe24908@gmail.com | Sujet : Code de vérification 15 min — CNI Stages
[2026-04-22 09:48:37] INFO: OTP envoyé à cafe24908@gmail.com (candidature)
[2026-04-22 09:48:49] INFO: CV DOCX: longueur=4227
[2026-04-22 09:48:49] WARN: Gemini: HTTP 429, retry 1/4 dans 1200 ms…
[2026-04-22 09:48:50] WARN: Gemini: HTTP 429, retry 2/4 dans 2400 ms…
[2026-04-22 09:48:53] WARN: Gemini: HTTP 429, retry 3/4 dans 4800 ms…
[2026-04-22 09:48:58] WARN: Gemini texte: HTTP 429 — {
  "error": {
    "code": 429,
    "message": "You exceeded your current quota, please check your plan and billing details. For more information on this error, head to: https://ai.google.dev/gemini-api/docs/rate-limits. To monitor your current usage, head to: https://ai.dev/rate-limit. \n* Quota exceeded for metric: generativelanguage.googleapis.com/generate_content_free_tier_requests, limit: 0, 
[2026-04-22 09:48:58] INFO: 📝 Nouvelle candidature créée : gh ad (#10)
[2026-04-22 09:48:58] INFO: [WORKFLOW] stage-candidature-reception | stagiaire#10 | soumission
[2026-04-22 09:48:59] INFO: ✉️ Email envoyé à : cafe24908@gmail.com | Sujet : ✅ Candidature reçue - CNI Stages
[2026-04-22 09:49:01] INFO: ✉️ Email envoyé à : rh@cni.tn | Sujet : 📋 Nouvelle candidature de stage - gh ad
[2026-04-22 09:49:02] INFO: ✉️ Email envoyé à : manager.dev@cni.tn | Sujet : 📋 Nouvelle candidature pour votre département - gh ad
[2026-04-22 09:49:09] INFO: ✅ Connexion réussie : rh@cni.tn (Direction_RH)
[2026-04-25 14:38:01] ERROR: SequelizeConnectionError: Unknown database 'cni_stages_formations'
    at ConnectionManager.connect (C:\Users\Adem\OneDrive\Bureau\test\backend\node_modules\sequelize\src\dialects\mysql\connection-manager.js:126:17)
    at processTicksAndRejections (node:internal/process/task_queues:95:5)
    at ConnectionManager._connect (C:\Users\Adem\OneDrive\Bureau\test\backend\node_modules\sequelize\src\dialects\abstract\connection-manager.js:332:24)
    at C:\Users\Adem\OneDrive\Bureau\test\backend\node_modules\sequelize\src\dialects\abstract\connection-manager.js:250:32
    at ConnectionManager.getConnection (C:\Users\Adem\OneDrive\Bureau\test\backend\node_modules\sequelize\src\dialects\abstract\connection-manager.js:280:7)
    at C:\Users\Adem\OneDrive\Bureau\test\backend\node_modules\sequelize\src\sequelize.js:638:26
    at Sequelize.authenticate (C:\Users\Adem\OneDrive\Bureau\test\backend\node_modules\sequelize\src\sequelize.js:972:5)
    at connectDB (C:\Users\Adem\OneDrive\Bureau\test\backend\src\config\database.ts:45:5)
    at startServer (C:\Users\Adem\OneDrive\Bureau\test\backend\src\server.ts:132:5)
[2026-04-25 14:38:50] INFO: 📦 Connexion MySQL réussie
[2026-04-25 14:38:54] INFO: 🔄 Tables Sequelize vérifiées (création si absentes ; alter désactivé).
[2026-04-25 14:38:54] INFO: 🌱 Début du seeding...
[2026-04-25 14:38:55] INFO: ✅ 5 départements créés
[2026-04-25 14:38:58] INFO: ✅ 7 employés créés
[2026-04-25 14:38:58] INFO: ✅ 5 formations créées
[2026-04-25 14:38:58] INFO: ✅ 4 stagiaires créés
[2026-04-25 14:38:58] INFO: ✅ Inscriptions créées
[2026-04-25 14:39:15] INFO: 📦 Connexion MySQL réussie
[2026-04-25 14:39:21] INFO: 🔄 Tables Sequelize vérifiées (création si absentes ; alter désactivé).
[2026-04-25 14:39:21] INFO: ✅ Connexion MySQL établie
[2026-04-25 14:39:21] INFO: 🚀 Serveur CNI démarré sur le port 5000
[2026-04-25 14:39:21] INFO: 📡 Environnement : development
[2026-04-25 14:39:21] INFO: 🌐 URL : http://localhost:5000
[2026-04-25 14:39:21] INFO: 📊 API Health : http://localhost:5000/api/health
[2026-04-25 14:39:21] INFO: 💬 Socket.IO : path /socket.io
[2026-04-25 14:40:40] WARN: Token JWT invalide ou expiré
[2026-04-25 14:40:40] WARN: Tentative d'accès avec token invalide depuis ::1
[2026-04-25 14:40:40] WARN: Token JWT invalide ou expiré
[2026-04-25 14:40:40] WARN: Tentative d'accès avec token invalide depuis ::1
[2026-04-25 14:40:40] WARN: Token JWT invalide ou expiré
[2026-04-25 14:40:40] WARN: Tentative d'accès avec token invalide depuis ::1
[2026-04-25 14:41:39] INFO: ✅ Connexion réussie : rh@cni.tn (Direction_RH)
[2026-04-25 14:44:19] INFO: 📄 Attestation générée : uploads/attestations/attestation_2_1777124659570.pdf
[2026-04-25 14:48:01] INFO: 👋 Déconnexion : utilisateur ID 1
[2026-04-25 14:48:12] INFO: ✅ Connexion réussie : manager.dev@cni.tn (Manager)
[2026-04-25 14:50:57] INFO: 👋 Déconnexion : utilisateur ID 2
[2026-04-25 14:51:03] INFO: ✅ Connexion réussie : ahmed@cni.tn (Employe)
[2026-04-25 14:51:19] INFO: 📝 Demande inscription formation #1 par employé #4
[2026-04-25 14:51:19] INFO: [WORKFLOW] formation-demande | inscription#4 | soumise_manager
[2026-04-25 14:51:26] INFO: 📧 SMTP actif et vérifié : smtp.gmail.com:587 (ademghanmi19@gmail.com)
[2026-04-25 14:51:39] INFO: ✉️ Email envoyé à : manager.dev@cni.tn | Sujet : ✅ Validation requise - Demande formation de Ahmed Chaabane
[2026-04-25 14:51:52] WARN: Accès refusé - Utilisateur ahmed@cni.tn (rôle: Employe) a tenté d'accéder à /
[2026-04-25 14:52:18] INFO: 👋 Déconnexion : utilisateur ID 4
[2026-04-25 14:54:53] INFO: ✉️ Email envoyé à : ademghanmifr@gmail.com | Sujet : Code de vérification 15 min — CNI Stages
[2026-04-25 14:54:53] INFO: OTP envoyé à ademghanmifr@gmail.com (candidature)
[2026-04-25 14:55:18] WARN: pdfjs-dist extraction: The API version "4.4.168" does not match the Worker version "4.5.136".
[2026-04-25 14:55:19] WARN: OCR PDF (canvas): The API version "4.4.168" does not match the Worker version "4.5.136".
[2026-04-25 14:55:19] INFO: pdftoppm: binaire absent ou erreur (spawnSync pdftoppm ENOENT)
[2026-04-25 14:55:19] INFO: CV PDF: couches=aucune longueur=0
[2026-04-25 14:55:19] WARN: PDF sans texte après toutes les passes: arrêt pipeline (Unreadable scanned PDF).
[2026-04-25 14:55:19] INFO: 📝 Nouvelle candidature créée : gh adem (#5)
[2026-04-25 14:55:19] INFO: [WORKFLOW] stage-candidature-reception | stagiaire#5 | soumission
[2026-04-25 14:55:23] INFO: ✉️ Email envoyé à : ademghanmifr@gmail.com | Sujet : ✅ Candidature reçue - CNI Stages
[2026-04-25 14:55:28] INFO: ✉️ Email envoyé à : rh@cni.tn | Sujet : 📋 Nouvelle candidature de stage - gh adem
[2026-04-25 14:55:33] INFO: ✉️ Email envoyé à : manager.dev@cni.tn | Sujet : 📋 Nouvelle candidature pour votre département - gh adem
[2026-04-25 14:55:45] INFO: ✅ Connexion réussie : rh@cni.tn (Direction_RH)
[2026-04-25 14:56:07] WARN: pdfjs-dist extraction: The API version "4.4.168" does not match the Worker version "4.5.136".
[2026-04-25 14:56:07] WARN: OCR PDF (canvas): The API version "4.4.168" does not match the Worker version "4.5.136".
[2026-04-25 14:56:07] INFO: pdftoppm: binaire absent ou erreur (spawnSync pdftoppm ENOENT)
[2026-04-25 14:56:07] INFO: CV PDF: couches=aucune longueur=0
[2026-04-25 14:56:07] WARN: PDF sans texte après toutes les passes: arrêt pipeline (Unreadable scanned PDF).
[2026-04-25 14:56:07] INFO: [WORKFLOW] stage-automation | stagiaire#5 | reanalyze_cv_ai
[2026-04-25 14:56:15] WARN: pdfjs-dist extraction: The API version "4.4.168" does not match the Worker version "4.5.136".
[2026-04-25 14:56:15] WARN: OCR PDF (canvas): The API version "4.4.168" does not match the Worker version "4.5.136".
[2026-04-25 14:56:15] INFO: pdftoppm: binaire absent ou erreur (spawnSync pdftoppm ENOENT)
[2026-04-25 14:56:15] INFO: CV PDF: couches=aucune longueur=0
[2026-04-25 14:56:15] WARN: PDF sans texte après toutes les passes: arrêt pipeline (Unreadable scanned PDF).
[2026-04-25 14:56:15] INFO: [WORKFLOW] stage-automation | stagiaire#5 | reanalyze_cv_ai
[2026-04-25 14:56:22] WARN: pdfjs-dist extraction: The API version "4.4.168" does not match the Worker version "4.5.136".
[2026-04-25 14:56:22] WARN: OCR PDF (canvas): The API version "4.4.168" does not match the Worker version "4.5.136".
[2026-04-25 14:56:22] INFO: pdftoppm: binaire absent ou erreur (spawnSync pdftoppm ENOENT)
[2026-04-25 14:56:22] INFO: CV PDF: couches=aucune longueur=0
[2026-04-25 14:56:22] WARN: PDF sans texte après toutes les passes: arrêt pipeline (Unreadable scanned PDF).
[2026-04-25 14:56:22] INFO: [WORKFLOW] stage-automation | stagiaire#5 | reanalyze_cv_ai
[2026-04-25 14:56:23] WARN: pdfjs-dist extraction: The API version "4.4.168" does not match the Worker version "4.5.136".
[2026-04-25 14:56:23] WARN: OCR PDF (canvas): The API version "4.4.168" does not match the Worker version "4.5.136".
[2026-04-25 14:56:23] INFO: pdftoppm: binaire absent ou erreur (spawnSync pdftoppm ENOENT)
[2026-04-25 14:56:23] INFO: CV PDF: couches=aucune longueur=0
[2026-04-25 14:56:23] WARN: PDF sans texte après toutes les passes: arrêt pipeline (Unreadable scanned PDF).
[2026-04-25 14:56:23] INFO: [WORKFLOW] stage-automation | stagiaire#5 | reanalyze_cv_ai
[2026-04-25 14:56:50] WARN: pdfjs-dist extraction: The API version "4.4.168" does not match the Worker version "4.5.136".
[2026-04-25 14:56:50] WARN: OCR PDF (canvas): The API version "4.4.168" does not match the Worker version "4.5.136".
[2026-04-25 14:56:50] INFO: pdftoppm: binaire absent ou erreur (spawnSync pdftoppm ENOENT)
[2026-04-25 14:56:50] INFO: CV PDF: couches=aucune longueur=0
[2026-04-25 14:56:50] WARN: PDF sans texte après toutes les passes: arrêt pipeline (Unreadable scanned PDF).
[2026-04-25 14:56:50] INFO: [WORKFLOW] stage-automation | stagiaire#5 | reanalyze_cv_ai
[2026-04-25 14:56:52] WARN: pdfjs-dist extraction: The API version "4.4.168" does not match the Worker version "4.5.136".
[2026-04-25 14:56:52] WARN: OCR PDF (canvas): The API version "4.4.168" does not match the Worker version "4.5.136".
[2026-04-25 14:56:52] INFO: pdftoppm: binaire absent ou erreur (spawnSync pdftoppm ENOENT)
[2026-04-25 14:56:52] INFO: CV PDF: couches=aucune longueur=0
[2026-04-25 14:56:52] WARN: PDF sans texte après toutes les passes: arrêt pipeline (Unreadable scanned PDF).
[2026-04-25 14:56:52] INFO: [WORKFLOW] stage-automation | stagiaire#5 | reanalyze_cv_ai
[2026-04-25 14:57:03] INFO: [WORKFLOW] stage-validation | stagiaire#5 | valide_rh
[2026-04-25 14:57:08] INFO: ✉️ Email envoyé à : ademghanmifr@gmail.com | Sujet : ✅ Candidature validée par la RH — en attente manager
[2026-04-25 14:57:12] INFO: ✉️ Email envoyé à : manager.dev@cni.tn | Sujet : 🔍 Candidature à valider - gh adem
[2026-04-25 14:57:30] INFO: 📄 Convention générée : uploads/conventions/convention_5_1777125450918.pdf
[2026-04-25 14:57:38] INFO: ✉️ Email envoyé à : ademghanmifr@gmail.com | Sujet : 🎉 Candidature acceptée - Convention de stage CNI
[2026-04-25 14:57:38] INFO: ✅ Stage accepté : gh adem (#5)
[2026-04-25 14:57:38] INFO: [WORKFLOW] stage-validation | stagiaire#5 | valide_manager
[2026-04-25 14:59:27] INFO: 📄 Fiche projet générée : uploads/projets_stage/projet_5_1777125567820.pdf
[2026-04-25 14:59:31] INFO: ✉️ Email envoyé à : ademghanmifr@gmail.com | Sujet : 📌 Votre projet de stage — CNI
[2026-04-25 14:59:31] INFO: [WORKFLOW] stage-automation | stagiaire#5 | assign_project
[2026-04-25 14:59:31] INFO: 📌 Projet assigné stagiaire #5
[2026-04-25 14:59:35] INFO: ✉️ Email envoyé à : ahmed@cni.tn | Sujet : 👨‍🏫 Encadrement projet stagiaire — gh adem
[2026-04-25 15:00:02] WARN: pdfjs-dist extraction: The API version "4.4.168" does not match the Worker version "4.5.136".
[2026-04-25 15:00:02] WARN: OCR PDF (canvas): The API version "4.4.168" does not match the Worker version "4.5.136".
[2026-04-25 15:00:02] INFO: pdftoppm: binaire absent ou erreur (spawnSync pdftoppm ENOENT)
[2026-04-25 15:00:02] INFO: CV PDF: couches=aucune longueur=0
[2026-04-25 15:00:02] WARN: PDF sans texte après toutes les passes: arrêt pipeline (Unreadable scanned PDF).
[2026-04-25 15:00:02] INFO: [WORKFLOW] stage-automation | stagiaire#5 | reanalyze_cv_ai
[2026-04-25 15:00:15] INFO: 👋 Déconnexion : utilisateur ID 1
[2026-04-25 15:00:33] INFO: ✅ Connexion réussie : ahmed@cni.tn (Employe)
[2026-04-25 15:00:40] WARN: Accès refusé - Utilisateur ahmed@cni.tn (rôle: Employe) a tenté d'accéder à /
[2026-04-25 15:00:57] WARN: Accès refusé - Utilisateur ahmed@cni.tn (rôle: Employe) a tenté d'accéder à /
[2026-04-25 15:01:06] WARN: Accès refusé - Utilisateur ahmed@cni.tn (rôle: Employe) a tenté d'accéder à /
[2026-04-25 15:01:24] INFO: 👋 Déconnexion : utilisateur ID 4
[2026-04-25 15:01:30] INFO: ✅ Connexion réussie : rh@cni.tn (Direction_RH)
[2026-04-25 15:02:03] INFO: [WORKFLOW] stage-automation | stagiaire#5 | send_schedule
[2026-04-25 15:02:10] INFO: ✉️ Email envoyé à : ademghanmifr@gmail.com | Sujet : 📅 Planning de votre stage — CNI
[2026-04-25 15:02:22] INFO: ✉️ Email envoyé à : ahmed@cni.tn | Sujet : 📅 Planning envoyé au stagiaire gh adem
[2026-04-25 15:03:14] INFO: 📄 Attestation générée : uploads/attestations/attestation_5_1777125794244.pdf
[2026-04-25 15:03:40] INFO: ✉️ Email envoyé à : ademghanmifr@gmail.com | Sujet : 🎓 Votre attestation de stage — CNI
[2026-04-25 15:03:40] INFO: [WORKFLOW] stage-automation | stagiaire#5 | send_attestation_email
[2026-04-25 15:06:00] INFO: 👋 Déconnexion : utilisateur ID 1
[2026-05-02 12:25:03] INFO: 📦 Connexion MySQL réussie
[2026-05-02 12:26:17] INFO: 📦 Connexion MySQL réussie
[2026-05-02 12:26:22] INFO: 🔄 Tables Sequelize vérifiées (création si absentes ; alter désactivé).
[2026-05-02 12:26:22] INFO: 🌱 Début du seeding...
[2026-05-02 12:26:22] INFO: ✅ 5 départements créés
[2026-05-02 12:26:28] INFO: ✅ 7 employés créés
[2026-05-02 12:26:28] INFO: ✅ 5 formations créées
[2026-05-02 12:26:28] INFO: ✅ 4 stagiaires créés
[2026-05-02 12:26:28] INFO: ✅ Inscriptions créées
[2026-05-02 12:33:03] INFO: 📦 Connexion MySQL réussie
[2026-05-02 12:33:06] INFO: 🔄 Tables Sequelize vérifiées (création si absentes ; alter désactivé).
[2026-05-02 12:33:06] INFO: ✅ Connexion MySQL établie
[2026-05-02 12:33:06] INFO: 🚀 Serveur CNI démarré sur le port 5000
[2026-05-02 12:33:06] INFO: 📡 Environnement : development
[2026-05-02 12:33:06] INFO: 🌐 URL : http://localhost:5000
[2026-05-02 12:33:06] INFO: 📊 API Health : http://localhost:5000/api/health
[2026-05-02 12:33:06] INFO: 💬 Socket.IO : path /socket.io
[2026-05-02 12:34:20] INFO: 📦 Connexion MySQL réussie
[2026-05-02 12:34:23] INFO: 🔄 Tables Sequelize vérifiées (création si absentes ; alter désactivé).
[2026-05-02 12:34:23] INFO: ✅ Connexion MySQL établie
[2026-05-02 12:34:23] INFO: 🚀 Serveur CNI démarré sur le port 5000
[2026-05-02 12:34:23] INFO: 📡 Environnement : development
[2026-05-02 12:34:23] INFO: 🌐 URL : http://localhost:5000
[2026-05-02 12:34:23] INFO: 📊 API Health : http://localhost:5000/api/health
[2026-05-02 12:34:23] INFO: 💬 Socket.IO : path /socket.io
[2026-05-11 17:19:35] ERROR: SequelizeConnectionRefusedError: 
    at ConnectionManager.connect (C:\Users\HP\OneDrive\Desktop\cni-main\cni-main\backend\node_modules\sequelize\src\dialects\mysql\connection-manager.js:116:17)
    at processTicksAndRejections (node:internal/process/task_queues:103:5)
    at ConnectionManager._connect (C:\Users\HP\OneDrive\Desktop\cni-main\cni-main\backend\node_modules\sequelize\src\dialects\abstract\connection-manager.js:332:24)
    at C:\Users\HP\OneDrive\Desktop\cni-main\cni-main\backend\node_modules\sequelize\src\dialects\abstract\connection-manager.js:250:32
    at ConnectionManager.getConnection (C:\Users\HP\OneDrive\Desktop\cni-main\cni-main\backend\node_modules\sequelize\src\dialects\abstract\connection-manager.js:280:7)
    at C:\Users\HP\OneDrive\Desktop\cni-main\cni-main\backend\node_modules\sequelize\src\sequelize.js:638:26
    at Sequelize.authenticate (C:\Users\HP\OneDrive\Desktop\cni-main\cni-main\backend\node_modules\sequelize\src\sequelize.js:972:5)
    at connectDB (C:\Users\HP\OneDrive\Desktop\cni-main\cni-main\backend\src\config\database.ts:45:5)
    at startServer (C:\Users\HP\OneDrive\Desktop\cni-main\cni-main\backend\src\server.ts:132:5)
[2026-05-11 17:25:26] INFO: 📦 Connexion MySQL réussie
[2026-05-11 17:25:30] INFO: 🔄 Tables Sequelize vérifiées (création si absentes ; alter désactivé).
[2026-05-11 17:25:30] INFO: ✅ Connexion MySQL établie
[2026-05-11 17:25:30] INFO: 🚀 Serveur CNI démarré sur le port 5000
[2026-05-11 17:25:30] INFO: 📡 Environnement : development
[2026-05-11 17:25:30] INFO: 🌐 URL : http://localhost:5000
[2026-05-11 17:25:30] INFO: 📊 API Health : http://localhost:5000/api/health
[2026-05-11 17:25:30] INFO: 💬 Socket.IO : path /socket.io
[2026-05-11 17:30:30] INFO: 📧 SMTP actif et vérifié : smtp.gmail.com:587 (ademghanmi19@gmail.com)
[2026-05-11 17:30:33] INFO: ✉️ Email envoyé à : azer.mattoussi2@gmail.com | Sujet : Code de vérification 15 min — CNI Stages
[2026-05-11 17:30:33] INFO: OTP envoyé à azer.mattoussi2@gmail.com (register)
[2026-05-11 17:31:41] INFO: ✉️ Email envoyé à : azer.mattoussi2@gmail.com | Sujet : Code de vérification 15 min — CNI Stages
[2026-05-11 17:31:41] INFO: OTP envoyé à azer.mattoussi2@gmail.com (register)
[2026-05-11 17:32:14] INFO: ✉️ Email envoyé à : azer.mattoussi2@gmail.com | Sujet : Code de vérification 15 min — CNI Stages
[2026-05-11 17:32:14] INFO: OTP envoyé à azer.mattoussi2@gmail.com (register)
[2026-05-11 17:35:27] INFO: ✅ Connexion réussie : ahmed@cni.tn (Employe)
[2026-05-11 17:37:27] WARN: Tentative d'accès avec token invalide depuis ::1
[2026-05-11 17:37:27] WARN: Tentative d'accès avec token invalide depuis ::1
[2026-05-11 17:37:27] ERROR: SequelizeConnectionRefusedError: 
    at ConnectionManager.connect (C:\Users\HP\OneDrive\Desktop\cni-main\cni-main\backend\node_modules\sequelize\src\dialects\mysql\connection-manager.js:116:17)
    at processTicksAndRejections (node:internal/process/task_queues:103:5)
    at ConnectionManager._connect (C:\Users\HP\OneDrive\Desktop\cni-main\cni-main\backend\node_modules\sequelize\src\dialects\abstract\connection-manager.js:332:24)
[2026-05-11 17:37:27] ERROR: SequelizeConnectionRefusedError: 
    at ConnectionManager.connect (C:\Users\HP\OneDrive\Desktop\cni-main\cni-main\backend\node_modules\sequelize\src\dialects\mysql\connection-manager.js:116:17)
    at processTicksAndRejections (node:internal/process/task_queues:103:5)
    at ConnectionManager._connect (C:\Users\HP\OneDrive\Desktop\cni-main\cni-main\backend\node_modules\sequelize\src\dialects\abstract\connection-manager.js:332:24)
[2026-05-11 17:41:50] ERROR: SequelizeConnectionRefusedError: 
    at ConnectionManager.connect (C:\Users\HP\OneDrive\Desktop\cni-main\cni-main\backend\node_modules\sequelize\src\dialects\mysql\connection-manager.js:116:17)
    at processTicksAndRejections (node:internal/process/task_queues:103:5)
    at ConnectionManager._connect (C:\Users\HP\OneDrive\Desktop\cni-main\cni-main\backend\node_modules\sequelize\src\dialects\abstract\connection-manager.js:332:24)
[2026-05-11 17:44:53] ERROR: SequelizeConnectionRefusedError: 
    at ConnectionManager.connect (C:\Users\HP\OneDrive\Desktop\cni-main\cni-main\backend\node_modules\sequelize\src\dialects\mysql\connection-manager.js:116:17)
    at processTicksAndRejections (node:internal/process/task_queues:103:5)
    at ConnectionManager._connect (C:\Users\HP\OneDrive\Desktop\cni-main\cni-main\backend\node_modules\sequelize\src\dialects\abstract\connection-manager.js:332:24)
[2026-05-11 17:44:58] ERROR: SequelizeConnectionRefusedError: 
    at ConnectionManager.connect (C:\Users\HP\OneDrive\Desktop\cni-main\cni-main\backend\node_modules\sequelize\src\dialects\mysql\connection-manager.js:116:17)
    at processTicksAndRejections (node:internal/process/task_queues:103:5)
    at ConnectionManager._connect (C:\Users\HP\OneDrive\Desktop\cni-main\cni-main\backend\node_modules\sequelize\src\dialects\abstract\connection-manager.js:332:24)
[2026-05-11 17:45:09] ERROR: SequelizeConnectionRefusedError: 
    at ConnectionManager.connect (C:\Users\HP\OneDrive\Desktop\cni-main\cni-main\backend\node_modules\sequelize\src\dialects\mysql\connection-manager.js:116:17)
    at processTicksAndRejections (node:internal/process/task_queues:103:5)
    at ConnectionManager._connect (C:\Users\HP\OneDrive\Desktop\cni-main\cni-main\backend\node_modules\sequelize\src\dialects\abstract\connection-manager.js:332:24)
[2026-05-11 17:58:50] ERROR: SequelizeConnectionRefusedError: 
    at ConnectionManager.connect (C:\Users\HP\OneDrive\Desktop\cni-main\cni-main\backend\node_modules\sequelize\src\dialects\mysql\connection-manager.js:116:17)
    at processTicksAndRejections (node:internal/process/task_queues:103:5)
    at ConnectionManager._connect (C:\Users\HP\OneDrive\Desktop\cni-main\cni-main\backend\node_modules\sequelize\src\dialects\abstract\connection-manager.js:332:24)
[2026-05-11 17:58:58] ERROR: SequelizeConnectionRefusedError: 
    at ConnectionManager.connect (C:\Users\HP\OneDrive\Desktop\cni-main\cni-main\backend\node_modules\sequelize\src\dialects\mysql\connection-manager.js:116:17)
    at processTicksAndRejections (node:internal/process/task_queues:103:5)
    at ConnectionManager._connect (C:\Users\HP\OneDrive\Desktop\cni-main\cni-main\backend\node_modules\sequelize\src\dialects\abstract\connection-manager.js:332:24)
[2026-05-11 18:00:15] ERROR: SequelizeConnectionRefusedError: 
    at ConnectionManager.connect (C:\Users\HP\OneDrive\Desktop\cni-main\cni-main\backend\node_modules\sequelize\src\dialects\mysql\connection-manager.js:116:17)
    at processTicksAndRejections (node:internal/process/task_queues:103:5)
    at ConnectionManager._connect (C:\Users\HP\OneDrive\Desktop\cni-main\cni-main\backend\node_modules\sequelize\src\dialects\abstract\connection-manager.js:332:24)
    at C:\Users\HP\OneDrive\Desktop\cni-main\cni-main\backend\node_modules\sequelize\src\dialects\abstract\connection-manager.js:250:32
    at ConnectionManager.getConnection (C:\Users\HP\OneDrive\Desktop\cni-main\cni-main\backend\node_modules\sequelize\src\dialects\abstract\connection-manager.js:280:7)
    at C:\Users\HP\OneDrive\Desktop\cni-main\cni-main\backend\node_modules\sequelize\src\sequelize.js:638:26
    at Sequelize.authenticate (C:\Users\HP\OneDrive\Desktop\cni-main\cni-main\backend\node_modules\sequelize\src\sequelize.js:972:5)
    at connectDB (C:\Users\HP\OneDrive\Desktop\cni-main\cni-main\backend\src\config\database.ts:45:5)
    at startServer (C:\Users\HP\OneDrive\Desktop\cni-main\cni-main\backend\src\server.ts:132:5)
[2026-05-11 18:07:22] INFO: 📦 Connexion MySQL réussie
[2026-05-11 18:07:27] INFO: 🔄 Tables Sequelize vérifiées (création si absentes ; alter désactivé).
[2026-05-11 18:07:27] INFO: ✅ Connexion MySQL établie
[2026-05-11 18:07:27] INFO: 🚀 Serveur CNI démarré sur le port 5000
[2026-05-11 18:07:27] INFO: 📡 Environnement : development
[2026-05-11 18:07:27] INFO: 🌐 URL : http://localhost:5000
[2026-05-11 18:07:27] INFO: 📊 API Health : http://localhost:5000/api/health
[2026-05-11 18:07:27] INFO: 💬 Socket.IO : path /socket.io
[2026-05-11 18:09:25] INFO: ✅ Connexion réussie : rh@cni.tn (Direction_RH)
[2026-05-11 18:11:07] WARN: ⚠️ Alerte budget 60% - Département Infrastructure & Réseaux
[2026-05-11 18:11:07] WARN: ⚠️ Alerte budget 80% - Département Infrastructure & Réseaux
[2026-05-11 18:11:07] WARN: ⚠️ Alerte budget 60% - Département Cybersécurité
[2026-05-11 18:11:07] WARN: ⚠️ Alerte budget 80% - Département Cybersécurité
[2026-05-11 18:11:07] WARN: ⚠️ Alerte budget 90% - Département Cybersécurité
[2026-05-11 18:11:07] INFO: ✅ Inscription validée RH : employé #6 → formation #3
[2026-05-11 18:11:07] INFO: [WORKFLOW] formation-inscription | inscription#3 | valide_rh
[2026-05-11 18:11:08] ERROR: Error: Invalid login: 535-5.7.8 Username and Password not accepted. For more information, go to
535 5.7.8  https://support.google.com/mail/?p=BadCredentials ffacd0b85a97d-4548ec6be40sm27826725f8f.12 - gsmtp
    at SMTPConnection._formatError (C:\Users\HP\OneDrive\Desktop\cni-main\cni-main\backend\node_modules\nodemailer\lib\smtp-connection\index.js:809:19)
    at SMTPConnection._actionAUTHComplete (C:\Users\HP\OneDrive\Desktop\cni-main\cni-main\backend\node_modules\nodemailer\lib\smtp-connection\index.js:1588:34)
    at SMTPConnection.<anonymous> (C:\Users\HP\OneDrive\Desktop\cni-main\cni-main\backend\node_modules\nodemailer\lib\smtp-connection\index.js:556:26)
    at SMTPConnection._processResponse (C:\Users\HP\OneDrive\Desktop\cni-main\cni-main\backend\node_modules\nodemailer\lib\smtp-connection\index.js:993:20)
    at SMTPConnection._onData (C:\Users\HP\OneDrive\Desktop\cni-main\cni-main\backend\node_modules\nodemailer\lib\smtp-connection\index.js:774:14)
    at TLSSocket.SMTPConnection._onSocketData (C:\Users\HP\OneDrive\Desktop\cni-main\cni-main\backend\node_modules\nodemailer\lib\smtp-connection\index.js:195:44)
    at TLSSocket.emit (node:events:508:28)
    at addChunk (node:internal/streams/readable:559:12)
    at readableAddChunkPushByteMode (node:internal/streams/readable:510:3)
    at TLSSocket.Readable.push (node:internal/streams/readable:390:5)
[2026-05-11 18:11:09] ERROR: Error: Invalid login: 535-5.7.8 Username and Password not accepted. For more information, go to
535 5.7.8  https://support.google.com/mail/?p=BadCredentials 5b1f17b1804b1-48e7040a8f1sm182442005e9.11 - gsmtp
    at SMTPConnection._formatError (C:\Users\HP\OneDrive\Desktop\cni-main\cni-main\backend\node_modules\nodemailer\lib\smtp-connection\index.js:809:19)
    at SMTPConnection._actionAUTHComplete (C:\Users\HP\OneDrive\Desktop\cni-main\cni-main\backend\node_modules\nodemailer\lib\smtp-connection\index.js:1588:34)
    at SMTPConnection.<anonymous> (C:\Users\HP\OneDrive\Desktop\cni-main\cni-main\backend\node_modules\nodemailer\lib\smtp-connection\index.js:556:26)
    at SMTPConnection._processResponse (C:\Users\HP\OneDrive\Desktop\cni-main\cni-main\backend\node_modules\nodemailer\lib\smtp-connection\index.js:993:20)
    at SMTPConnection._onData (C:\Users\HP\OneDrive\Desktop\cni-main\cni-main\backend\node_modules\nodemailer\lib\smtp-connection\index.js:774:14)
    at TLSSocket.SMTPConnection._onSocketData (C:\Users\HP\OneDrive\Desktop\cni-main\cni-main\backend\node_modules\nodemailer\lib\smtp-connection\index.js:195:44)
    at TLSSocket.emit (node:events:508:28)
    at addChunk (node:internal/streams/readable:559:12)
    at readableAddChunkPushByteMode (node:internal/streams/readable:510:3)
    at TLSSocket.Readable.push (node:internal/streams/readable:390:5)
[2026-05-11 18:11:10] ERROR: Error: Invalid login: 535-5.7.8 Username and Password not accepted. For more information, go to
535 5.7.8  https://support.google.com/mail/?p=BadCredentials ffacd0b85a97d-4549120f1f9sm26722978f8f.24 - gsmtp
    at SMTPConnection._formatError (C:\Users\HP\OneDrive\Desktop\cni-main\cni-main\backend\node_modules\nodemailer\lib\smtp-connection\index.js:809:19)
    at SMTPConnection._actionAUTHComplete (C:\Users\HP\OneDrive\Desktop\cni-main\cni-main\backend\node_modules\nodemailer\lib\smtp-connection\index.js:1588:34)
    at SMTPConnection.<anonymous> (C:\Users\HP\OneDrive\Desktop\cni-main\cni-main\backend\node_modules\nodemailer\lib\smtp-connection\index.js:556:26)
    at SMTPConnection._processResponse (C:\Users\HP\OneDrive\Desktop\cni-main\cni-main\backend\node_modules\nodemailer\lib\smtp-connection\index.js:993:20)
    at SMTPConnection._onData (C:\Users\HP\OneDrive\Desktop\cni-main\cni-main\backend\node_modules\nodemailer\lib\smtp-connection\index.js:774:14)
    at TLSSocket.SMTPConnection._onSocketData (C:\Users\HP\OneDrive\Desktop\cni-main\cni-main\backend\node_modules\nodemailer\lib\smtp-connection\index.js:195:44)
    at TLSSocket.emit (node:events:508:28)
    at addChunk (node:internal/streams/readable:559:12)
    at readableAddChunkPushByteMode (node:internal/streams/readable:510:3)
    at TLSSocket.Readable.push (node:internal/streams/readable:390:5)
[2026-05-11 18:11:11] ERROR: Error: Invalid login: 535-5.7.8 Username and Password not accepted. For more information, go to
535 5.7.8  https://support.google.com/mail/?p=BadCredentials 5b1f17b1804b1-48e6d8d6963sm65767195e9.4 - gsmtp
    at SMTPConnection._formatError (C:\Users\HP\OneDrive\Desktop\cni-main\cni-main\backend\node_modules\nodemailer\lib\smtp-connection\index.js:809:19)
    at SMTPConnection._actionAUTHComplete (C:\Users\HP\OneDrive\Desktop\cni-main\cni-main\backend\node_modules\nodemailer\lib\smtp-connection\index.js:1588:34)
    at SMTPConnection.<anonymous> (C:\Users\HP\OneDrive\Desktop\cni-main\cni-main\backend\node_modules\nodemailer\lib\smtp-connection\index.js:556:26)
    at SMTPConnection._processResponse (C:\Users\HP\OneDrive\Desktop\cni-main\cni-main\backend\node_modules\nodemailer\lib\smtp-connection\index.js:993:20)
    at SMTPConnection._onData (C:\Users\HP\OneDrive\Desktop\cni-main\cni-main\backend\node_modules\nodemailer\lib\smtp-connection\index.js:774:14)
    at TLSSocket.SMTPConnection._onSocketData (C:\Users\HP\OneDrive\Desktop\cni-main\cni-main\backend\node_modules\nodemailer\lib\smtp-connection\index.js:195:44)
    at TLSSocket.emit (node:events:508:28)
    at addChunk (node:internal/streams/readable:559:12)
    at readableAddChunkPushByteMode (node:internal/streams/readable:510:3)
    at TLSSocket.Readable.push (node:internal/streams/readable:390:5)
[2026-05-11 18:11:12] ERROR: Error: Invalid login: 535-5.7.8 Username and Password not accepted. For more information, go to
535 5.7.8  https://support.google.com/mail/?p=BadCredentials 5b1f17b1804b1-48e6d8e4f0dsm67023645e9.11 - gsmtp
    at SMTPConnection._formatError (C:\Users\HP\OneDrive\Desktop\cni-main\cni-main\backend\node_modules\nodemailer\lib\smtp-connection\index.js:809:19)
    at SMTPConnection._actionAUTHComplete (C:\Users\HP\OneDrive\Desktop\cni-main\cni-main\backend\node_modules\nodemailer\lib\smtp-connection\index.js:1588:34)
    at SMTPConnection.<anonymous> (C:\Users\HP\OneDrive\Desktop\cni-main\cni-main\backend\node_modules\nodemailer\lib\smtp-connection\index.js:556:26)
    at SMTPConnection._processResponse (C:\Users\HP\OneDrive\Desktop\cni-main\cni-main\backend\node_modules\nodemailer\lib\smtp-connection\index.js:993:20)
    at SMTPConnection._onData (C:\Users\HP\OneDrive\Desktop\cni-main\cni-main\backend\node_modules\nodemailer\lib\smtp-connection\index.js:774:14)
    at TLSSocket.SMTPConnection._onSocketData (C:\Users\HP\OneDrive\Desktop\cni-main\cni-main\backend\node_modules\nodemailer\lib\smtp-connection\index.js:195:44)
    at TLSSocket.emit (node:events:508:28)
    at addChunk (node:internal/streams/readable:559:12)
    at readableAddChunkPushByteMode (node:internal/streams/readable:510:3)
    at TLSSocket.Readable.push (node:internal/streams/readable:390:5)
[2026-05-11 18:11:12] ERROR: Error: Invalid login: 535-5.7.8 Username and Password not accepted. For more information, go to
535 5.7.8  https://support.google.com/mail/?p=BadCredentials 5b1f17b1804b1-48e6fffb9bdsm181410485e9.1 - gsmtp
    at SMTPConnection._formatError (C:\Users\HP\OneDrive\Desktop\cni-main\cni-main\backend\node_modules\nodemailer\lib\smtp-connection\index.js:809:19)
    at SMTPConnection._actionAUTHComplete (C:\Users\HP\OneDrive\Desktop\cni-main\cni-main\backend\node_modules\nodemailer\lib\smtp-connection\index.js:1588:34)
    at SMTPConnection.<anonymous> (C:\Users\HP\OneDrive\Desktop\cni-main\cni-main\backend\node_modules\nodemailer\lib\smtp-connection\index.js:556:26)
    at SMTPConnection._processResponse (C:\Users\HP\OneDrive\Desktop\cni-main\cni-main\backend\node_modules\nodemailer\lib\smtp-connection\index.js:993:20)
    at SMTPConnection._onData (C:\Users\HP\OneDrive\Desktop\cni-main\cni-main\backend\node_modules\nodemailer\lib\smtp-connection\index.js:774:14)
    at TLSSocket.SMTPConnection._onSocketData (C:\Users\HP\OneDrive\Desktop\cni-main\cni-main\backend\node_modules\nodemailer\lib\smtp-connection\index.js:195:44)
    at TLSSocket.emit (node:events:508:28)
    at addChunk (node:internal/streams/readable:559:12)
    at readableAddChunkPushByteMode (node:internal/streams/readable:510:3)
    at TLSSocket.Readable.push (node:internal/streams/readable:390:5)
[2026-05-11 18:11:13] ERROR: Error: Invalid login: 535-5.7.8 Username and Password not accepted. For more information, go to
535 5.7.8  https://support.google.com/mail/?p=BadCredentials ffacd0b85a97d-45491f8d4c3sm25973078f8f.34 - gsmtp
    at SMTPConnection._formatError (C:\Users\HP\OneDrive\Desktop\cni-main\cni-main\backend\node_modules\nodemailer\lib\smtp-connection\index.js:809:19)
    at SMTPConnection._actionAUTHComplete (C:\Users\HP\OneDrive\Desktop\cni-main\cni-main\backend\node_modules\nodemailer\lib\smtp-connection\index.js:1588:34)
    at SMTPConnection.<anonymous> (C:\Users\HP\OneDrive\Desktop\cni-main\cni-main\backend\node_modules\nodemailer\lib\smtp-connection\index.js:556:26)
    at SMTPConnection._processResponse (C:\Users\HP\OneDrive\Desktop\cni-main\cni-main\backend\node_modules\nodemailer\lib\smtp-connection\index.js:993:20)
    at SMTPConnection._onData (C:\Users\HP\OneDrive\Desktop\cni-main\cni-main\backend\node_modules\nodemailer\lib\smtp-connection\index.js:774:14)
    at TLSSocket.SMTPConnection._onSocketData (C:\Users\HP\OneDrive\Desktop\cni-main\cni-main\backend\node_modules\nodemailer\lib\smtp-connection\index.js:195:44)
    at TLSSocket.emit (node:events:508:28)
    at addChunk (node:internal/streams/readable:559:12)
    at readableAddChunkPushByteMode (node:internal/streams/readable:510:3)
    at TLSSocket.Readable.push (node:internal/streams/readable:390:5)
[2026-05-11 18:11:14] ERROR: Error: Invalid login: 535-5.7.8 Username and Password not accepted. For more information, go to
535 5.7.8  https://support.google.com/mail/?p=BadCredentials 5b1f17b1804b1-48e6db1413csm66046455e9.29 - gsmtp
    at SMTPConnection._formatError (C:\Users\HP\OneDrive\Desktop\cni-main\cni-main\backend\node_modules\nodemailer\lib\smtp-connection\index.js:809:19)
    at SMTPConnection._actionAUTHComplete (C:\Users\HP\OneDrive\Desktop\cni-main\cni-main\backend\node_modules\nodemailer\lib\smtp-connection\index.js:1588:34)
    at SMTPConnection.<anonymous> (C:\Users\HP\OneDrive\Desktop\cni-main\cni-main\backend\node_modules\nodemailer\lib\smtp-connection\index.js:556:26)
    at SMTPConnection._processResponse (C:\Users\HP\OneDrive\Desktop\cni-main\cni-main\backend\node_modules\nodemailer\lib\smtp-connection\index.js:993:20)
    at SMTPConnection._onData (C:\Users\HP\OneDrive\Desktop\cni-main\cni-main\backend\node_modules\nodemailer\lib\smtp-connection\index.js:774:14)
    at TLSSocket.SMTPConnection._onSocketData (C:\Users\HP\OneDrive\Desktop\cni-main\cni-main\backend\node_modules\nodemailer\lib\smtp-connection\index.js:195:44)
    at TLSSocket.emit (node:events:508:28)
    at addChunk (node:internal/streams/readable:559:12)
    at readableAddChunkPushByteMode (node:internal/streams/readable:510:3)
    at TLSSocket.Readable.push (node:internal/streams/readable:390:5)
[2026-05-11 18:13:03] INFO: 👋 Déconnexion : utilisateur ID 1
[2026-05-11 18:13:25] INFO: ✅ Connexion réussie : manager.dev@cni.tn (Manager)
[2026-05-11 18:14:26] INFO: 👋 Déconnexion : utilisateur ID 2
[2026-05-11 18:14:35] INFO: ✅ Connexion réussie : ahmed@cni.tn (Employe)
[2026-05-11 18:15:17] INFO: 👋 Déconnexion : utilisateur ID 4
[2026-05-11 18:17:30] ERROR: Error: Invalid login: 535-5.7.8 Username and Password not accepted. For more information, go to
535 5.7.8  https://support.google.com/mail/?p=BadCredentials 5b1f17b1804b1-48e6fffba5fsm187287355e9.2 - gsmtp
    at SMTPConnection._formatError (C:\Users\HP\OneDrive\Desktop\cni-main\cni-main\backend\node_modules\nodemailer\lib\smtp-connection\index.js:809:19)
    at SMTPConnection._actionAUTHComplete (C:\Users\HP\OneDrive\Desktop\cni-main\cni-main\backend\node_modules\nodemailer\lib\smtp-connection\index.js:1588:34)
    at SMTPConnection.<anonymous> (C:\Users\HP\OneDrive\Desktop\cni-main\cni-main\backend\node_modules\nodemailer\lib\smtp-connection\index.js:556:26)
    at SMTPConnection._processResponse (C:\Users\HP\OneDrive\Desktop\cni-main\cni-main\backend\node_modules\nodemailer\lib\smtp-connection\index.js:993:20)
    at SMTPConnection._onData (C:\Users\HP\OneDrive\Desktop\cni-main\cni-main\backend\node_modules\nodemailer\lib\smtp-connection\index.js:774:14)
    at TLSSocket.SMTPConnection._onSocketData (C:\Users\HP\OneDrive\Desktop\cni-main\cni-main\backend\node_modules\nodemailer\lib\smtp-connection\index.js:195:44)
    at TLSSocket.emit (node:events:508:28)
    at addChunk (node:internal/streams/readable:559:12)
    at readableAddChunkPushByteMode (node:internal/streams/readable:510:3)
    at TLSSocket.Readable.push (node:internal/streams/readable:390:5)
[2026-05-11 18:17:30] ERROR: Error: Invalid login: 535-5.7.8 Username and Password not accepted. For more information, go to
535 5.7.8  https://support.google.com/mail/?p=BadCredentials 5b1f17b1804b1-48e6fffba5fsm187287355e9.2 - gsmtp
    at SMTPConnection._formatError (C:\Users\HP\OneDrive\Desktop\cni-main\cni-main\backend\node_modules\nodemailer\lib\smtp-connection\index.js:809:19)
    at SMTPConnection._actionAUTHComplete (C:\Users\HP\OneDrive\Desktop\cni-main\cni-main\backend\node_modules\nodemailer\lib\smtp-connection\index.js:1588:34)
    at SMTPConnection.<anonymous> (C:\Users\HP\OneDrive\Desktop\cni-main\cni-main\backend\node_modules\nodemailer\lib\smtp-connection\index.js:556:26)
    at SMTPConnection._processResponse (C:\Users\HP\OneDrive\Desktop\cni-main\cni-main\backend\node_modules\nodemailer\lib\smtp-connection\index.js:993:20)
    at SMTPConnection._onData (C:\Users\HP\OneDrive\Desktop\cni-main\cni-main\backend\node_modules\nodemailer\lib\smtp-connection\index.js:774:14)
    at TLSSocket.SMTPConnection._onSocketData (C:\Users\HP\OneDrive\Desktop\cni-main\cni-main\backend\node_modules\nodemailer\lib\smtp-connection\index.js:195:44)
    at TLSSocket.emit (node:events:508:28)
    at addChunk (node:internal/streams/readable:559:12)
    at readableAddChunkPushByteMode (node:internal/streams/readable:510:3)
    at TLSSocket.Readable.push (node:internal/streams/readable:390:5)
[2026-05-11 18:17:39] ERROR: Error: Invalid login: 535-5.7.8 Username and Password not accepted. For more information, go to
535 5.7.8  https://support.google.com/mail/?p=BadCredentials 5b1f17b1804b1-48e702ec599sm177167045e9.11 - gsmtp
    at SMTPConnection._formatError (C:\Users\HP\OneDrive\Desktop\cni-main\cni-main\backend\node_modules\nodemailer\lib\smtp-connection\index.js:809:19)
    at SMTPConnection._actionAUTHComplete (C:\Users\HP\OneDrive\Desktop\cni-main\cni-main\backend\node_modules\nodemailer\lib\smtp-connection\index.js:1588:34)
    at SMTPConnection.<anonymous> (C:\Users\HP\OneDrive\Desktop\cni-main\cni-main\backend\node_modules\nodemailer\lib\smtp-connection\index.js:556:26)
    at SMTPConnection._processResponse (C:\Users\HP\OneDrive\Desktop\cni-main\cni-main\backend\node_modules\nodemailer\lib\smtp-connection\index.js:993:20)
    at SMTPConnection._onData (C:\Users\HP\OneDrive\Desktop\cni-main\cni-main\backend\node_modules\nodemailer\lib\smtp-connection\index.js:774:14)
    at TLSSocket.SMTPConnection._onSocketData (C:\Users\HP\OneDrive\Desktop\cni-main\cni-main\backend\node_modules\nodemailer\lib\smtp-connection\index.js:195:44)
    at TLSSocket.emit (node:events:508:28)
    at addChunk (node:internal/streams/readable:559:12)
    at readableAddChunkPushByteMode (node:internal/streams/readable:510:3)
    at TLSSocket.Readable.push (node:internal/streams/readable:390:5)
[2026-05-11 18:17:39] ERROR: Error: Invalid login: 535-5.7.8 Username and Password not accepted. For more information, go to
535 5.7.8  https://support.google.com/mail/?p=BadCredentials 5b1f17b1804b1-48e702ec599sm177167045e9.11 - gsmtp
    at SMTPConnection._formatError (C:\Users\HP\OneDrive\Desktop\cni-main\cni-main\backend\node_modules\nodemailer\lib\smtp-connection\index.js:809:19)
    at SMTPConnection._actionAUTHComplete (C:\Users\HP\OneDrive\Desktop\cni-main\cni-main\backend\node_modules\nodemailer\lib\smtp-connection\index.js:1588:34)
    at SMTPConnection.<anonymous> (C:\Users\HP\OneDrive\Desktop\cni-main\cni-main\backend\node_modules\nodemailer\lib\smtp-connection\index.js:556:26)
    at SMTPConnection._processResponse (C:\Users\HP\OneDrive\Desktop\cni-main\cni-main\backend\node_modules\nodemailer\lib\smtp-connection\index.js:993:20)
    at SMTPConnection._onData (C:\Users\HP\OneDrive\Desktop\cni-main\cni-main\backend\node_modules\nodemailer\lib\smtp-connection\index.js:774:14)
    at TLSSocket.SMTPConnection._onSocketData (C:\Users\HP\OneDrive\Desktop\cni-main\cni-main\backend\node_modules\nodemailer\lib\smtp-connection\index.js:195:44)
    at TLSSocket.emit (node:events:508:28)
    at addChunk (node:internal/streams/readable:559:12)
    at readableAddChunkPushByteMode (node:internal/streams/readable:510:3)
    at TLSSocket.Readable.push (node:internal/streams/readable:390:5)
[2026-05-11 18:20:39] ERROR: Error: Invalid login: 535-5.7.8 Username and Password not accepted. For more information, go to
535 5.7.8  https://support.google.com/mail/?p=BadCredentials ffacd0b85a97d-4548eb75c29sm26087373f8f.9 - gsmtp
    at SMTPConnection._formatError (C:\Users\HP\OneDrive\Desktop\cni-main\cni-main\backend\node_modules\nodemailer\lib\smtp-connection\index.js:809:19)
    at SMTPConnection._actionAUTHComplete (C:\Users\HP\OneDrive\Desktop\cni-main\cni-main\backend\node_modules\nodemailer\lib\smtp-connection\index.js:1588:34)
    at SMTPConnection.<anonymous> (C:\Users\HP\OneDrive\Desktop\cni-main\cni-main\backend\node_modules\nodemailer\lib\smtp-connection\index.js:556:26)
    at SMTPConnection._processResponse (C:\Users\HP\OneDrive\Desktop\cni-main\cni-main\backend\node_modules\nodemailer\lib\smtp-connection\index.js:993:20)
    at SMTPConnection._onData (C:\Users\HP\OneDrive\Desktop\cni-main\cni-main\backend\node_modules\nodemailer\lib\smtp-connection\index.js:774:14)
    at TLSSocket.SMTPConnection._onSocketData (C:\Users\HP\OneDrive\Desktop\cni-main\cni-main\backend\node_modules\nodemailer\lib\smtp-connection\index.js:195:44)
    at TLSSocket.emit (node:events:508:28)
    at addChunk (node:internal/streams/readable:559:12)
    at readableAddChunkPushByteMode (node:internal/streams/readable:510:3)
    at TLSSocket.Readable.push (node:internal/streams/readable:390:5)
[2026-05-11 18:20:39] ERROR: Error: Invalid login: 535-5.7.8 Username and Password not accepted. For more information, go to
535 5.7.8  https://support.google.com/mail/?p=BadCredentials ffacd0b85a97d-4548eb75c29sm26087373f8f.9 - gsmtp
    at SMTPConnection._formatError (C:\Users\HP\OneDrive\Desktop\cni-main\cni-main\backend\node_modules\nodemailer\lib\smtp-connection\index.js:809:19)
    at SMTPConnection._actionAUTHComplete (C:\Users\HP\OneDrive\Desktop\cni-main\cni-main\backend\node_modules\nodemailer\lib\smtp-connection\index.js:1588:34)
    at SMTPConnection.<anonymous> (C:\Users\HP\OneDrive\Desktop\cni-main\cni-main\backend\node_modules\nodemailer\lib\smtp-connection\index.js:556:26)
    at SMTPConnection._processResponse (C:\Users\HP\OneDrive\Desktop\cni-main\cni-main\backend\node_modules\nodemailer\lib\smtp-connection\index.js:993:20)
    at SMTPConnection._onData (C:\Users\HP\OneDrive\Desktop\cni-main\cni-main\backend\node_modules\nodemailer\lib\smtp-connection\index.js:774:14)
    at TLSSocket.SMTPConnection._onSocketData (C:\Users\HP\OneDrive\Desktop\cni-main\cni-main\backend\node_modules\nodemailer\lib\smtp-connection\index.js:195:44)
    at TLSSocket.emit (node:events:508:28)
    at addChunk (node:internal/streams/readable:559:12)
    at readableAddChunkPushByteMode (node:internal/streams/readable:510:3)
    at TLSSocket.Readable.push (node:internal/streams/readable:390:5)
[2026-05-11 18:22:27] INFO: 📦 Connexion MySQL réussie
[2026-05-11 18:22:31] INFO: 🔄 Tables Sequelize vérifiées (création si absentes ; alter désactivé).
[2026-05-11 18:22:31] INFO: ✅ Connexion MySQL établie
[2026-05-11 18:22:31] INFO: 🚀 Serveur CNI démarré sur le port 5000
[2026-05-11 18:22:31] INFO: 📡 Environnement : development
[2026-05-11 18:22:31] INFO: 🌐 URL : http://localhost:5000
[2026-05-11 18:22:31] INFO: 📊 API Health : http://localhost:5000/api/health
[2026-05-11 18:22:31] INFO: 💬 Socket.IO : path /socket.io
[2026-05-11 18:24:57] ERROR: Error: queryA EBADNAME azer.mattoussi1@gmail.com
    at QueryReqWrap.onresolve [as oncomplete] (node:internal/dns/callback_resolver:45:19)
[2026-05-11 18:24:57] ERROR: Error: queryA EBADNAME azer.mattoussi1@gmail.com
    at QueryReqWrap.onresolve [as oncomplete] (node:internal/dns/callback_resolver:45:19)
[2026-05-11 18:42:17] INFO: 📦 Connexion MySQL réussie
[2026-05-11 18:42:21] INFO: 🔄 Tables Sequelize vérifiées (création si absentes ; alter désactivé).
[2026-05-11 18:42:21] INFO: ✅ Connexion MySQL établie
[2026-05-11 18:42:21] INFO: 🚀 Serveur CNI démarré sur le port 5000
[2026-05-11 18:42:21] INFO: 📡 Environnement : development
[2026-05-11 18:42:21] INFO: 🌐 URL : http://localhost:5000
[2026-05-11 18:42:21] INFO: 📊 API Health : http://localhost:5000/api/health
[2026-05-11 18:42:21] INFO: 💬 Socket.IO : path /socket.io
[2026-05-11 18:44:12] INFO: 📧 SMTP actif et vérifié : smtp.gmail.com:587 (azer.mattoussi1@gmail.com)
[2026-05-11 18:44:14] INFO: ✉️ Email envoyé à : azer.mattoussi2@gmail.com | Sujet : Code de vérification 15 min — CNI Stages
[2026-05-11 18:44:14] INFO: OTP envoyé à azer.mattoussi2@gmail.com (candidature)
[2026-05-11 18:44:50] INFO: CV DOCX: longueur=4227
[2026-05-11 18:44:51] WARN: Gemini: HTTP 429, retry 1/4 dans 1200 ms…
[2026-05-11 18:44:53] WARN: Gemini: HTTP 429, retry 2/4 dans 2400 ms…
[2026-05-11 18:44:55] WARN: Gemini: HTTP 429, retry 3/4 dans 4800 ms…
[2026-05-11 18:45:00] WARN: Gemini texte: HTTP 429 — {
  "error": {
    "code": 429,
    "message": "You exceeded your current quota, please check your plan and billing details. For more information on this error, head to: https://ai.google.dev/gemini-api/docs/rate-limits. To monitor your current usage, head to: https://ai.dev/rate-limit. \n* Quota exceeded for metric: generativelanguage.googleapis.com/generate_content_free_tier_input_token_count, l
[2026-05-11 18:45:01] INFO: 📝 Nouvelle candidature créée : mattoussi azer (#5)
[2026-05-11 18:45:01] INFO: [WORKFLOW] stage-candidature-reception | stagiaire#5 | soumission
[2026-05-11 18:45:02] INFO: ✉️ Email envoyé à : azer.mattoussi2@gmail.com | Sujet : ✅ Candidature reçue - CNI Stages
[2026-05-11 18:45:04] INFO: ✉️ Email envoyé à : rh@cni.tn | Sujet : 📋 Nouvelle candidature de stage - mattoussi azer
[2026-05-11 18:45:06] INFO: ✉️ Email envoyé à : manager.dev@cni.tn | Sujet : 📋 Nouvelle candidature pour votre département - mattoussi azer
[2026-05-11 18:45:35] INFO: ✅ Connexion réussie : rh@cni.tn (Direction_RH)
[2026-05-11 18:46:31] INFO: 👋 Déconnexion : utilisateur ID 1
[2026-05-11 18:46:52] INFO: ✅ Connexion réussie : manager.dev@cni.tn (Manager)
[2026-05-11 18:48:29] INFO: CV DOCX: longueur=4227
[2026-05-11 18:48:29] WARN: Gemini: HTTP 429, retry 1/4 dans 1200 ms…
[2026-05-11 18:48:31] WARN: Gemini: HTTP 429, retry 2/4 dans 2400 ms…
[2026-05-11 18:48:33] WARN: Gemini: HTTP 429, retry 3/4 dans 4800 ms…
[2026-05-11 18:48:38] WARN: Gemini texte: HTTP 429 — {
  "error": {
    "code": 429,
    "message": "You exceeded your current quota, please check your plan and billing details. For more information on this error, head to: https://ai.google.dev/gemini-api/docs/rate-limits. To monitor your current usage, head to: https://ai.dev/rate-limit. \n* Quota exceeded for metric: generativelanguage.googleapis.com/generate_content_free_tier_input_token_count, l
[2026-05-11 18:48:38] INFO: [WORKFLOW] stage-automation | stagiaire#5 | reanalyze_cv_ai
[2026-05-11 18:49:37] INFO: 👋 Déconnexion : utilisateur ID 2
[2026-05-11 18:50:05] INFO: ✅ Connexion réussie : rh@cni.tn (Direction_RH)
[2026-05-11 18:50:52] INFO: [WORKFLOW] stage-validation | stagiaire#5 | valide_rh
[2026-05-11 18:50:55] INFO: ✉️ Email envoyé à : azer.mattoussi2@gmail.com | Sujet : ✅ Candidature validée par la RH — en attente manager
[2026-05-11 18:50:56] INFO: ✉️ Email envoyé à : manager.dev@cni.tn | Sujet : 🔍 Candidature à valider - mattoussi azer
[2026-05-11 18:51:48] INFO: 👋 Déconnexion : utilisateur ID 1
[2026-05-11 18:51:55] INFO: ✅ Connexion réussie : manager.dev@cni.tn (Manager)
[2026-05-11 18:52:12] INFO: 📄 Convention générée : uploads/conventions/convention_5_1778518332832.pdf
[2026-05-11 18:52:14] INFO: ✉️ Email envoyé à : azer.mattoussi2@gmail.com | Sujet : 🎉 Candidature acceptée - Convention de stage CNI
[2026-05-11 18:52:14] INFO: ✅ Stage accepté : mattoussi azer (#5)
[2026-05-11 18:52:14] INFO: [WORKFLOW] stage-validation | stagiaire#5 | valide_manager
